index,category_name,category_id,question,answer,choice,additional
0,Scrambled Words,CV1,erte,tree;;rete,,
1,Scrambled Words,CV1,toab,boat,,
2,Scrambled Words,CV1,ocni,coin;;icon,,
3,Scrambled Words,CV1,kobo,book,,
4,Scrambled Words,CV1,malc,calm;;clam,,
5,Scrambled Words,CV1,dsle,sled,,
6,Scrambled Words,CV1,nlie,line;;lien,,
7,Scrambled Words,CV1,hifs,fish,,
8,Scrambled Words,CV1,vloe,love;;vole,,
9,Scrambled Words,CV1,dimn,mind,,
10,Scrambled Words,CV1,liml,mill,,
11,Scrambled Words,CV1,rowk,work,,
12,Scrambled Words,CV1,noge,gone,,
13,Scrambled Words,CV1,lubb,bulb,,
14,Scrambled Words,CV1,lapy,play;;paly,,
15,Scrambled Words,CV1,lilb,bill,,
16,Scrambled Words,CV1,omme,memo;;mome,,
17,Scrambled Words,CV1,plai,pail;;pial,,
18,Scrambled Words,CV1,ract,cart,,
19,Scrambled Words,CV1,taib,bait,,
20,Scrambled Words,CV1,dese,seed,,
21,Scrambled Words,CV1,donp,pond,,
22,Scrambled Words,CV1,uits,suit;;situ,,
23,Scrambled Words,CV1,foor,roof,,
24,Scrambled Words,CV1,yrea,year;;yare;;aery,,
25,Scrambled Words,CV1,phel,help,,
26,Scrambled Words,CV1,moev,move,,
27,Scrambled Words,CV1,toof,foot,,
28,Scrambled Words,CV1,hacs,cash,,
29,Scrambled Words,CV1,oksc,sock,,
30,Scrambled Words,CV1,lihl,hill,,
31,Scrambled Words,CV1,rocn,corn,,
32,Scrambled Words,CV1,arbn,barn;;bran,,
33,Scrambled Words,CV1,taeh,hate;;heat;;haet;;eath,,
34,Scrambled Words,CV1,kate,take;;teak,,
35,Scrambled Words,CV1,nurb,burn,,
36,Scrambled Words,CV1,dowr,word,,
37,Scrambled Words,CV1,misl,slim;;mils,,
38,Scrambled Words,CV1,eaid,idea;;aide,,
39,Scrambled Words,CV1,olok,look,,
40,Scrambled Words,CV1,tebe,beet,,
41,Scrambled Words,CV1,nowk,know,,
42,Scrambled Words,CV1,tath,that,,
43,Scrambled Words,CV1,riha,hair,,
44,Scrambled Words,CV1,tleb,belt,,
45,Scrambled Words,CV1,letl,tell,,
46,Scrambled Words,CV1,lipe,pile,,
47,Scrambled Words,CV1,hdan,hand,,
48,Scrambled Words,CV1,teri,tire;;tier;;rite,,
49,Scrambled Words,CV1,yitc,city,,
50,Hidden Words,CV2,EZIRTMODSLOWTSEXQILNECKBWOCJAKX,SLOW;;NECK,,
51,Hidden Words,CV2,ICTWREARMETUGDECKXERTBLEADEABLE,REAR;;DECK;;LEAD;;ABLE,,
52,Hidden Words,CV2,EPSOFEYTUQGLEKSIMGAMELAJYEWLLUO,GAME,,
53,Hidden Words,CV2,BANKIHFALHANDOGIVQBOATGDWYOPASS,BANK;;HANK;;BOAT;;PASS,,
54,Hidden Words,CV2,IGHRISEPUQUOIVICEAUNTXTALAXTHAT,RISE;;VICE;;AUNT;;THAT,,
55,Hidden Words,CV2,IFKZONEXKIMYOLKHSYTVBQHERLOSTHG,ZONE;;YOLK;;LOST,,
56,Hidden Words,CV2,VTSOTLATEHDNILASTTXZAPLGNIORTEZ,LATE;;LAST,,
57,Hidden Words,CV2,VNEXTQNIBCJAHWEVENWAKYOXPULLCTL,NEXT;;EVEN;;PULL,,
58,Hidden Words,CV2,BICZIGRUSOMELEBJCSUTBTHINKDARHI,SOME;;THIN,,
59,Hidden Words,CV2,TCYQNIYSMGONEYICUTELOHAEOYKNIZA,GONE;;CUTE,,
60,Hidden Words,CV2,RBCILIWENTCTGEHFTHARDGZIBYWPINK,WENT;;HARD;;PINK,,
61,Hidden Words,CV2,IHNOSEBQPLOTROPEPYUJEMWGIRLMTTZ,NOSE;;PLOT;;ROPE;;GIRL,,
62,Hidden Words,CV2,ASEBULLEGBULBGUSNOWLIVEDNOSEUHJ,BULL;;BULB;;SNOW;;LIVE;;NOSE,,
63,Hidden Words,CV2,RPOTYULOVEABWPFLEWEQIULJLMDDAZD,LOVE;;FLEW,,
64,Hidden Words,CV2,PARTDYZUHLNSERTHORNILOWORKQIEGS,PART;;HORN;;WORK,,
65,Hidden Words,CV2,FHOEKDOWNRPTUYBEMSTINXWBEVENUIV,DOWN;;EVEN,,
66,Hidden Words,CV2,PLAYICWKNMELHEATEZURISESOKJECXA,PLAY;;HEAT;;RISE,,
67,Hidden Words,CV2,DEHJIOIRTIHTVASRVQCASOLOTQUAJWB,SOLO,,
68,Hidden Words,CV2,POORHPYXZRQUIZUTOWNTMAKEESZNAVY,POOR;;QUIZ;;TOWN;;MAKE;;NAVY,,
69,Hidden Words,CV2,OWTHQOWEXVGBEGTHATDODTYURDIDNRO,THAT,,
70,Hidden Words,CV2,SZOWTHQOWEXVGBEGWHATDODTYURDIDN,WHAT,,
71,Hidden Words,CV2,ROFOURTSESXERGSXOTKNEEIBRLUTOBR,FOUR;;KNEE,,
72,Hidden Words,CV2,AUEKITFEPHEATULMLUFKLOUDNHCTROT,HEAT;;LOUD;;TROT,,
73,Hidden Words,CV2,DGJCAHWULMICSJWESTZSABESTKIWCAK,WEST;;BEST,,
74,Hidden Words,CV2,EDGEIWRBERUWPUSHQLTYZSHOPZATIQV,EDGE;;PUSH;;SHOP,,
75,Hidden Words,CV2,EKJTHEYEACHLHASOMEPLOTIDVAUOTXL,THEY;;EACH;;SOME;;PLOT,,
76,Hidden Words,CV2,RLFOOTNEXTEFKSARHOJENLESOUPHELP,FOOT;;NEXT;;SOUP;;HELP,,
77,Hidden Words,CV2,VKOICBULACKHPMYXRYOFLEWSACXTAXI,LACK;;FLEW;;TAXI,,
78,Hidden Words,CV2,RMOREGCALFLIBRMOKJUYHAVEIRZWAVE,MORE;;CALF;;HAVE;;WAVE,,
79,Hidden Words,CV2,COMESUYNITPARTKEHOWIQPSMEPIROEP,COME;;PART,,
80,Hidden Words,CV2,PWLNHANREWIDHATEOWQULDIMEIKSOKR,HATE;;DIME,,
81,Hidden Words,CV2,OPONDNDIUDSLOWMICJALSOKTWINIKNY,POND;;SLOW;;ALSO;;TWIN,,
82,Hidden Words,CV2,ESECUHIDEUVAHILAUBANKTREAIDISHT,HIDE;;BANK;;DISH,,
83,Hidden Words,CV2,DANTIRSGLTOTMEDJQUORPOCARDOVPYO,ANTI;;CARD,,
84,Hidden Words,CV2,RVEPMOYRNTOOKVSORDCBAJTZEWCEGXE,TOOK,,
85,Hidden Words,CV2,CALLESMOKPTHEYSIRKOICOATOFAXRAK,CALL;;THEY;;COAT,,
86,Hidden Words,CV2,OGIRLECVIOQUPGHICALLXOYKAEVILWX,GIRL;;CALL;;EVIL,,
87,Hidden Words,CV2,NRYOUREVROMPVOWOLFESALTTMGRINWM,YOUR;;ROMP;;WOLF;;SALT;;GRIN,,
88,Hidden Words,CV2,EJUYPQDOKTOLPQZDYHIGHKEPHFSGEIQ,HIGH,,
89,Hidden Words,CV2,MOSTOLICOSTLQUWOPAIRKOMLAROSKEV,MOST;;COST;;PAIR,,
90,Incomplete Words,CV3,_tam_,stamp,,
91,Incomplete Words,CV3,_qual_t_,equality,,
92,Incomplete Words,CV3,_rith__tic,arithmetic,,
93,Incomplete Words,CV3,_ir__ane,airplane,,
94,Incomplete Words,CV3,_rogra_,program,,
95,Incomplete Words,CV3,_ib__ty,liberty,,
96,Incomplete Words,CV3,_uit_ase,suitcase,,
97,Incomplete Words,CV3,_le__ant,pleasant;;elephant,,
98,Incomplete Words,CV3,_er_on__ity,personality,,
99,Incomplete Words,CV3,_dmin_st__tion,administration,,
100,Incomplete Words,CV3,_olle_e,college,,
101,Incomplete Words,CV3,_and_erchi__,handkerchief,,
102,Incomplete Words,CV3,_ene_it,benefit,,
103,Incomplete Words,CV3,_nc_clo_edia,encyclopedia,,
104,Incomplete Words,CV3,_ib_ary,library,,
105,Incomplete Words,CV3,_el_ful,helpful,,
106,Incomplete Words,CV3,_tt_tud_,attitude,,
107,Incomplete Words,CV3,_ar_a_e,garbage;;barrage,,
108,Incomplete Words,CV3,_du__tion,education,,
109,Incomplete Words,CV3,_of_ee,coffee,,
110,Incomplete Words,CV3,_ea__er,teacher;;leather;;heather;;learner;;yearner,,
111,Incomplete Words,CV3,_ub_ar__e,submarine,,
112,Incomplete Words,CV3,_is_o__tion,disposition;;dissolution,,
113,Incomplete Words,CV3,_ria__le,triangle,,
114,Incomplete Words,CV3,_ol_ntee_,volunteer,,
115,Incomplete Words,CV3,_lash_i_ht,flashlight,,
116,Incomplete Words,CV3,_oor_a_,doorway;;doorman,,
117,Incomplete Words,CV3,_ol__ay,holiday,,
118,Incomplete Words,CV3,_hoi_e,choice,,
119,Incomplete Words,CV3,_emo_y,memory,,
120,Incomplete Words,CV3,_er_or_ance,performance,,
121,Incomplete Words,CV3,_eha_ior,behavior,,
122,Incomplete Words,CV3,_ta_ue,statue,,
123,Incomplete Words,CV3,_tu_ent,student,,
124,Incomplete Words,CV3,_edu__ion,reduction;;deduction;;seduction,,
125,Incomplete Words,CV3,_ech__que,technique,,
126,Controlled Association Test,FA1,clear,absolute;;acquit;;audible;;bright;;certain;;cloudless;;complete;;diaphanous;;distinct;;empty;;explicit;;free;;graphic;;incisive;;innocent;;light;;limpid;;liquid;;logical;;1ucid;;luminous;;net;;obvious;;open;;orderly;;pass;;pellucid;;perceptive;;perspicuous;;plain;;positive;;remove;;resonant;;rid;;ringing;;sheer;;translucent;;transparent;;trenchant;;unambiguous;;unload;;unmistakable,,
127,Controlled Association Test,FA1,dark,abstruse;;ambiguous;;brunet;;cryptic;;darkling;;dim;;dismal;;dusk;;dusky;;enigmatic;;equivocal;;evil;;gloomy;;hidden;;ignorant;;lightless;;murky;;night;;obscure;;opaque;;secrecy;;shade;;sinister;;unenlightened;;uninformed;;vague,,
128,Controlled Association Test,FA1,strong,ardent;;clear;;cogent;;decided;;distinct;;drastic;;durable;;energetic;;firm;;forceful;;greatly;;hale;;healthy;;hearty;;intense;;lusty;;marked;;passionate;;persuasive;;potent;;powerful;;pronounced;;rank;;robust;;severely;;sound;;stalwart;;stout;;sturdy;;tenacious;;tough;;vehement;;vigorous，warm;;zealous,,
129,Controlled Association Test,FA1,wild,angry;;confusion;;crazed;;desolate;;disorderly;;dissipated;;eager;;enthusiastic;;immoral;;imprudent;;primitive;;reckless;;savage;;stormy;;turbulent;;unbridled;;uncivilized;;uninhibited;;untilled;;vexed;;visionary;;waste,,
130,Controlled Association Test,FA1,company,association;;band;;battery;;circle;;clique;;club;;companion;;coterie;;crew;;crowd;;flight;;group;;guest;;horde;;mob;;order;;partners;;party;;set;;society;;throng;;troop;;troupe;;visitor,,
131,Controlled Association Test,FA1,sharp,abrupt;;acute;;artful;;attentive;;beautiful;;biting;;brilliant;;brisk;;caustic;;clear;;clever;;cold;;crafty;;cunning;;cutting;;designing;;distinct;;exactly;;expert;;handsome;;impetuous;;incisive;;intense;;keen;;mordant;;peaked;;penetrating;;piercing;;precisely;;probing;;promptly;;pungent;;quick;;scathing;;severe;;shrewd;;shrill;;sly;;strong;;trenchant;;tricky;;uderhanded;;vigorous;;voiceless;;wily,,
132,Controlled Association Test,FA1,tell,acquaint;;announce;;appraise;;assure;;betray;;bewray;;command;;communicate;;count;;decide;;direct;;disclose;;discover;;discriminate;;distinguish;;divulge;;enumerate;;impart;;inform;;know;;narrate;;number;;order;;publish;;recognize;;recount;;rehearse;;relate;;report;;request;;reveal;;say;;utter,,
133,Controlled Association Test,FA1,turn,act;;affect;;aim;;apply;;aptitude;;avert;;become;;bend;;bent;;blunt;;bout;;change;;circle;;convert;;convolution;;curve;;deflect;;dement;;derange;;deviate;;direct;;distract;;divert;;drive;;eddy;;employ;;fit;;fold;;gift;;go;;gyrate;;invert;;pass;;pirouette;;pivot;;point;;ponder;;prejudice;;reach;;rebound;;recoil;;reel;;refer;;repel;;resort;;revolve;;rotate;;set;;sheer;;shift;;spin;;spell;;subject;;swirl;;talent;;tendency;;tour;;translate;;trend;;twirl;;twist;;upset;;walk;;wheel;;whirl,,
134,Opposites Test,FA2,CALM,agitated;;angry;;anxious;;busy;;convulsed;;discomposed;;disturbed;;excited;;frantic;;frenzied;;irritable;;itchy;;jumpy;;nervous;;noisy;;perturbed;;restless;;rocked;;rough;;seething;;shaken;;stormy;;tense;;unease;;untamed;;upset;;up-tight，wild,,
135,Opposites Test,FA2,WRONG,acceptable;;accurate;;alright;;appropriate;;correct;;exact;;fair;;fit;;good;;legal;;moral;;o.k.;;perfect;;precise;;proper;;right;;suitable,,
136,Opposites Test,FA2,FAIR,biased;;cheating;;crafty;;fool;;ill-favored;;inequitable;;intolerant;;partial;;prejudice;;prepossess;;sly;;swindletricky;;unfair;;ugly;;unjust;;unscrupulous,,
137,Opposites Test,FA2,AWKWARD,adept;;adroit;;agile;;balanced;;coordinated;;deft;;dexterous;;easy;;effortless;;facile;;graceful;;handy;;proficient;;simple;;skillful;;smooth;;stumbling,,
138,Opposites Test,FA2,LOYAL,faithless;;false;;perfidious;;treacherous,,
139,Opposites Test,FA2,FEARFUL,bold;;brave;;courageous;;enduring;;fearless;;gallant;;heroic;;resolute;;valorous,,
140,Opposites Test,FA2,GENTLE,barbarous;;bluff;;boisterous;;boorish;;brutish;;churlish;;clownish;;coarse;;gross;;harsh;;ill-mannered;;rough;;rude;;stormy;;uncouth;;uncultured;;unpolished;;vulgar;;wild,,
141,Opposites Test,FA2,UGLY,appealing;;attractive;;beautiful;;blooming;;captivating;;charming;;comely;;dainty;;dazzling;;delicate;;elegant;;fair;;fascinating;;gorgeous;;graceful;;grand;;handsome;;lovely;;neat;;nice;;pretty;;radiant;;refined;;sleek;;splendid;;trim,,
142,Figures Of Speech,FA3,The pans were shiny as:,"<LLMEval>Acceptable answers include any object or material which might reflect or emit light, e.g., gold, silver, polished chrome or brass,the sun,freshly washed crystal, reflections off a mirror, a dime, a lake, a new car, etc.",,
143,Figures Of Speech,FA3,The car went as fast as:,"<LLMEval>Acceptable answers include any object or animal which moves rapidly, e.g., a rocket, a comet, a flash, a bullet, lightening, sound, a jet, a cheetah, the wind, a streak, an arrow, etc. Do not credit slow moving objects or animals(e.g.,aturtle).",,
144,Figures Of Speech,FA3,The sky looked like:,"<LLMEval>Acceptable answers include anything that is typically blue, gray, black, (perhaps other colors) anything clear, and anything which might be a covering, e.g., a blue blanket, the sea, a giant roof, glass, a lake full of cotton, a gray ocean, smoke, an overturned bowl, etc. Do not credit heaven.",,
145,Figures Of Speech,FA3,The roar of the cannon was as loud as:,"<LLMEval>Acceptable answers include any noisy object or occurrence, e.g., sonic boom, explosion, thunder, train, a rocket blasting off, fireworks, a bomb exploding, a head-on collision, a Chinese gong, the roar of a lion, an engine backfiring, etc.Do not credit a gun.",,
146,Figures Of Speech,FA3,The smell of fresh bread was like:,"<LLMEval>Acceptable answers include anything which typically has a pleasant fragrance or has other pleasurable associations, e.g., spring, perfume, burnt leaves, roses, being back home, morning air, the beginning of a new day, a reminder of friends, ecstasy to the nose, the taste of good wine, a bouquet of flowers, an old memory, etc. Do not credit a bakery.",,
147,Figures Of Speech,FA3,The flowers smell as sweet as:,"<LLMEval>Acceptable answers include anything which typically has a pleasant fragrance, e.g., perfume, candy, honey, spring, etc. Do not credit the names of specific flowers.",,
148,Figures Of Speech,FA3,The fur was as soft as:,"<LLMEval>Acceptable answers include any object or material which does not have a harsh texture, e.g., silk, a feather, a cloud, a fresh marshmallow, baby's skin, velvet, etc. Do not credit a fur-bearing animal.",,
149,Figures Of Speech,FA3,The taste of the fruit was like:,"<LLMEval>Acceptable answers include anything typically sweet, tart, or sour, e.g., fine wine, honey, acid, bitter medicine, ambrosia, nectar, etc. Do not credit the names of specific fruits.",,
150,Figures Of Speech,FA3,The silence of the forest was like:,"<LLMEval>Acceptable answers include anything that is not noisy or which has quiet associations, e.g., the end of the world, death,a library, a morgue, a cemetary, a church, an undisturbed sleep, etc.",,
151,Figures Of Speech,FA3,The voice of the sea was like:,"<LLMEval>Acceptable answers include any object, person, or situation which is rhythmic or produces noise, e.g., thunder, the crash of a falling tree, the whisper of a lover, the roar of a crowd, a never-ending drumbeat, a caress, a crying child, a hammer, music, etc.",,
152,Making Sentences,FE1,L_*_*_F_,"<LLMEval>Acceptable answers are any grammatically correct and complete sentences. Examples of acceptable responses are: Looks like he fainted, Large but not fat, Lately we have failed, Life is a friend, Look at that face, Light can travel fast, Laughing is not funny, Life is really fantastic, Letters were mailed Friday, Large animals eat food, Land animals are furry, etc.",,
153,Making Sentences,FE1,T_*_*_H_,"<LLMEval>Acceptable answers are any grammatically correct and complete sentences. Examples of acceptable responses are: Thin but not huge, Tear down the house, The man was hated, The store was hospitable, They tried too hard, The girls are home, The boy ran home, Tomorrow I go home, Time can make hours, etc.",,
154,Making Sentences,FE1,S_*_A_*_,"<LLMEval>Acceptable answers are any grammatically correct and complete sentences. Examples of acceptable responses are: Shoot that awful animal, Some were already there, She ran away crying, Stop and ask her, She left after dinner, Someone is awful tired, She will arrive tomorrow, Silky girls are nice, Saturday is always fun, etc.",,
155,Making Sentences,FE1,*_F_W_*_T_,"<LLMEval>Acceptable answers are any grammatically correct and complete sentences. Examples ofacceptable responses are: This father was very thin, His frequent worries have terminated, His father went to town, Why fly with her tonight, My father went out Thursday, Leaves fall with autumn times, A fat watermelon ripened tonight, etc.",,
156,Making Sentences,FE1,S_*_*_E_*_,"<LLMEval>Acceptable answers are any grammatically correct and complete sentences. Examples of acceptable responses are: She was going east today, She sold a1l except two, She was hardly ever there, Send me some envelopes quick, Send a boy every day, So who really even cares, Sugar pie is everybody's favorite, Stop before you enter buildings, etc.",,
157,Making Sentences,FE1,*_E_*_*_E_,"<LLMEval>Acceptable answers are any grammatically correct and complete sentences. Examples of acceptable responses are: The eels swam around everywhere, The extra pay was enjoyed, She's even got an ear, Don't eat any wooden elephants, She enters my mind eventually, An earlybird spread an epidemic, Ten elephants ate twelve ears, etc.",,
158,Making Sentences,FE1,T_*_D_*_*_G_,"<LLMEval>Acceptable answers are any grammatically correct and complete sentences. Examples of acceptable responses are: Taking the dogs out seemed great, The boy's dog was almost grown, The weird dog has a gown, They went dashing towards the gate, To drink drinks is to guzzle, Tonight we'll dance again sweet girls, etc.",,
159,Making Sentences,FE1,*_F_L_*_G_P_,"<LLMEval>Acceptable answers are any grammatically correct and complete sentences. Examples of acceptable responses are: His friend loved the green pen, The first little man got paranoid, I feel like a guarded prisoner, A frank lie shows good personality, To find lost people get policemen, etc.",,
160,Making Sentences,FE1,E_*_D_*_*_R_,"<LLMEval>Acceptable answers are any grammatically correct and complete sentences. Examples of acceptable responses are: Every other day we went riding, Early one day I gathered roses, Each man doesn't have a rifle, Electric energy derives from atomic research, Elegant evening dresses are becoming rare, etc.",,
161,Making Sentences,FE1,*_G_*_B_*_B_,"<LLMEval>Acceptable answers are any grammatically correct and complete sentences. Examples of acceptable responses are: The girl and boy were bad, The garden was breathtaking and beautiful, When going out buy some bread, Every glad event brings memories back, etc.",,
162,Making Sentences,FE1,W_*_*_G_,"<LLMEval>Acceptable answers are any grammatically correct and complete sentences. Examples of acceptable responses are: Was it the ground, We all wore gloves, We believe in ghosts, Where did he go, why don't you go, What was the gain, Wooden turkeys taste good, Welcome to the gang, We left the gym, With help from God, etc.",,
163,Making Sentences,FE1,*_P_*_P_,"<LLMEval>Acceptable answers are any grammatically correct and complete sentences. Examples of acceptable responses are: He picked up peaches, He photographed the planetarium, The pig was plump, His pride was painting, I paid my parents, My parents are people, Does practice make perfect, I protest all protests, etc.",,
164,Making Sentences,FE1,T_*_D_*_,"<LLMEval>Acceptable answers are any grammatically correct and complete sentences. Examples of acceptable responses are: That was done yesterday, Three small deer leapt, Tigers have deadly claws, Take the dog out, Time is dead now, Tomorrow I die alive, Tomorrow is doing fine, The cat died once,To hold damage down, etc.",,
165,Making Sentences,FE1,T_*_I_*_*_,"<LLMEval>Acceptable answers are any grammatically correct and complete sentences. Examples of acceptable responses are: That night's illusion came today, That is inspected every day, The old Indian was sad, Ten men in a boat, Take the idea to him, They ran inside the house, Today we indicated our choice, Today I insist we march, etc.",,
166,Making Sentences,FE1,S_L_*_*_L_,"<LLMEval>Acceptable answers are any grammatically correct and complete sentences. Examples of acceptable responses are: She lost all her laundry, Some lions are very lazy, She loved to be lively, She looked at the lamp, She lent me some lipstick, So long my good lover, Soldiers live very short lives, Saturday's lunch is always late, etc.",,
167,Making Sentences,FE1,I_*_*_G_C_,"<LLMEval>Acceptable answers are any grammatically correct and complete sentences. Examples of acceptable responses are: Interviews were not granted customarily, Interesting stories make good conversation, It was ever growing colder, Important people keep gracious company, If someone shouts get clear, Independence is the government's constitution, etc.",,
168,Making Sentences,FE1,T_*_*_G_M_*_,"<LLMEval>Acceptable answers are any grammatically correct and complete sentences. Examples of acceptable responses are: The old and grateful man died, The alligator will grow much more, Take out the garbage my dear, They met some girls Monday night, Tomorrow I will go marching again, Tomorrow there's a grand Majong tournament, etc.",,
169,Making Sentences,FE1,A_*_R_*_*_S_,"<LLMEval>Acceptable answers are any grammatically correct and complete sentences. Examples of acceptable responses are: Ants will readily eat any sweets, A bomb was rigged to explode secretly, Always take richaunts pleasant surprises, Aren't you ready to go swimming, etc.",,
170,Making Sentences,FE1,T_O_*_W_*_E_,"<LLMEval>Acceptable answers are any grammatically correct and complete sentences. Examples of acceptable responses are: The other group went due east, Telephone operators often will wear earphones, The other day we rose early, Thin otters swim well and energetically, etc.",,
171,Making Sentences,FE1,Y_*_*_V_S_*_,"<LLMEval>Acceptable answers are any grammatically correct and complete sentences. Examples of acceptable responses are: Your flowers smell very sweet today, Young children are very short usually, You're on the varsity school team, You should be very successful today, etc.",,
172,Arranging Words,FE2,SISTER YEAR NEVER CATCH,"<LLMEval>Acceptable answers are any grammatically correct and complete sentences. Do not credit sentences which are alike except for one or two minor words (e.g·, This year my sister will never catch a man. Next year my sister will never catch a man). Do not credit sentences which use a different form of one of the specified words than is given (e.g., caught instead of catch).",,
173,Arranging Words,FE2,HAT FALSE TERRIBLY LIKE,"<LLMEval>Acceptable answers are any grammatically correct and complete sentences. Do not credit sentences which are alike except for one or two minor words (e.g·, This year my sister will never catch a man. Next year my sister will never catch a man). Do not credit sentences which use a different form of one of the specified words than is given (e.g., caught instead of catch).",,
174,Rewriting,FE3,"The heat of the summer was more seen than felt, making a gray smoky void where the valley used to be.","<LLMEval>Acceptable answers are sentences that have the same semantic meaning with this sentence: The heat of the summer was more seen than felt, making a gray smoky void where the valley used to be.",,
175,Rewriting,FE3,The liguid rays of sun spread across the desert filling the air with a glow of dancing dust.,<LLMEval>Acceptable answers are sentences that have the same semantic meaning with this sentence: The liguid rays of sun spread across the desert filling the air with a glow of dancing dust.,,
176,Rewriting,FE3,"After the gun was fired, the air was heavy with the smell of blood and powder fumes.","<LLMEval>Acceptable answers are sentences that have the same semantic meaning with this sentence: After the gun was fired, the air was heavy with the smell of blood and powder fumes.",,
177,Rewriting,FE3,From the flat red sea of sand rose great rocks resembling vast cathedrals.,<LLMEval>Acceptable answers are sentences that have the same semantic meaning with this sentence: From the flat red sea of sand rose great rocks resembling vast cathedrals.,,
178,Rewriting,FE3,"Everything about the man was hairy, from the beard and mop of curly hair to the dark patches smudging the backs of his hands.","<LLMEval>Acceptable answers are sentences that have the same semantic meaning with this sentence: Everything about the man was hairy, from the beard and mop of curly hair to the dark patches smudging the backs of his hands.",,
179,Rewriting,FE3,"The ice cream vendor drove slowly through the quiet streets, clanging his bell and watching the afternoon shadows lengthen.","<LLMEval>Acceptable answers are sentences that have the same semantic meaning with this sentence: The ice cream vendor drove slowly through the quiet streets, clanging his bell and watching the afternoon shadows lengthen.",,
180,Topics Test,FI1,A man going up a ladder,<LLMEval>Acceptable answers are any ideas about the topic: A man going up a ladder.,,
181,Topics Test,FI1,Crossing a stream,<LLMEval>Acceptable answers are any ideas about the topic: Crossing a stream.,,
182,Theme Test,FI2,A package,<LLMEval>Acceptable answers are any paragraphs about the theme: A package.,,
183,Theme Test,FI2,A locked door,<LLMEval>Acceptable answers are any paragraphs about the theme: A locked door.,,
184,Thing Categories Test,FI3,round,<LLMEval>Acceptable answers are any things that are always round or that are round more often.,,
185,Thing Categories Test,FI3,blue,<LLMEval>Acceptable answers are any things that are always blue or that are blue more often.,,
186,Word Ending Test,FW1,AY,<LLMEval>Acceptable answers are words that exist in common English.,,
187,Word Ending Test,FW1,OW,<LLMEval>Acceptable answers are words that exist in common English.,,
188,Word Beginnings Test,FW2,PRO,<LLMEval>Acceptable answers are words that exist in common English.,,
189,Word Beginnings Test,FW2,SUB,<LLMEval>Acceptable answers are words that exist in common English.,,
190,Word Beginnings And Endings Test,FW3,S;;P,<LLMEval>Acceptable answers are words that exist in common English.,,
191,Word Beginnings And Endings Test,FW3,G;;T,<LLMEval>Acceptable answers are words that exist in common English.,,
192,Letter Sets Test,I1,,A,QPPQ;;HGHH;;TTTU;;DDDE;;MLMM,
193,Letter Sets Test,I1,,D,BCDE;;FGHI;;JKLM;;PRST;;VWXY,
194,Letter Sets Test,I1,,D,BVZC;;FVZG;;JVZK;;PWXQ;;SVZT,
195,Letter Sets Test,I1,,C,BCEF;;FGIJ;;STWX;;CDFG;;PQST,
196,Letter Sets Test,I1,,B,BCCB;;GFFG;;LMML;;QRRQ;;WXXW,
197,Letter Sets Test,I1,,C,AAPP;;CCRR;;QQBB;;EETT;;DDSS,
198,Letter Sets Test,I1,,B,ABDC;;EGFH;;IJLK;;OPRQ;;UVXW,
199,Letter Sets Test,I1,,D,CERT;;KMTV;;FHXZ;;BODQ;;HJPR,
200,Letter Sets Test,I1,,E,PABQ;;SEFT;;VIJW;;COPD;;FUZG,
201,Letter Sets Test,I1,,D,CFCR;;JCVC;;CGCS;;CLXC;;KCWC,
202,Letter Sets Test,I1,,A,XDBK;;TNLL;;VEGV;;PFCC;;ZAGZ,
203,Letter Sets Test,I1,,D,CAEZ;;CEIZ;;CIOZ;;CGVZ;;CAUZ,
204,Letter Sets Test,I1,,A,VEBT;;XGDV;;ZIFX;;KXVH;;MZXJ,
205,Letter Sets Test,I1,,C,AFBG;;EJFK;;GKHM;;PSQT;;RWSX,
206,Letter Sets Test,I1,,C,KGDB;;DFIM;;KIFB;;HJMQ;;LHEC,
207,Letter Sets Test,I1,,E,ABCX;;EFGX;;IJKX;;OPQX;;UVWZ,
208,Letter Sets Test,I1,,B,LNLV;;DTFL;;CLNL;;HRLL;;LLWS,
209,Letter Sets Test,I1,,D,ABCE;;EFGI;;IJKM;;OPQT;;UVWY,
210,Letter Sets Test,I1,,C,GFFG;;DCCD;;STTS;;RQQR;;MLLM,
211,Letter Sets Test,I1,,D,DCDD;;HGHH;;MMLM;;QQQR;;WWVW,
212,Letter Sets Test,I1,,B,FEDC;;MKJI;;DCBA;;HGFE;;JIHG,
213,Letter Sets Test,I1,,B,BDBB;;BFDB;;BHBB;;BBJB;;BBLB,
214,Letter Sets Test,I1,,E,BDCE;;FHGI;;JLKM;;PRQS;;TVWU,
215,Letter Sets Test,I1,,E,BDEF;;FHIJ;;HJKL;;NPQR;;SVWX,
216,Letter Sets Test,I1,,E,NABQ;;PEFS;;RIJV;;GOPK;;CUWG,
217,Letter Sets Test,I1,,B,DEGF;;KLHJ;;NOQP;;PQSR;;TURS,
218,Letter Sets Test,I1,,A,AOUI;;CTZR;;JHTN;;PBRL;;RTVH,
219,Letter Sets Test,I1,,E,BEPW;;HJTX;;KNRZ;;KOSV;;WRPM,
220,Letter Sets Test,I1,,B,RRBR;;QQAR;;FTEF;;JXIJ;;SSCS,
221,Letter Sets Test,I1,,A,QIFB;;CGIJ;;BCOR;;ZRED;;JIFC,
222,Locations Test,I2,------- x------- ---- --<br>---- -x--- -- --- ------<br>--------------- --x-----<br>-------- ---x-----------<br>----1 2---3-- 4---5-----,C,1;;2;;3;;4;;5,
223,Locations Test,I2,--- ---- x--- ----------<br>------ x--- ------ -----<br>--------- -------- x- --<br>----- x--- ------- -----<br>1-- 2--- 3----- 4------5,C,1;;2;;3;;4;;5,
224,Locations Test,I2,--x- ---- ---- ---- ----<br>---- -x-- ---- ---- ----<br>---- ---- x--- ---- ----<br>---- ---- ---x ---- ----<br>--1- -2-- 3--- --4- ---5,D,1;;2;;3;;4;;5,
225,Locations Test,I2,----------- -- -x-------<br>-- -x-------------------<br>--------- ------- -x----<br>--- -------- -- -x------<br>-1---- 23- -4 -5--------,E,1;;2;;3;;4;;5,
226,Locations Test,I2,------- -x- ------ -----<br>-x- ------ --------- ---<br>----- ----- -x- --------<br>--- ------ --------- -x-<br>--1 -2- ---3 - -4- -5---,B,1;;2;;3;;4;;5,
227,Locations Test,I2,---- ----- ---x--- -- --<br>-x- --------- --- --- --<br>--------- --x-- --------<br>-- - ---- ----x---- ----<br>--1-- --2-- -34 --5-- --,B,1;;2;;3;;4;;5,
228,Locations Test,I2,----- --- ----- ---x ---<br>-----------x -----------<br>----- ------ -------x --<br>------ ----x -----------<br>---1---2 ----34 ----5 --,E,1;;2;;3;;4;;5,
229,Locations Test,I2,------------ - x--------<br>- x------ ---- ---------<br>------- ----- - x-------<br>--- - x----- ---- ------<br>1-- - 2-----3 4-- -5----,B,1;;2;;3;;4;;5,
230,Locations Test,I2,---- --- x ---- --- - --<br>---- - ---- --- x ------<br>------ -------- --- x --<br>-- ------ --- x - ------<br>---1 ---2 --3 4 --- 5 --,D,1;;2;;3;;4;;5,
231,Locations Test,I2,--- ----x-- ------- ----<br>-------x-- -- ----- ----<br>- --- ---x -------- ----<br>-- -- -- -x ----- ------<br>-- - 12-34- -5- --- ----,D,1;;2;;3;;4;;5,
232,Locations Test,I2,----- x-- -------- -----<br>-- x----- ---------- ---<br>------- x-------- ------<br>--- x--- --- --- --- ---<br>1-2 3----- 4------5 ----,C,1;;2;;3;;4;;5,
233,Locations Test,I2,--x ---- -------- ------<br>----x---- ------- ------<br>-- - -- -x---- -- ------<br>--------x--- ------ ----<br>--1 -- 2 --3 - 4--5-----,D,1;;2;;3;;4;;5,
234,Locations Test,I2,x---- --------- -- -- --<br>------- x-- -------- ---<br>--- --- x--------- -----<br>---- ------ ----- x-----<br>1-- 2-- 3-- 4------ 5---,E,1;;2;;3;;4;;5,
235,Locations Test,I2,------ --- --- ---x-----<br>---x------ ------- -----<br>--- ------- ---x----- --<br>-- - ---x---------------<br>-1- ---2---3 ---4---5---,D,1;;2;;3;;4;;5,
236,Locations Test,I2,----- --------- --x-- --<br>------ -----x----- -----<br>----- ---- ---x--- -----<br>-- --x-- ---------------<br>12- ----3---- ---4---5--,C,1;;2;;3;;4;;5,
237,Locations Test,I2,---- ---- -- -------- x-<br>-- ------------- x- ----<br>-- x- ----- ----- -- ---<br>--- -- --- x- --- ------<br>1-- 2- ---- 3- -4------5,C,1;;2;;3;;4;;5,
238,Locations Test,I2,------ ---- ------- --x-<br>--- -- ------ ----x -- -<br>-- ----------- -x- - ---<br>-- -- -- -- x- -- - - --<br>--- -----1234-5 ----- --,D,1;;2;;3;;4;;5,
239,Locations Test,I2,--- ------- --x----- ---<br>-- -- --x --- -------- -<br>--------- --------- --x-<br>---- ------- --x----- --<br>---12- --3- --4 ------5-,D,1;;2;;3;;4;;5,
240,Locations Test,I2,-- ----- -x --- --- ----<br>----x ---- ------- -----<br>--- ---x ------- -- ----<br>-----------x ---- -- ---<br>- -----1 2--3 4----5- --,A,1;;2;;3;;4;;5,
241,Locations Test,I2,----- ---------x --- ---<br>-------------x --- -----<br>--- -- ---- -----------x<br>-- ------------x --- ---<br>-- -1 --2- 3-------4-5 -,E,1;;2;;3;;4;;5,
242,Locations Test,I2,x---------- ------------<br>------------- --------x-<br>--x------ --------------<br>-------------- -----x---<br>1---2------3--- ---4-5--,B,1;;2;;3;;4;;5,
243,Locations Test,I2,------x --- ------ -----<br>-x --- - ------- -------<br>----- -- ----x --- -----<br>----------- -----x --- -<br>-- 1- ----2 --3 ---4---5,B,1;;2;;3;;4;;5,
244,Locations Test,I2,------------- ----- ---x<br>--------- ---- x--------<br>----- ------x ----------<br>-------- ----- x---- ---<br>1------- 2---3 4---- --5,C,1;;2;;3;;4;;5,
245,Locations Test,I2,x--- - - ---- -- -------<br>- x---- ------- ---- ---<br>- - x -------------- - -<br>---x--- --- ------------<br>1- - -2 3- ---- -4 5----,B,1;;2;;3;;4;;5,
246,Locations Test,I2,-x- --- --- --- --- ----<br>---------- --x-- --- ---<br>--- --- -x- --- --- ----<br>-- ------- -- ---x--- --<br>-1--- -2- -3- --- -4- -5,D,1;;2;;3;;4;;5,
247,Locations Test,I2,-- - --------- x- - ----<br>---- ---- - -x --- --- -<br>------ - -- --- - -x ---<br>x- - ------ --------- --<br>1- 2- - --- 3- - -4-- 5-,C,1;;2;;3;;4;;5,
248,Locations Test,I2,----x-- --------- ------<br>-------- -------x-- - --<br>- -----x-- -- ----------<br>----- ---- --x-- ---- --<br>--1-- --2-- 3--4 ---5---,B,1;;2;;3;;4;;5,
249,Locations Test,I2,-------x------- --- ----<br>----- --x-- ------------<br>--x-- ---------- -------<br>----- ----x---- ---- ---<br>--1-- 2---3---4 --- - 5-,A,1;;2;;3;;4;;5,
250,Objest-Number Test,MA2,coat,49,,tree: 58<br>floor: 29<br>chair: 33<br>wall: 56<br>shoe: 17<br>table: 78<br>coat: 49<br>roof: 22<br>dish: 36<br>pillow: 43<br>post: 65<br>tile: 35<br>plate: 26<br>shade: 40<br>rock: 62<br>mop: 23<br>jacket: 18<br>brick: 54<br>mat: 31<br>board: 14<br>cup: 77<br>bush: 37<br>clip: 42<br>spoon: 63<br>piano: 28<br>bed: 59<br>ceiling: 82<br>vase: 44<br>poker: 13<br>razor: 91
251,Objest-Number Test,MA2,post,65,,tree: 58<br>floor: 29<br>chair: 33<br>wall: 56<br>shoe: 17<br>table: 78<br>coat: 49<br>roof: 22<br>dish: 36<br>pillow: 43<br>post: 65<br>tile: 35<br>plate: 26<br>shade: 40<br>rock: 62<br>mop: 23<br>jacket: 18<br>brick: 54<br>mat: 31<br>board: 14<br>cup: 77<br>bush: 37<br>clip: 42<br>spoon: 63<br>piano: 28<br>bed: 59<br>ceiling: 82<br>vase: 44<br>poker: 13<br>razor: 92
252,Objest-Number Test,MA2,pillow,43,,tree: 58<br>floor: 29<br>chair: 33<br>wall: 56<br>shoe: 17<br>table: 78<br>coat: 49<br>roof: 22<br>dish: 36<br>pillow: 43<br>post: 65<br>tile: 35<br>plate: 26<br>shade: 40<br>rock: 62<br>mop: 23<br>jacket: 18<br>brick: 54<br>mat: 31<br>board: 14<br>cup: 77<br>bush: 37<br>clip: 42<br>spoon: 63<br>piano: 28<br>bed: 59<br>ceiling: 82<br>vase: 44<br>poker: 13<br>razor: 93
253,Objest-Number Test,MA2,floor,29,,tree: 58<br>floor: 29<br>chair: 33<br>wall: 56<br>shoe: 17<br>table: 78<br>coat: 49<br>roof: 22<br>dish: 36<br>pillow: 43<br>post: 65<br>tile: 35<br>plate: 26<br>shade: 40<br>rock: 62<br>mop: 23<br>jacket: 18<br>brick: 54<br>mat: 31<br>board: 14<br>cup: 77<br>bush: 37<br>clip: 42<br>spoon: 63<br>piano: 28<br>bed: 59<br>ceiling: 82<br>vase: 44<br>poker: 13<br>razor: 94
254,Objest-Number Test,MA2,shoe,17,,tree: 58<br>floor: 29<br>chair: 33<br>wall: 56<br>shoe: 17<br>table: 78<br>coat: 49<br>roof: 22<br>dish: 36<br>pillow: 43<br>post: 65<br>tile: 35<br>plate: 26<br>shade: 40<br>rock: 62<br>mop: 23<br>jacket: 18<br>brick: 54<br>mat: 31<br>board: 14<br>cup: 77<br>bush: 37<br>clip: 42<br>spoon: 63<br>piano: 28<br>bed: 59<br>ceiling: 82<br>vase: 44<br>poker: 13<br>razor: 95
255,Objest-Number Test,MA2,shade,40,,tree: 58<br>floor: 29<br>chair: 33<br>wall: 56<br>shoe: 17<br>table: 78<br>coat: 49<br>roof: 22<br>dish: 36<br>pillow: 43<br>post: 65<br>tile: 35<br>plate: 26<br>shade: 40<br>rock: 62<br>mop: 23<br>jacket: 18<br>brick: 54<br>mat: 31<br>board: 14<br>cup: 77<br>bush: 37<br>clip: 42<br>spoon: 63<br>piano: 28<br>bed: 59<br>ceiling: 82<br>vase: 44<br>poker: 13<br>razor: 96
256,Objest-Number Test,MA2,tile,35,,tree: 58<br>floor: 29<br>chair: 33<br>wall: 56<br>shoe: 17<br>table: 78<br>coat: 49<br>roof: 22<br>dish: 36<br>pillow: 43<br>post: 65<br>tile: 35<br>plate: 26<br>shade: 40<br>rock: 62<br>mop: 23<br>jacket: 18<br>brick: 54<br>mat: 31<br>board: 14<br>cup: 77<br>bush: 37<br>clip: 42<br>spoon: 63<br>piano: 28<br>bed: 59<br>ceiling: 82<br>vase: 44<br>poker: 13<br>razor: 97
257,Objest-Number Test,MA2,roof,22,,tree: 58<br>floor: 29<br>chair: 33<br>wall: 56<br>shoe: 17<br>table: 78<br>coat: 49<br>roof: 22<br>dish: 36<br>pillow: 43<br>post: 65<br>tile: 35<br>plate: 26<br>shade: 40<br>rock: 62<br>mop: 23<br>jacket: 18<br>brick: 54<br>mat: 31<br>board: 14<br>cup: 77<br>bush: 37<br>clip: 42<br>spoon: 63<br>piano: 28<br>bed: 59<br>ceiling: 82<br>vase: 44<br>poker: 13<br>razor: 98
258,Objest-Number Test,MA2,wall,56,,tree: 58<br>floor: 29<br>chair: 33<br>wall: 56<br>shoe: 17<br>table: 78<br>coat: 49<br>roof: 22<br>dish: 36<br>pillow: 43<br>post: 65<br>tile: 35<br>plate: 26<br>shade: 40<br>rock: 62<br>mop: 23<br>jacket: 18<br>brick: 54<br>mat: 31<br>board: 14<br>cup: 77<br>bush: 37<br>clip: 42<br>spoon: 63<br>piano: 28<br>bed: 59<br>ceiling: 82<br>vase: 44<br>poker: 13<br>razor: 99
259,Objest-Number Test,MA2,rock,62,,tree: 58<br>floor: 29<br>chair: 33<br>wall: 56<br>shoe: 17<br>table: 78<br>coat: 49<br>roof: 22<br>dish: 36<br>pillow: 43<br>post: 65<br>tile: 35<br>plate: 26<br>shade: 40<br>rock: 62<br>mop: 23<br>jacket: 18<br>brick: 54<br>mat: 31<br>board: 14<br>cup: 77<br>bush: 37<br>clip: 42<br>spoon: 63<br>piano: 28<br>bed: 59<br>ceiling: 82<br>vase: 44<br>poker: 13<br>razor: 100
260,Objest-Number Test,MA2,tree,58,,tree: 58<br>floor: 29<br>chair: 33<br>wall: 56<br>shoe: 17<br>table: 78<br>coat: 49<br>roof: 22<br>dish: 36<br>pillow: 43<br>post: 65<br>tile: 35<br>plate: 26<br>shade: 40<br>rock: 62<br>mop: 23<br>jacket: 18<br>brick: 54<br>mat: 31<br>board: 14<br>cup: 77<br>bush: 37<br>clip: 42<br>spoon: 63<br>piano: 28<br>bed: 59<br>ceiling: 82<br>vase: 44<br>poker: 13<br>razor: 101
261,Objest-Number Test,MA2,chair,33,,tree: 58<br>floor: 29<br>chair: 33<br>wall: 56<br>shoe: 17<br>table: 78<br>coat: 49<br>roof: 22<br>dish: 36<br>pillow: 43<br>post: 65<br>tile: 35<br>plate: 26<br>shade: 40<br>rock: 62<br>mop: 23<br>jacket: 18<br>brick: 54<br>mat: 31<br>board: 14<br>cup: 77<br>bush: 37<br>clip: 42<br>spoon: 63<br>piano: 28<br>bed: 59<br>ceiling: 82<br>vase: 44<br>poker: 13<br>razor: 102
262,Objest-Number Test,MA2,plate,26,,tree: 58<br>floor: 29<br>chair: 33<br>wall: 56<br>shoe: 17<br>table: 78<br>coat: 49<br>roof: 22<br>dish: 36<br>pillow: 43<br>post: 65<br>tile: 35<br>plate: 26<br>shade: 40<br>rock: 62<br>mop: 23<br>jacket: 18<br>brick: 54<br>mat: 31<br>board: 14<br>cup: 77<br>bush: 37<br>clip: 42<br>spoon: 63<br>piano: 28<br>bed: 59<br>ceiling: 82<br>vase: 44<br>poker: 13<br>razor: 103
263,Objest-Number Test,MA2,dish,36,,tree: 58<br>floor: 29<br>chair: 33<br>wall: 56<br>shoe: 17<br>table: 78<br>coat: 49<br>roof: 22<br>dish: 36<br>pillow: 43<br>post: 65<br>tile: 35<br>plate: 26<br>shade: 40<br>rock: 62<br>mop: 23<br>jacket: 18<br>brick: 54<br>mat: 31<br>board: 14<br>cup: 77<br>bush: 37<br>clip: 42<br>spoon: 63<br>piano: 28<br>bed: 59<br>ceiling: 82<br>vase: 44<br>poker: 13<br>razor: 104
264,Objest-Number Test,MA2,table,78,,tree: 58<br>floor: 29<br>chair: 33<br>wall: 56<br>shoe: 17<br>table: 78<br>coat: 49<br>roof: 22<br>dish: 36<br>pillow: 43<br>post: 65<br>tile: 35<br>plate: 26<br>shade: 40<br>rock: 62<br>mop: 23<br>jacket: 18<br>brick: 54<br>mat: 31<br>board: 14<br>cup: 77<br>bush: 37<br>clip: 42<br>spoon: 63<br>piano: 28<br>bed: 59<br>ceiling: 82<br>vase: 44<br>poker: 13<br>razor: 105
265,Objest-Number Test,MA2,mat,31,,tree: 58<br>floor: 29<br>chair: 33<br>wall: 56<br>shoe: 17<br>table: 78<br>coat: 49<br>roof: 22<br>dish: 36<br>pillow: 43<br>post: 65<br>tile: 35<br>plate: 26<br>shade: 40<br>rock: 62<br>mop: 23<br>jacket: 18<br>brick: 54<br>mat: 31<br>board: 14<br>cup: 77<br>bush: 37<br>clip: 42<br>spoon: 63<br>piano: 28<br>bed: 59<br>ceiling: 82<br>vase: 44<br>poker: 13<br>razor: 106
266,Objest-Number Test,MA2,clip,42,,tree: 58<br>floor: 29<br>chair: 33<br>wall: 56<br>shoe: 17<br>table: 78<br>coat: 49<br>roof: 22<br>dish: 36<br>pillow: 43<br>post: 65<br>tile: 35<br>plate: 26<br>shade: 40<br>rock: 62<br>mop: 23<br>jacket: 18<br>brick: 54<br>mat: 31<br>board: 14<br>cup: 77<br>bush: 37<br>clip: 42<br>spoon: 63<br>piano: 28<br>bed: 59<br>ceiling: 82<br>vase: 44<br>poker: 13<br>razor: 107
267,Objest-Number Test,MA2,poker,13,,tree: 58<br>floor: 29<br>chair: 33<br>wall: 56<br>shoe: 17<br>table: 78<br>coat: 49<br>roof: 22<br>dish: 36<br>pillow: 43<br>post: 65<br>tile: 35<br>plate: 26<br>shade: 40<br>rock: 62<br>mop: 23<br>jacket: 18<br>brick: 54<br>mat: 31<br>board: 14<br>cup: 77<br>bush: 37<br>clip: 42<br>spoon: 63<br>piano: 28<br>bed: 59<br>ceiling: 82<br>vase: 44<br>poker: 13<br>razor: 108
268,Objest-Number Test,MA2,board,14,,tree: 58<br>floor: 29<br>chair: 33<br>wall: 56<br>shoe: 17<br>table: 78<br>coat: 49<br>roof: 22<br>dish: 36<br>pillow: 43<br>post: 65<br>tile: 35<br>plate: 26<br>shade: 40<br>rock: 62<br>mop: 23<br>jacket: 18<br>brick: 54<br>mat: 31<br>board: 14<br>cup: 77<br>bush: 37<br>clip: 42<br>spoon: 63<br>piano: 28<br>bed: 59<br>ceiling: 82<br>vase: 44<br>poker: 13<br>razor: 109
269,Objest-Number Test,MA2,ceiling,82,,tree: 58<br>floor: 29<br>chair: 33<br>wall: 56<br>shoe: 17<br>table: 78<br>coat: 49<br>roof: 22<br>dish: 36<br>pillow: 43<br>post: 65<br>tile: 35<br>plate: 26<br>shade: 40<br>rock: 62<br>mop: 23<br>jacket: 18<br>brick: 54<br>mat: 31<br>board: 14<br>cup: 77<br>bush: 37<br>clip: 42<br>spoon: 63<br>piano: 28<br>bed: 59<br>ceiling: 82<br>vase: 44<br>poker: 13<br>razor: 110
270,Objest-Number Test,MA2,spoon,63,,tree: 58<br>floor: 29<br>chair: 33<br>wall: 56<br>shoe: 17<br>table: 78<br>coat: 49<br>roof: 22<br>dish: 36<br>pillow: 43<br>post: 65<br>tile: 35<br>plate: 26<br>shade: 40<br>rock: 62<br>mop: 23<br>jacket: 18<br>brick: 54<br>mat: 31<br>board: 14<br>cup: 77<br>bush: 37<br>clip: 42<br>spoon: 63<br>piano: 28<br>bed: 59<br>ceiling: 82<br>vase: 44<br>poker: 13<br>razor: 111
271,Objest-Number Test,MA2,vase,44,,tree: 58<br>floor: 29<br>chair: 33<br>wall: 56<br>shoe: 17<br>table: 78<br>coat: 49<br>roof: 22<br>dish: 36<br>pillow: 43<br>post: 65<br>tile: 35<br>plate: 26<br>shade: 40<br>rock: 62<br>mop: 23<br>jacket: 18<br>brick: 54<br>mat: 31<br>board: 14<br>cup: 77<br>bush: 37<br>clip: 42<br>spoon: 63<br>piano: 28<br>bed: 59<br>ceiling: 82<br>vase: 44<br>poker: 13<br>razor: 112
272,Objest-Number Test,MA2,mop,23,,tree: 58<br>floor: 29<br>chair: 33<br>wall: 56<br>shoe: 17<br>table: 78<br>coat: 49<br>roof: 22<br>dish: 36<br>pillow: 43<br>post: 65<br>tile: 35<br>plate: 26<br>shade: 40<br>rock: 62<br>mop: 23<br>jacket: 18<br>brick: 54<br>mat: 31<br>board: 14<br>cup: 77<br>bush: 37<br>clip: 42<br>spoon: 63<br>piano: 28<br>bed: 59<br>ceiling: 82<br>vase: 44<br>poker: 13<br>razor: 113
273,Objest-Number Test,MA2,cup,77,,tree: 58<br>floor: 29<br>chair: 33<br>wall: 56<br>shoe: 17<br>table: 78<br>coat: 49<br>roof: 22<br>dish: 36<br>pillow: 43<br>post: 65<br>tile: 35<br>plate: 26<br>shade: 40<br>rock: 62<br>mop: 23<br>jacket: 18<br>brick: 54<br>mat: 31<br>board: 14<br>cup: 77<br>bush: 37<br>clip: 42<br>spoon: 63<br>piano: 28<br>bed: 59<br>ceiling: 82<br>vase: 44<br>poker: 13<br>razor: 114
274,Objest-Number Test,MA2,bed,59,,tree: 58<br>floor: 29<br>chair: 33<br>wall: 56<br>shoe: 17<br>table: 78<br>coat: 49<br>roof: 22<br>dish: 36<br>pillow: 43<br>post: 65<br>tile: 35<br>plate: 26<br>shade: 40<br>rock: 62<br>mop: 23<br>jacket: 18<br>brick: 54<br>mat: 31<br>board: 14<br>cup: 77<br>bush: 37<br>clip: 42<br>spoon: 63<br>piano: 28<br>bed: 59<br>ceiling: 82<br>vase: 44<br>poker: 13<br>razor: 115
275,Objest-Number Test,MA2,bush,37,,tree: 58<br>floor: 29<br>chair: 33<br>wall: 56<br>shoe: 17<br>table: 78<br>coat: 49<br>roof: 22<br>dish: 36<br>pillow: 43<br>post: 65<br>tile: 35<br>plate: 26<br>shade: 40<br>rock: 62<br>mop: 23<br>jacket: 18<br>brick: 54<br>mat: 31<br>board: 14<br>cup: 77<br>bush: 37<br>clip: 42<br>spoon: 63<br>piano: 28<br>bed: 59<br>ceiling: 82<br>vase: 44<br>poker: 13<br>razor: 116
276,Objest-Number Test,MA2,jacket,18,,tree: 58<br>floor: 29<br>chair: 33<br>wall: 56<br>shoe: 17<br>table: 78<br>coat: 49<br>roof: 22<br>dish: 36<br>pillow: 43<br>post: 65<br>tile: 35<br>plate: 26<br>shade: 40<br>rock: 62<br>mop: 23<br>jacket: 18<br>brick: 54<br>mat: 31<br>board: 14<br>cup: 77<br>bush: 37<br>clip: 42<br>spoon: 63<br>piano: 28<br>bed: 59<br>ceiling: 82<br>vase: 44<br>poker: 13<br>razor: 117
277,Objest-Number Test,MA2,razor,91,,tree: 58<br>floor: 29<br>chair: 33<br>wall: 56<br>shoe: 17<br>table: 78<br>coat: 49<br>roof: 22<br>dish: 36<br>pillow: 43<br>post: 65<br>tile: 35<br>plate: 26<br>shade: 40<br>rock: 62<br>mop: 23<br>jacket: 18<br>brick: 54<br>mat: 31<br>board: 14<br>cup: 77<br>bush: 37<br>clip: 42<br>spoon: 63<br>piano: 28<br>bed: 59<br>ceiling: 82<br>vase: 44<br>poker: 13<br>razor: 118
278,Objest-Number Test,MA2,piano,28,,tree: 58<br>floor: 29<br>chair: 33<br>wall: 56<br>shoe: 17<br>table: 78<br>coat: 49<br>roof: 22<br>dish: 36<br>pillow: 43<br>post: 65<br>tile: 35<br>plate: 26<br>shade: 40<br>rock: 62<br>mop: 23<br>jacket: 18<br>brick: 54<br>mat: 31<br>board: 14<br>cup: 77<br>bush: 37<br>clip: 42<br>spoon: 63<br>piano: 28<br>bed: 59<br>ceiling: 82<br>vase: 44<br>poker: 13<br>razor: 119
279,Objest-Number Test,MA2,brick,54,,tree: 58<br>floor: 29<br>chair: 33<br>wall: 56<br>shoe: 17<br>table: 78<br>coat: 49<br>roof: 22<br>dish: 36<br>pillow: 43<br>post: 65<br>tile: 35<br>plate: 26<br>shade: 40<br>rock: 62<br>mop: 23<br>jacket: 18<br>brick: 54<br>mat: 31<br>board: 14<br>cup: 77<br>bush: 37<br>clip: 42<br>spoon: 63<br>piano: 28<br>bed: 59<br>ceiling: 82<br>vase: 44<br>poker: 13<br>razor: 120
280,First And Last Name Test,MA3,Nichols,Edward,,Claire Sullivan<br>Jack Thompson<br>Leon Chapin<br>John Reynolds<br>Joan White<br>Donald Lambert<br>Daniel Shaw<br>Kenneth Murray<br>Edward Nichols<br>Jean Wolfe<br>Carl Brown<br>Blanche Clark<br>Roger Lennon<br>Eloise Cooper<br>David Burgess<br>Walter Price<br>Robert Sweeney<br>Leo Wells<br>Shirley Watson<br>Barbara Lombard<br>Joseph Hall<br>Edith Manning<br>Bruce Green<br>James O'Donnell<br>Irene Buchanan<br>Stella Page<br>Judy Shea<br>Priscilla Bardon<br>Stanley Rhodes<br>Susan Tracy
281,First And Last Name Test,MA3,Cooper,Eloise,,Claire Sullivan<br>Jack Thompson<br>Leon Chapin<br>John Reynolds<br>Joan White<br>Donald Lambert<br>Daniel Shaw<br>Kenneth Murray<br>Edward Nichols<br>Jean Wolfe<br>Carl Brown<br>Blanche Clark<br>Roger Lennon<br>Eloise Cooper<br>David Burgess<br>Walter Price<br>Robert Sweeney<br>Leo Wells<br>Shirley Watson<br>Barbara Lombard<br>Joseph Hall<br>Edith Manning<br>Bruce Green<br>James O'Donnell<br>Irene Buchanan<br>Stella Page<br>Judy Shea<br>Priscilla Bardon<br>Stanley Rhodes<br>Susan Tracy
282,First And Last Name Test,MA3,Murray,Kenneth,,Claire Sullivan<br>Jack Thompson<br>Leon Chapin<br>John Reynolds<br>Joan White<br>Donald Lambert<br>Daniel Shaw<br>Kenneth Murray<br>Edward Nichols<br>Jean Wolfe<br>Carl Brown<br>Blanche Clark<br>Roger Lennon<br>Eloise Cooper<br>David Burgess<br>Walter Price<br>Robert Sweeney<br>Leo Wells<br>Shirley Watson<br>Barbara Lombard<br>Joseph Hall<br>Edith Manning<br>Bruce Green<br>James O'Donnell<br>Irene Buchanan<br>Stella Page<br>Judy Shea<br>Priscilla Bardon<br>Stanley Rhodes<br>Susan Tracy
283,First And Last Name Test,MA3,Chapin,Leon,,Claire Sullivan<br>Jack Thompson<br>Leon Chapin<br>John Reynolds<br>Joan White<br>Donald Lambert<br>Daniel Shaw<br>Kenneth Murray<br>Edward Nichols<br>Jean Wolfe<br>Carl Brown<br>Blanche Clark<br>Roger Lennon<br>Eloise Cooper<br>David Burgess<br>Walter Price<br>Robert Sweeney<br>Leo Wells<br>Shirley Watson<br>Barbara Lombard<br>Joseph Hall<br>Edith Manning<br>Bruce Green<br>James O'Donnell<br>Irene Buchanan<br>Stella Page<br>Judy Shea<br>Priscilla Bardon<br>Stanley Rhodes<br>Susan Tracy
284,First And Last Name Test,MA3,Brown,Carl,,Claire Sullivan<br>Jack Thompson<br>Leon Chapin<br>John Reynolds<br>Joan White<br>Donald Lambert<br>Daniel Shaw<br>Kenneth Murray<br>Edward Nichols<br>Jean Wolfe<br>Carl Brown<br>Blanche Clark<br>Roger Lennon<br>Eloise Cooper<br>David Burgess<br>Walter Price<br>Robert Sweeney<br>Leo Wells<br>Shirley Watson<br>Barbara Lombard<br>Joseph Hall<br>Edith Manning<br>Bruce Green<br>James O'Donnell<br>Irene Buchanan<br>Stella Page<br>Judy Shea<br>Priscilla Bardon<br>Stanley Rhodes<br>Susan Tracy
285,First And Last Name Test,MA3,Reynolds,John,,Claire Sullivan<br>Jack Thompson<br>Leon Chapin<br>John Reynolds<br>Joan White<br>Donald Lambert<br>Daniel Shaw<br>Kenneth Murray<br>Edward Nichols<br>Jean Wolfe<br>Carl Brown<br>Blanche Clark<br>Roger Lennon<br>Eloise Cooper<br>David Burgess<br>Walter Price<br>Robert Sweeney<br>Leo Wells<br>Shirley Watson<br>Barbara Lombard<br>Joseph Hall<br>Edith Manning<br>Bruce Green<br>James O'Donnell<br>Irene Buchanan<br>Stella Page<br>Judy Shea<br>Priscilla Bardon<br>Stanley Rhodes<br>Susan Tracy
286,First And Last Name Test,MA3,Sullivan,Claire,,Claire Sullivan<br>Jack Thompson<br>Leon Chapin<br>John Reynolds<br>Joan White<br>Donald Lambert<br>Daniel Shaw<br>Kenneth Murray<br>Edward Nichols<br>Jean Wolfe<br>Carl Brown<br>Blanche Clark<br>Roger Lennon<br>Eloise Cooper<br>David Burgess<br>Walter Price<br>Robert Sweeney<br>Leo Wells<br>Shirley Watson<br>Barbara Lombard<br>Joseph Hall<br>Edith Manning<br>Bruce Green<br>James O'Donnell<br>Irene Buchanan<br>Stella Page<br>Judy Shea<br>Priscilla Bardon<br>Stanley Rhodes<br>Susan Tracy
287,First And Last Name Test,MA3,Lennon,Roger,,Claire Sullivan<br>Jack Thompson<br>Leon Chapin<br>John Reynolds<br>Joan White<br>Donald Lambert<br>Daniel Shaw<br>Kenneth Murray<br>Edward Nichols<br>Jean Wolfe<br>Carl Brown<br>Blanche Clark<br>Roger Lennon<br>Eloise Cooper<br>David Burgess<br>Walter Price<br>Robert Sweeney<br>Leo Wells<br>Shirley Watson<br>Barbara Lombard<br>Joseph Hall<br>Edith Manning<br>Bruce Green<br>James O'Donnell<br>Irene Buchanan<br>Stella Page<br>Judy Shea<br>Priscilla Bardon<br>Stanley Rhodes<br>Susan Tracy
288,First And Last Name Test,MA3,Lambert,Donald,,Claire Sullivan<br>Jack Thompson<br>Leon Chapin<br>John Reynolds<br>Joan White<br>Donald Lambert<br>Daniel Shaw<br>Kenneth Murray<br>Edward Nichols<br>Jean Wolfe<br>Carl Brown<br>Blanche Clark<br>Roger Lennon<br>Eloise Cooper<br>David Burgess<br>Walter Price<br>Robert Sweeney<br>Leo Wells<br>Shirley Watson<br>Barbara Lombard<br>Joseph Hall<br>Edith Manning<br>Bruce Green<br>James O'Donnell<br>Irene Buchanan<br>Stella Page<br>Judy Shea<br>Priscilla Bardon<br>Stanley Rhodes<br>Susan Tracy
289,First And Last Name Test,MA3,Wolfe,Jean,,Claire Sullivan<br>Jack Thompson<br>Leon Chapin<br>John Reynolds<br>Joan White<br>Donald Lambert<br>Daniel Shaw<br>Kenneth Murray<br>Edward Nichols<br>Jean Wolfe<br>Carl Brown<br>Blanche Clark<br>Roger Lennon<br>Eloise Cooper<br>David Burgess<br>Walter Price<br>Robert Sweeney<br>Leo Wells<br>Shirley Watson<br>Barbara Lombard<br>Joseph Hall<br>Edith Manning<br>Bruce Green<br>James O'Donnell<br>Irene Buchanan<br>Stella Page<br>Judy Shea<br>Priscilla Bardon<br>Stanley Rhodes<br>Susan Tracy
290,First And Last Name Test,MA3,Burgess,David,,Claire Sullivan<br>Jack Thompson<br>Leon Chapin<br>John Reynolds<br>Joan White<br>Donald Lambert<br>Daniel Shaw<br>Kenneth Murray<br>Edward Nichols<br>Jean Wolfe<br>Carl Brown<br>Blanche Clark<br>Roger Lennon<br>Eloise Cooper<br>David Burgess<br>Walter Price<br>Robert Sweeney<br>Leo Wells<br>Shirley Watson<br>Barbara Lombard<br>Joseph Hall<br>Edith Manning<br>Bruce Green<br>James O'Donnell<br>Irene Buchanan<br>Stella Page<br>Judy Shea<br>Priscilla Bardon<br>Stanley Rhodes<br>Susan Tracy
291,First And Last Name Test,MA3,Shaw,Daniel,,Claire Sullivan<br>Jack Thompson<br>Leon Chapin<br>John Reynolds<br>Joan White<br>Donald Lambert<br>Daniel Shaw<br>Kenneth Murray<br>Edward Nichols<br>Jean Wolfe<br>Carl Brown<br>Blanche Clark<br>Roger Lennon<br>Eloise Cooper<br>David Burgess<br>Walter Price<br>Robert Sweeney<br>Leo Wells<br>Shirley Watson<br>Barbara Lombard<br>Joseph Hall<br>Edith Manning<br>Bruce Green<br>James O'Donnell<br>Irene Buchanan<br>Stella Page<br>Judy Shea<br>Priscilla Bardon<br>Stanley Rhodes<br>Susan Tracy
292,First And Last Name Test,MA3,Thompson,Jack,,Claire Sullivan<br>Jack Thompson<br>Leon Chapin<br>John Reynolds<br>Joan White<br>Donald Lambert<br>Daniel Shaw<br>Kenneth Murray<br>Edward Nichols<br>Jean Wolfe<br>Carl Brown<br>Blanche Clark<br>Roger Lennon<br>Eloise Cooper<br>David Burgess<br>Walter Price<br>Robert Sweeney<br>Leo Wells<br>Shirley Watson<br>Barbara Lombard<br>Joseph Hall<br>Edith Manning<br>Bruce Green<br>James O'Donnell<br>Irene Buchanan<br>Stella Page<br>Judy Shea<br>Priscilla Bardon<br>Stanley Rhodes<br>Susan Tracy
293,First And Last Name Test,MA3,Clark,Blanche,,Claire Sullivan<br>Jack Thompson<br>Leon Chapin<br>John Reynolds<br>Joan White<br>Donald Lambert<br>Daniel Shaw<br>Kenneth Murray<br>Edward Nichols<br>Jean Wolfe<br>Carl Brown<br>Blanche Clark<br>Roger Lennon<br>Eloise Cooper<br>David Burgess<br>Walter Price<br>Robert Sweeney<br>Leo Wells<br>Shirley Watson<br>Barbara Lombard<br>Joseph Hall<br>Edith Manning<br>Bruce Green<br>James O'Donnell<br>Irene Buchanan<br>Stella Page<br>Judy Shea<br>Priscilla Bardon<br>Stanley Rhodes<br>Susan Tracy
294,First And Last Name Test,MA3,White,Joan,,Claire Sullivan<br>Jack Thompson<br>Leon Chapin<br>John Reynolds<br>Joan White<br>Donald Lambert<br>Daniel Shaw<br>Kenneth Murray<br>Edward Nichols<br>Jean Wolfe<br>Carl Brown<br>Blanche Clark<br>Roger Lennon<br>Eloise Cooper<br>David Burgess<br>Walter Price<br>Robert Sweeney<br>Leo Wells<br>Shirley Watson<br>Barbara Lombard<br>Joseph Hall<br>Edith Manning<br>Bruce Green<br>James O'Donnell<br>Irene Buchanan<br>Stella Page<br>Judy Shea<br>Priscilla Bardon<br>Stanley Rhodes<br>Susan Tracy
295,First And Last Name Test,MA3,Sweeney,Robert,,Claire Sullivan<br>Jack Thompson<br>Leon Chapin<br>John Reynolds<br>Joan White<br>Donald Lambert<br>Daniel Shaw<br>Kenneth Murray<br>Edward Nichols<br>Jean Wolfe<br>Carl Brown<br>Blanche Clark<br>Roger Lennon<br>Eloise Cooper<br>David Burgess<br>Walter Price<br>Robert Sweeney<br>Leo Wells<br>Shirley Watson<br>Barbara Lombard<br>Joseph Hall<br>Edith Manning<br>Bruce Green<br>James O'Donnell<br>Irene Buchanan<br>Stella Page<br>Judy Shea<br>Priscilla Bardon<br>Stanley Rhodes<br>Susan Tracy
296,First And Last Name Test,MA3,Lombard,Barbara,,Claire Sullivan<br>Jack Thompson<br>Leon Chapin<br>John Reynolds<br>Joan White<br>Donald Lambert<br>Daniel Shaw<br>Kenneth Murray<br>Edward Nichols<br>Jean Wolfe<br>Carl Brown<br>Blanche Clark<br>Roger Lennon<br>Eloise Cooper<br>David Burgess<br>Walter Price<br>Robert Sweeney<br>Leo Wells<br>Shirley Watson<br>Barbara Lombard<br>Joseph Hall<br>Edith Manning<br>Bruce Green<br>James O'Donnell<br>Irene Buchanan<br>Stella Page<br>Judy Shea<br>Priscilla Bardon<br>Stanley Rhodes<br>Susan Tracy
297,First And Last Name Test,MA3,O'Donnell,James,,Claire Sullivan<br>Jack Thompson<br>Leon Chapin<br>John Reynolds<br>Joan White<br>Donald Lambert<br>Daniel Shaw<br>Kenneth Murray<br>Edward Nichols<br>Jean Wolfe<br>Carl Brown<br>Blanche Clark<br>Roger Lennon<br>Eloise Cooper<br>David Burgess<br>Walter Price<br>Robert Sweeney<br>Leo Wells<br>Shirley Watson<br>Barbara Lombard<br>Joseph Hall<br>Edith Manning<br>Bruce Green<br>James O'Donnell<br>Irene Buchanan<br>Stella Page<br>Judy Shea<br>Priscilla Bardon<br>Stanley Rhodes<br>Susan Tracy
298,First And Last Name Test,MA3,Rhodes,Stanley,,Claire Sullivan<br>Jack Thompson<br>Leon Chapin<br>John Reynolds<br>Joan White<br>Donald Lambert<br>Daniel Shaw<br>Kenneth Murray<br>Edward Nichols<br>Jean Wolfe<br>Carl Brown<br>Blanche Clark<br>Roger Lennon<br>Eloise Cooper<br>David Burgess<br>Walter Price<br>Robert Sweeney<br>Leo Wells<br>Shirley Watson<br>Barbara Lombard<br>Joseph Hall<br>Edith Manning<br>Bruce Green<br>James O'Donnell<br>Irene Buchanan<br>Stella Page<br>Judy Shea<br>Priscilla Bardon<br>Stanley Rhodes<br>Susan Tracy
299,First And Last Name Test,MA3,Buchanan,Irene,,Claire Sullivan<br>Jack Thompson<br>Leon Chapin<br>John Reynolds<br>Joan White<br>Donald Lambert<br>Daniel Shaw<br>Kenneth Murray<br>Edward Nichols<br>Jean Wolfe<br>Carl Brown<br>Blanche Clark<br>Roger Lennon<br>Eloise Cooper<br>David Burgess<br>Walter Price<br>Robert Sweeney<br>Leo Wells<br>Shirley Watson<br>Barbara Lombard<br>Joseph Hall<br>Edith Manning<br>Bruce Green<br>James O'Donnell<br>Irene Buchanan<br>Stella Page<br>Judy Shea<br>Priscilla Bardon<br>Stanley Rhodes<br>Susan Tracy
300,First And Last Name Test,MA3,Price,Walter,,Claire Sullivan<br>Jack Thompson<br>Leon Chapin<br>John Reynolds<br>Joan White<br>Donald Lambert<br>Daniel Shaw<br>Kenneth Murray<br>Edward Nichols<br>Jean Wolfe<br>Carl Brown<br>Blanche Clark<br>Roger Lennon<br>Eloise Cooper<br>David Burgess<br>Walter Price<br>Robert Sweeney<br>Leo Wells<br>Shirley Watson<br>Barbara Lombard<br>Joseph Hall<br>Edith Manning<br>Bruce Green<br>James O'Donnell<br>Irene Buchanan<br>Stella Page<br>Judy Shea<br>Priscilla Bardon<br>Stanley Rhodes<br>Susan Tracy
301,First And Last Name Test,MA3,Watson,Shirley,,Claire Sullivan<br>Jack Thompson<br>Leon Chapin<br>John Reynolds<br>Joan White<br>Donald Lambert<br>Daniel Shaw<br>Kenneth Murray<br>Edward Nichols<br>Jean Wolfe<br>Carl Brown<br>Blanche Clark<br>Roger Lennon<br>Eloise Cooper<br>David Burgess<br>Walter Price<br>Robert Sweeney<br>Leo Wells<br>Shirley Watson<br>Barbara Lombard<br>Joseph Hall<br>Edith Manning<br>Bruce Green<br>James O'Donnell<br>Irene Buchanan<br>Stella Page<br>Judy Shea<br>Priscilla Bardon<br>Stanley Rhodes<br>Susan Tracy
302,First And Last Name Test,MA3,Page,Stella,,Claire Sullivan<br>Jack Thompson<br>Leon Chapin<br>John Reynolds<br>Joan White<br>Donald Lambert<br>Daniel Shaw<br>Kenneth Murray<br>Edward Nichols<br>Jean Wolfe<br>Carl Brown<br>Blanche Clark<br>Roger Lennon<br>Eloise Cooper<br>David Burgess<br>Walter Price<br>Robert Sweeney<br>Leo Wells<br>Shirley Watson<br>Barbara Lombard<br>Joseph Hall<br>Edith Manning<br>Bruce Green<br>James O'Donnell<br>Irene Buchanan<br>Stella Page<br>Judy Shea<br>Priscilla Bardon<br>Stanley Rhodes<br>Susan Tracy
303,First And Last Name Test,MA3,Green,Bruce,,Claire Sullivan<br>Jack Thompson<br>Leon Chapin<br>John Reynolds<br>Joan White<br>Donald Lambert<br>Daniel Shaw<br>Kenneth Murray<br>Edward Nichols<br>Jean Wolfe<br>Carl Brown<br>Blanche Clark<br>Roger Lennon<br>Eloise Cooper<br>David Burgess<br>Walter Price<br>Robert Sweeney<br>Leo Wells<br>Shirley Watson<br>Barbara Lombard<br>Joseph Hall<br>Edith Manning<br>Bruce Green<br>James O'Donnell<br>Irene Buchanan<br>Stella Page<br>Judy Shea<br>Priscilla Bardon<br>Stanley Rhodes<br>Susan Tracy
304,First And Last Name Test,MA3,Tracy,Susan,,Claire Sullivan<br>Jack Thompson<br>Leon Chapin<br>John Reynolds<br>Joan White<br>Donald Lambert<br>Daniel Shaw<br>Kenneth Murray<br>Edward Nichols<br>Jean Wolfe<br>Carl Brown<br>Blanche Clark<br>Roger Lennon<br>Eloise Cooper<br>David Burgess<br>Walter Price<br>Robert Sweeney<br>Leo Wells<br>Shirley Watson<br>Barbara Lombard<br>Joseph Hall<br>Edith Manning<br>Bruce Green<br>James O'Donnell<br>Irene Buchanan<br>Stella Page<br>Judy Shea<br>Priscilla Bardon<br>Stanley Rhodes<br>Susan Tracy
305,First And Last Name Test,MA3,Wells,Leo,,Claire Sullivan<br>Jack Thompson<br>Leon Chapin<br>John Reynolds<br>Joan White<br>Donald Lambert<br>Daniel Shaw<br>Kenneth Murray<br>Edward Nichols<br>Jean Wolfe<br>Carl Brown<br>Blanche Clark<br>Roger Lennon<br>Eloise Cooper<br>David Burgess<br>Walter Price<br>Robert Sweeney<br>Leo Wells<br>Shirley Watson<br>Barbara Lombard<br>Joseph Hall<br>Edith Manning<br>Bruce Green<br>James O'Donnell<br>Irene Buchanan<br>Stella Page<br>Judy Shea<br>Priscilla Bardon<br>Stanley Rhodes<br>Susan Tracy
306,First And Last Name Test,MA3,Bardon,Priscilla,,Claire Sullivan<br>Jack Thompson<br>Leon Chapin<br>John Reynolds<br>Joan White<br>Donald Lambert<br>Daniel Shaw<br>Kenneth Murray<br>Edward Nichols<br>Jean Wolfe<br>Carl Brown<br>Blanche Clark<br>Roger Lennon<br>Eloise Cooper<br>David Burgess<br>Walter Price<br>Robert Sweeney<br>Leo Wells<br>Shirley Watson<br>Barbara Lombard<br>Joseph Hall<br>Edith Manning<br>Bruce Green<br>James O'Donnell<br>Irene Buchanan<br>Stella Page<br>Judy Shea<br>Priscilla Bardon<br>Stanley Rhodes<br>Susan Tracy
307,First And Last Name Test,MA3,Manning,Edith,,Claire Sullivan<br>Jack Thompson<br>Leon Chapin<br>John Reynolds<br>Joan White<br>Donald Lambert<br>Daniel Shaw<br>Kenneth Murray<br>Edward Nichols<br>Jean Wolfe<br>Carl Brown<br>Blanche Clark<br>Roger Lennon<br>Eloise Cooper<br>David Burgess<br>Walter Price<br>Robert Sweeney<br>Leo Wells<br>Shirley Watson<br>Barbara Lombard<br>Joseph Hall<br>Edith Manning<br>Bruce Green<br>James O'Donnell<br>Irene Buchanan<br>Stella Page<br>Judy Shea<br>Priscilla Bardon<br>Stanley Rhodes<br>Susan Tracy
308,First And Last Name Test,MA3,Shea,Judy,,Claire Sullivan<br>Jack Thompson<br>Leon Chapin<br>John Reynolds<br>Joan White<br>Donald Lambert<br>Daniel Shaw<br>Kenneth Murray<br>Edward Nichols<br>Jean Wolfe<br>Carl Brown<br>Blanche Clark<br>Roger Lennon<br>Eloise Cooper<br>David Burgess<br>Walter Price<br>Robert Sweeney<br>Leo Wells<br>Shirley Watson<br>Barbara Lombard<br>Joseph Hall<br>Edith Manning<br>Bruce Green<br>James O'Donnell<br>Irene Buchanan<br>Stella Page<br>Judy Shea<br>Priscilla Bardon<br>Stanley Rhodes<br>Susan Tracy
309,First And Last Name Test,MA3,Hall,Joseph,,Claire Sullivan<br>Jack Thompson<br>Leon Chapin<br>John Reynolds<br>Joan White<br>Donald Lambert<br>Daniel Shaw<br>Kenneth Murray<br>Edward Nichols<br>Jean Wolfe<br>Carl Brown<br>Blanche Clark<br>Roger Lennon<br>Eloise Cooper<br>David Burgess<br>Walter Price<br>Robert Sweeney<br>Leo Wells<br>Shirley Watson<br>Barbara Lombard<br>Joseph Hall<br>Edith Manning<br>Bruce Green<br>James O'Donnell<br>Irene Buchanan<br>Stella Page<br>Judy Shea<br>Priscilla Bardon<br>Stanley Rhodes<br>Susan Tracy
310,Arithmetic Aptitude Test,RG1,"One day Mrs. Martinez worked 3½ hours in the morning, took a half hour off for lunch, and worked 4½ hours in the afternoon. If she began work at 8:30 A.M., at what time did she finish?",B,4:30;;5:00;;5:30;;6:00;;6:30,
311,Arithmetic Aptitude Test,RG1,"In value, seven $5-bills equal how many quarters?",E,28;;35;;56;;70;;140,
312,Arithmetic Aptitude Test,RG1,"Approximately 32,400 people live in a city that is 3 miles long and 2 miles wide. What is the average (arithmetic mean) number of people living in each square mile?",A,"5,400;;6,100;;6,480;;8,100;;10,800",
313,Arithmetic Aptitude Test,RG1,The Wang family used 420 kilowatt-hours of electricity during a certain month. The charge for electricity was 7 cents per kilowatt-hour for the first 100 hours and 6 cents per hour for each additional kilowatt-hour. What was their electric bill for the month?,D,$17.40;;$19.20;;$25.20;;$26.20;;$29.40,
314,Arithmetic Aptitude Test,RG1,"If the price of a certain canned soup is reduced from 2 cans for $1.00 to 3 cans for $1.20, how much is saved on the purchase of 9 cans?",C,36 сents;;45 cents;;60 сents;;72 cents;;90 cents,
315,Arithmetic Aptitude Test,RG1,The sum of two consecutive number is 47. What is the larger number?,B,23;;24;;25;;26;;27,
316,Arithmetic Aptitude Test,RG1,In a record snowstorm 24.3 inches of snow fell at the rate of about 0.9 inches per hour. For how many hours did the storm last?,C,2.7;;21.67;;27;;33.6;;39,
317,Arithmetic Aptitude Test,RG1,"If a grocery store buys a crate of 360 eggs for $18.00, how much per dozen are they paying?",D,36 сents;;45 cents;;54 сents;;60 cents;;72 cents,
318,Arithmetic Aptitude Test,RG1,"How much would it cost to ride 3½ miles in a taxicab, if the rate is $1.40 for the first quarter mile and $.40 for each additional quarter mile?",D,$2.50;;$3.50;;$5.6;;$6.60;;$8.00,
319,Arithmetic Aptitude Test,RG1,"Al, Bill and Carl accounted for ½ of the points scored by the basketball team. Al scored 6/40 of these points, which was 2/3 of what Bill scored. What fraction of the points did Carl score?",A,1/8;;1/4;;3/8;;5/8;;3/4,
320,Arithmetic Aptitude Test,RG1,"A sporting goods store ordered 90 pairs of skates costing $20 per pair. After placing the order, they discovered that with an order of 100 or more pairs there would have been a 15% discount. How much less would they have paid for 100 pairs of skates than they paid for 90 pairs?",B,$50.00;;$100.00;;$150.00;;$175.00;;$200.00,
321,Arithmetic Aptitude Test,RG1,Jane bought 1 1/8 yards of material and used 6/10 of a yard of this material to make curtains for her kitchen window. How much material remained when she was finished?,C,"1/4 yard;;3/8 yard;;21/40 yard;;43/80 yard;;5/8 yard",
322,Arithmetic Aptitude Test,RG1,A wholesale book supplier buys copies of a certain paperback book at $4.80 per dozen and sells them to book dealers at the rate of 18 for $9.00. How many books must be sold to make a profit of $50.00?,E,100;;200;;300;;400;;500,
323,Arithmetic Aptitude Test,RG1,A store selling furniture for 80% of the list price was selling a sofa for $560. What was the list price of the sofa?,B,$665;;$690;;$700;;$740;;$790,
324,Arithmetic Aptitude Test,RG1,"Gloria and Donald start to cycle toward each other from cities 125 miles apart. If Gloria averages 14 miles an hour and Donald averages 11 miles per hour, in how many hours will they meet?",A,5;;10;;12.5;;20;;25,
325,Arithmetic Aptitude Test,RG1,"Millie weighed 125 pounds. After she had gained 4½ pounds, lost 6 pounds, and gained 2½ pounds, how many pounds did she weigh?",C,124;;125;;126;;127;;128,
326,Arithmetic Aptitude Test,RG1,"If 3 pounds of coffee costs $10.80, at the same rate, what would ½ pound cost?",A,$1.80;;$1.90;;$1.95;;$2.00;;$2.10,
327,Arithmetic Aptitude Test,RG1,"Joe attended school for a total of 1,620 days. What part of a 12-year course did he complete, if 180 days were counted as a school year?",E,1/3;;1/2;;5/8;;2/3;;3/4,
328,Arithmetic Aptitude Test,RG1,The Williams family drove 116 miles in 4 hours. At that rate how many hours would it take them to travel 203 miles?,D,5½;;6;;6½;;7;;7½,
329,Arithmetic Aptitude Test,RG1,"In general, brass is made of two parts copper to one part zinc. How many pounds of zinc are needed to produce 45 pounds of brass?",B,12½;;15;;20;;22½;;30,
330,Arithmetic Aptitude Test,RG1,"Three women own a small business with a capital value of $21,000. If Jane owns 7 shares, Barbara owns 3 shares, and Carla owns 5 shares, how much of the capital value belongs to Jane?",E,"$1,400;;$3,000;;$4,200;;$5,250;;$9,800",
331,Arithmetic Aptitude Test,RG1,How many minutes are there between quarter of eleven and half past two o'clock of the same day?,A,225;;250;;275;;300;;325,
332,Arithmetic Aptitude Test,RG1,"A certain door-to-door vacuum cleaner salesperson is paid $117.25 per week plus a commission of 3% of the amount by which the total sales for the week exceed $275. If the sales for one week totaled $700, what were the salesperson's total earnings that week?",B,$125.50;;$130.00;;$141.77;;$146.5;;$151.00,
333,Arithmetic Aptitude Test,RG1,"Jane is 4 years old and her brother is three times as old. When Jane is 11, how old will her brother be?",C,17;;18;;19;;24;;33,
334,Arithmetic Aptitude Test,RG1,"Mr. Fernandez built a vacation cottage 6 years ago for $78,000. Each year the value of the cottage has decreased 3% of its original cost. What is the cottage worth today?",D,"$13,028.18;;$14,040.00;;$31,980.00;;$63,960.00;;$64,971.82",
335,Arithmetic Aptitude Test,RG1,"A factory had to lay off 20% of its employees. If 50 employees were laid off, how many people had been working in the factory?",B,125;;250;;300;;355;;400,
336,Arithmetic Aptitude Test,RG1,"Two people were building a brick wall. One laid 8 bricks per minute and the other laid 5 bricks per minute. By the time that the first person had laid a total of 240 bricks, how many had the second person laid?",C,80;;100;;150;;175;;200,
337,Arithmetic Aptitude Test,RG1,"A board 24 feet long is to be cut into 2 pieces so that the shorter piece is 1/3 as long as the longer piece. What is the length, in feet, of the shorter piece?",B,4;;6;;10;;16;;18,
338,Arithmetic Aptitude Test,RG1,Betty raised 25 heads of cabbage averaging 8 pounds each. She spent $10.00 for plants and $7.00 for fertilizer. What was her profit if she sold them at $0.50 a pound?,E,$56.00;;$60.00;;$70.00;;$83.00;;$100.00,
339,Arithmetic Aptitude Test,RG1,"A grocer bought 17 dozen pears for $22.95. If 3 dozen spoiled, at what price per dozen must the grocer sell the remaining pears to make a profit equal to 3/5 of the total cost?",D,$0.98;;$1.35;;$2.16;;$2.62;;$2.94,
340,Mathematics Aptitude Test,RG2,"One cake recipe calls for 1½ cups of sugar and a second recipe calls for 2 cups of sugar. In making 8 cakes, how many fewer cups of sugar would be used with the first recipe than with the second?",E,2;;2½;;3;;3½;;4,
341,Mathematics Aptitude Test,RG2,"If coal costs $150.00 per ton, and the cost of 7½ tons of coal is shared by 90 co-ор apartment owners, what is each member's share?",A,$12.50;;$13.50;;$14.00;;$14.30;;$15.75,
342,Mathematics Aptitude Test,RG2,A swimming pool with a capacity of 5000 gallons is 1/4 full of water. How many hours will it take a pipe supplying water at the rate of 10 gallons per minute to finish filling the pool?,B,2 1/12;;6 1/4;;8 1/3;;37 1/2;;50,
343,Mathematics Aptitude Test,RG2,"Joan's watch gains 4 minutes a day. If she set it correctly at noon on Monday, what time would her watch read at 6:00 A.M. on Friday of the same week?",C,6:13;;6:14;;6:15;;6:16;;6:17,
344,Mathematics Aptitude Test,RG2,"Mr. Williams has rented a car. The rate is $3.00 per hour plus 20 cents for each mile driven, but there is a minimum charge of $32.00. If he drives a total of 40 miles, how many hours can he keep the car without paying more than the $32.00 minimum charge?",D,2 1/4;;4;;6 1/4;;8;;10,
345,Mathematics Aptitude Test,RG2,"When Jim was 8 years old, he received an allowance of $2.00 per week. If his weekly allowance was increased by $1.80 each year, how much was he receiving each week when he was 16?",E,$15.60;;$15.75;;$16.00;;$16.10;;$16.40,
346,Mathematics Aptitude Test,RG2,"What is the largest sum that can be thrown with 11 dice, if no number appears more than three times",B,26;;51;;66;;84;;122,
347,Mathematics Aptitude Test,RG2,"How many seedlings must be planted to obtain 1,300 trees if only 65% of the seedlings can be expected to survive?",C,"1,755;;1,800;;2,000;;2,145;;3,750",
348,Mathematics Aptitude Test,RG2,"A college student takes a part-time job which pays $94.00 per week. Out of this she pays 24% in taxes, $10.00 for gasoline in her car and $12.00 per week for lunches. How much money does she have left at the end of the week after having paid for her taxes, for the gasoline, and for the lunches?",A,$49.44;;$66.16;;$69.74;;$72.00;;$91.74,
349,Mathematics Aptitude Test,RG2,Barbara spent 3/8 of her monthly allowance on a new inner tube for her bicycle and 1/4 of the remainder for a new bicycle bell. Approximately what percent of her allowance did she have left?,A,47%;;53%;;58%;;60%;;67%,
350,Mathematics Aptitude Test,RG2,"If Scott walks at a constant rate of 6 feet per second, how many miles can he walk in one hour? (5,280 feet = 1 mile)",C,0.6;;3.0;;4.1;;8.4;;14.9,
351,Mathematics Aptitude Test,RG2,"Ellie receives $480 simple annual interest on an investment of $6,000. If the interest rate remains the same, how much simple annual interest will she receive from a $16,000 investment?",E,"$640;;$760;;$800;;$1,080;;$1,280",
352,Mathematics Aptitude Test,RG2,"Berta traveled by car, train, and bus. She drove 4 miles and took a train 4 times as far as she had driven plus ½ as far as she traveled by bus. By bus she traveled as far as she had driven plus ½ as far as she had traveled by train. How many miles did she travel all together?",D,16;;20;;24;;44;;52,
353,Mathematics Aptitude Test,RG2,After Mike spent $6.00 of his savings for a new plane kit and one-half of the remainder for school supplies he had $2.50 left. How much money did he have originally?,C,$8.50;;$10.00;;$11.00;;$13.50;;$14.50,
354,Mathematics Aptitude Test,RG2,"Juan takes 4 days to do a certain job, and Sam takes 7 days to do the same job. If Juan worked on the job for 1 day, how many days did it take Sam to finish it by himself?",E,1 3/4;;2;;4 1/2;;4 3/4;;5 1/4,
355,Mathematics Aptitude Test,RG2,The cost of 700 29-cent stamps is how much more than the cost of 200-23-cent stamps?,E,$30.00;;$54.00;;$84.00;;$157.00;;$203.00,
356,Mathematics Aptitude Test,RG2,"If lemons sell at 3 for 60 cents, how much will 1 1/2 dozen lemons cost?",D,$3.00;;$3.40;;$3.60;;$4.20;;$4.60,
357,Mathematics Aptitude Test,RG2,"The ratio of children's books to adult books in a certain public library is 2 to 8. If they want to keep the same ratio, how many children's books should be ordered when 1,000 books for adults are ordered?",C,150;;200;;250;;300;;350,
358,Mathematics Aptitude Test,RG2,"Sue and Jane played 45 games of tic-tac-toe. Twelve games ended in a tie, and Sue won 1/3 of the rest. How many games did Jane win?",E,8;;11;;15;;18;;22,
359,Mathematics Aptitude Test,RG2,"Bill has been saving money for a new bicycle. Each time he deposits money in his savings account, his father deposits twice the amount that Bill did. If the account now has a balance of $36, how much did Bill contribute?",A,$12;;$15;;$18;;$24;;$30,
360,Mathematics Aptitude Test,RG2,"If a nut on a bolt is advanced 3/4 inch when it is turned for 6 complete rotations, how many inches will 28 complete rotations advance it?",C,2;;3;;3½;;4½;;4 2/3,
361,Mathematics Aptitude Test,RG2,"John takes 5 steps to walk the same distance for which his little brother requires 8 steps to walk. If John's step is 2 feet long, how long, in inches, is his brother's step?",B,12;;15;;18;;20;;28,
362,Mathematics Aptitude Test,RG2,Brenda sold her tennis racket for $20.00 which was 80% of the original cost. For how much should she have sold it to make a 10% profit?,B,$24.00;;$27.50;;$30.00;;$31.75;;$35.00,
363,Mathematics Aptitude Test,RG2,"Mr. Cardenas needed 15.5 cubic yards of concrete to lay a sidewalk. He ordered 10% extra material to allow for waste and rounded his order to the nearest whole number. If ready-mixed concrete costs $12 per cubic yard, how much did the concrete cost?",E,$120;;$155;;$175;;$192;;$204,
364,Mathematics Aptitude Test,RG2,A snowfall of 12 inches will produce about 1 inch of water when it melts; a volume of water one foot square by one inch weights 5 pounds. About how many pounds will 4 inches of snow on a flat roof 30x40 feet weigh?,A,"2,000;;3,200;;4,800;;18,000;;24,000",
365,Mathematics Aptitude Test,RG2,Three tractors and their operators can do as much work as 75 farm workers with no tractors. How many farm workers would be replaced by 10 tractors and their operators?,B,240;;250;;504;;525;;750,
366,Mathematics Aptitude Test,RG2,After Ms. Chang bought a used car for $40 less than 3/8 of her savings; $90 less than 2/3 of her savings remained. How much money did she have originally in her savings?,D,"$446;;$1,950;;$2,250;;$3,120;;$3,570",
367,Mathematics Aptitude Test,RG2,"A small company sold shares of stock. During the first week 20 people each bought $125 worth of stock, 50 each bought $150 worth, and 10 each bought $200 worth. What was the average dollar value of each of these 80 purchases?",B,"$140;;$150;;$450;;$1,200;;$4,000",
368,Mathematics Aptitude Test,RG2,"John and Ray ran a race in which Ray was given a head-start of 15 yards. John ran 4 yards for every 3 yards that Ray ran. If John won the race by 20 yards, how many yards long was the course?",D,80;;100;;120;;140;;160,
369,Mathematics Aptitude Test,RG2,"A machine operator can complete a certain job in 7 hours. Working with a second operator the job can be completed in 4 hours. How many hours would it take the second operator, working alone, to do a job of this size?",C,5 1/2;;6 3/4;;9 1/3;;11 3/8;;12 1/2,
370,Necessary Arithmetic Operations Test,RG3,There are 4 quarts in a gallon and 4 cups in a quart. How many cups are there in gallon?,C,add;;subtract;;multiply;;divide,
371,Necessary Arithmetic Operations Test,RG3,"An electrical planer is set to remove .02 of an inch each time a piece of wood is passed through it. If a board is put through 7 times, how much wood will have been removed?",A,multiply;;subtract;;divide;;add,
372,Necessary Arithmetic Operations Test,RG3,"There are 54 children at a summer camp. If there are 33 boys attending the camp, how many campers are girls?",C,add;;multiply;;subtract;;divide,
373,Necessary Arithmetic Operations Test,RG3,"A man wants to seed a lawn around his new home. His lot is 120 feet by 90 feet (10,800 sq. feet). His house is centered on the lot and occupies 2,785 square feet. What is the greatest number of square feet of ground that could possibly be put into lawn?",D,add;;divide;;multiply;;subtract,
374,Necessary Arithmetic Operations Test,RG3,A wholesale meat dealer sells sirloin steak for $3.19 per pound and chuck steak for $1.89 per pound. One day the meat dealer sold 76 pounds of each. How much money was taken in?,B,add and divide;;add and multiply;;multiply and subtract;;divide and divide,
375,Necessary Arithmetic Operations Test,RG3,"A cyclist in an international bicycle race covered an average of 9 miles every 20 minutes. If she maintained the same average speed, how long did it take her to cycle the remaining 84 miles of the race?",A,divide and multiply;;subtract and divide;;add and subtract;;divide and add,
376,Necessary Arithmetic Operations Test,RG3,A grocer sells oranges for $1.50 a dozen. The oranges cost 75 cents a dozen. How much profit is there from each orange?,D,subtract and multiply;;divide and subtract;;add and divide;;subtract and divide,
377,Necessary Arithmetic Operations Test,RG3,"A boy works in a store after school for a total of 10 hours a week. He also works 8 hours on Saturdays. How much is he being paid per hour, if he makes $72.00 per week?",B,multiply and subtract;;add and divide;;divide and subtract;;add and multiply,
378,Necessary Arithmetic Operations Test,RG3,"A college student takes a part-time job which pays $65.00 per week. After withholding and other taxes she is left with 76% of her salary, and each week she spends a total of $6.00 on lunches and bus fares. How much money does she make from her job each week after the taxes, lunches, and bus fares have been paid?",D,divide and subtract;;subtract and multiply;;add and divide;;multiply and subtract,
379,Necessary Arithmetic Operations Test,RG3,"A rectangular underground reservoir is 15 feet deep and contains 2,000,000 gallons of water, when it is full. Spring rains filled the reservoir, but a summer drought caused the water level to drop 8 feet. How many gallons of water were consumed during the drought?",C,subtract and divide;;add and subtract;;divide and multiply;;subtract and multiply,
380,Necessary Arithmetic Operations Test,RG3,"A store sells hamburger at $1.50 per pound. How much hamburger could Jim serve to each of 5 people, if he could only afford to spend $4.00 for the meat?",A,divide and divide;;multiply and add;;subtract and multiply;;divide and multiply,
381,Necessary Arithmetic Operations Test,RG3,A sweater marked $40 was sold for $29.95 during a sale. What was the percent reduction?,B,divide and add;;subtract and divide;;multiply and subtract;;add and divide,
382,Necessary Arithmetic Operations Test,RG3,"At the beginning of a month, a car rental organization rented 37 cars. During the month, 32 of these cars were returned. How many new rentals had been made if at the end of the month, there was a total of 43 cars rented?",B,subtract and divide;;subtract and subtract;;add and subtract;;multiply and add,
383,Necessary Arithmetic Operations Test,RG3,"As a result of selling 1,000 shares of stock at $75.00 per share, the assets of a certain corporation doubled. What were the corporation's total assets after the stock had been sold?",D,multiply and divide;;add and multiply;;add and subtract;;multiply and multiply,
384,Necessary Arithmetic Operations Test,RG3,The Hernandez family generally squeeze 1½ oranges for a glass of orange juice. The average cost of the oranges they bought during one year was $0.20 per orange. What did it cost them for the 827 glasses of juice that they drank during the year?,C,multiply and subtract;;add and divide;;multiply and multiply;;divide and multiply,
385,Necessary Arithmetic Operations Test,RG3,"If chocolate bars are sold by the dozen at the cost of $6.00, how much does each bar cost?",B,multiply;;divide;;add;;subtract,
386,Necessary Arithmetic Operations Test,RG3,"If a woman can weave one small rug in three days, what is the least number of days that she would need to complete 6 of these rugs?",C,add;;subtract;;multiply;;divide,
387,Necessary Arithmetic Operations Test,RG3,"A book club is giving its members a discount of $2.00 on each book. If the members buy a total of 1,721 books in a certain month, how much is the total discount for that month?",B,divide;;multiply;;subtract;;add,
388,Necessary Arithmetic Operations Test,RG3,"If 2 inches are added to the length of a rectangle, its area is increased by ½ sq. inch. What is the height of the rectangle?",A,divide;;add;;multiply;;subtract,
389,Necessary Arithmetic Operations Test,RG3,"Elena needed to drive the 250 miles from New York City to Boston, Massachusetts. If she left New York City at 7:30 A.M. and arrived in Boston at 12:30 P.M., what was her average speed in miles per hour?",D,add and subtract;;divide and multiply;;multiply and add;;subtract and divide,
390,Necessary Arithmetic Operations Test,RG3,"A portable color television set can be purchased with cash for $340, or it can be purchased on the installment plan for $22 a month for 18 months. How much more does the television set cost on the installment plan?",D,multiply and add;;add and divide;;subtract and divide;;multiply and subtract,
391,Necessary Arithmetic Operations Test,RG3,A newsstand buys newspapers for 15 cents each and sells them for 25 cents each. How many newspapers must be sold to make a profit of $8.00 per day?,A,subtract and divide;;multiply and subtract;;divide and multiply;;add and divide,
392,Necessary Arithmetic Operations Test,RG3,"At the first of the year, a store's inventory showed goods worth $31,250. During February the store purchased merchandise worth $29,834. In March a fire completely destroyed the store. The owner claimed a merchandise loss of $47,420. How much merchandise had been sold before the fire occurred?",D,multiply and subtract;;subtract and add;;multiply and add;;add and subtract,
393,Necessary Arithmetic Operations Test,RG3,"A clothing store took in $93,752 in cash from one year's sales. At the end of the year there was also $7,952 outstanding in uncollected accounts. If the store expects to collect 95% of these accounts, how much will it eventually take in for the year's sales?",D,subtract and multiply;;divide and add;;subtract and divide;;multiply and add,
394,Necessary Arithmetic Operations Test,RG3,"A topographical map on which 1 inch equals 50 miles shows that a point 1 inch from the seacoast is 1,500 feet above sea level. What is the average number of feet that the terrain must climb every 5 miles in order to reach that height?",B,multiply and subtract;;divide and divide;;add and divide;;multiply and multiply,
395,Necessary Arithmetic Operations Test,RG3,"A farm family have their house and barn insured for $152,000. The yearly premium rate is $2.07 per $100. How much does this insurance cost each year?",C,divide and add;;add and multiply;;divide and multiply;;subtract and divide,
396,Necessary Arithmetic Operations Test,RG3,Jane is eight years old and has been given an allowance of $3.00 per week. Each year she will get a raise of $2.00 per week. How much will her weekly allowance be 10 years from now?,A,multiply and add;;subtract and divide;;divide and subtract;;add and multiply,
397,Necessary Arithmetic Operations Test,RG3,"Luis owns a power boat which uses 54 gallons of gasoline every 6 hours when it is cruising a 1/4 throttle. If the same boat uses 20 gallons an hour when it is running at 3/4 throttle, how many fewer gallons are used per hour at 1/4 than at 3/4 throttle?",C,multiply and multiply;;add and divide;;divide and subtract;;subtract and add,
398,Necessary Arithmetic Operations Test,RG3,At present Mrs. Gonzalez receives an annual interest of $42 from a $910 investment. She wants to increase her investment so that she will get $437 interest annually. What is the total amount that she must have invested at the same rate of interest?,A,divide and divide;;subtract and divide;;multiply and subtract;;add and multiply,
399,Necessary Arithmetic Operations Test,RG3,A motorist spent $31.20 for gasoline in the first 4 days of a 20 day trip. At this rate what will his gasoline expenditure be for the entire trip?,B,multiply and add;;divide and multiply;;add and divide;;subtract and multiply,
400,Nonsense Syllogisms Test,RL1,All birds have purple tails. All cats are birds. Therefore all cats have purple tails.,A,True;;False,
401,Nonsense Syllogisms Test,RL1,No singer is a pogo stick. All pogo sticks are movie stars. Therefore no singer is a movie star.,B,True;;False,
402,Nonsense Syllogisms Test,RL1,All cars have sails. Some swimming pools are cars. Therefore some swimming pools have sails.,A,True;;False,
403,Nonsense Syllogisms Test,RL1,No chipmunks are clowns. Some mushrooms are chipmunks. Therefore some mushrooms are not clowns.,A,True;;False,
404,Nonsense Syllogisms Test,RL1,No skunks have green toes. All skunks are pigs. Therefore no pig has green toes.,B,True;;False,
405,Nonsense Syllogisms Test,RL1,All horses have wings. No turtle has wings. Therefore no turtle is a horse.,A,True;;False,
406,Nonsense Syllogisms Test,RL1,No hummingbirds fly. Some tractors fly. Therefore some tractors are not humingbirds.,A,True;;False,
407,Nonsense Syllogisms Test,RL1,All apes are houseflies. Some houseflies are not snails. Therefore some apes are not snails.,B,True;;False,
408,Nonsense Syllogisms Test,RL1,Some dogs like to sing. All dogs are snowdrifts. Therefore some snowdrifts like to sing.,A,True;;False,
409,Nonsense Syllogisms Test,RL1,All doctors are sea horses. Some doctors are tornadoes. Therefore some tornadoes are sea horses.,A,True;;False,
410,Nonsense Syllogisms Test,RL1,Some people who like Alice do not like Robert. Everyone who likes Sue likes Alice. Therefore some people who like Robert do not like Sue.,B,True;;False,
411,Nonsense Syllogisms Test,RL1,"All trains are coal mines. Nothing above 5,000 feet is a train. Therefore no coal mine is above 5,000 feet.",B,True;;False,
412,Nonsense Syllogisms Test,RL1,Some men are purple. Everything which is purple is a horse. Therefore some horses are men.,A,True;;False,
413,Nonsense Syllogisms Test,RL1,Some dogs are seals. Some seals bark.T herefore some dogs bark.,B,True;;False,
414,Nonsense Syllogisms Test,RL1,All elephants are pink. This animal is pink. Therefore this animal is an elephant.,B,True;;False,
415,Nonsense Syllogisms Test,RL1,No one with a pink nose can be president. All men have pink noses. Therefore no man can be president.,A,True;;False,
416,Nonsense Syllogisms Test,RL1,All alligators are art collectors. Some art collectors live in caves. Therefore some alligators live in caves.,B,True;;False,
417,Nonsense Syllogisms Test,RL1,No cats are electrified. All ghosts are electrified. Therefore no ghost is a cat.,A,True;;False,
418,Nonsense Syllogisms Test,RL1,All birds are snakes. No bird is left-handed. Therefore nothing that is left-handed is a snake.,B,True;;False,
419,Nonsense Syllogisms Test,RL1,All lions are lavender. Some cowards are not lavender. Therefore some cowards are not lions.,A,True;;False,
420,Nonsense Syllogisms Test,RL1,All ice skates are totem poles. No totem pole snores. Therefore nothing that snores is an ice skate.,A,True;;False,
421,Nonsense Syllogisms Test,RL1,Some birds are pink. All hurricanes are pink. Therefore some birds are hurricanes.,B,True;;False,
422,Nonsense Syllogisms Test,RL1,All monkeys are pineapples. All pineapples have wings and all birds have a tail and wings. Therefore all monkeys have a tail.,B,True;;False,
423,Nonsense Syllogisms Test,RL1,No onions are parsnips. Some parsnips are tangerines. Therefore some tangerines are not onions.,A,True;;False,
424,Nonsense Syllogisms Test,RL1,Some kettles are giraffes. All zebras are kettles. Therefore some giraffes are zebras.,B,True;;False,
425,Nonsense Syllogisms Test,RL1,All dogs are ink bottles. Some ink bottles are squirrels. Therefore some squirrels are dogs.,B,True;;False,
426,Nonsense Syllogisms Test,RL1,Some people in our town are not famous. Everyone in our town is rich. Therefore some rich people are not famous.,A,True;;False,
427,Nonsense Syllogisms Test,RL1,No one who has green hair is a teenager. Some people who have green hair drink milk. Therefore some people who drink milk are not teenagers.,A,True;;False,
428,Nonsense Syllogisms Test,RL1,Los Angeles has fewer people than Detroit. Detroit has more people than East Overshoe. Therefore East Overshoe has more people than Los Angeles.,B,True;;False,
429,Nonsense Syllogisms Test,RL1,Some soldiers who were in the Civil War used green peaches for gunpowder. This soldier uses green peaches for gunpowder. Therefore he must have been in the Civil War.,B,True;;False,
430,Inference Test,RL3,More fatal accidents occur on highways after dark than during daylight hours.,C,"Darkness causes many accidents.;;A decrease in the volume of traffic tends to increase fatal accidents.;;The chance of being killed in an automobile accident is lower during the day than it is at night.;;There are more fatal accidents after dark since drivers tend to be more tired.;;After dark, drivers frequently have accidents when they are blinded by the lights of oncoming cars.",
431,Inference Test,RL3,One year a particular farmer's stand of wheat yielded 40 bushels per acre.,B,"The farmer's land is extremely fertile.;;The farmer has raised wheat on this land.;;The weather that year was unfavorable for growing wheat.;;Forty bushels per acre is a high yield.;;The field would be more suitable for some other crop.",
432,Inference Test,RL3,"The Pacific sea otter has the most beautiful and valuable fur in the world. Between 1725 and 1910 the otter was exploited commercially. In order to protect the otter from extinction, a 1910 international treaty outlawed otter hunting.",D,"Many people were greedy for the fur, and they competed bitterly for it.;;Today, no amount of money can purchase a coat of this valuable fur.;;The sea otters were pushed so close to extinction that even today any major disease or serious poaching could wipe them out.;;By the beginning of this century, the sea otter's valuable fur had endangered its survival.;;Between 1725 and 1910 more sea otters were caught than any other fur-bearing animal.",
433,Inference Test,RL3,"Recently, it has been discovered that it is possible to rid an area of starlings if a recording of a starling in distress is played over loud-speakers for several evenings.",A,"One starling control technigue uses recordings of starlings in distress.;;When starlings hear the distress calls of other starlings, they flee.;;Starlings have been multiplying and spreading at an appalling rate.;;The starling control problem could be solved if such recordings were used in enough places.;;The best way to control starlings is to frighten them.",
434,Inference Test,RL3,"The combined presence of carbon, water, and temperatures at which water is ordinarily a liquid are essential to life on earth.",C,Life on the moon seems impossible since the moon has no water.;;The only possible components of living things are the elements known to us.;;All living things on earth use carbon.;;The conditions given in the statement are the only ones that are essential to life on earth.;;Living things are resistant to large temperature changes.,
435,Inference Test,RL3,"On the average, U.S. citizens are taller today than they were 100 years ago.",E,Large numbers of tall people have immigrated over the past 100 years.;;The taller men have tended to marry the taller women.;;Tall parents have taller children than short parents have.;;People's diets are better today.;;John is probably taller than his grandfather.,
436,Inference Test,RL3,Life expectancy tables show that one out of each 100 people in the U.S. will live to be more than 95 years old and 54 will live to be at least 68.,A,Less than half of the U.S. population is expected to die before the age of 68.;;Women have a greater life expectancy than men.;;Most men who live to be 68 will live to be 95.;;Living to be very old is the result of having a long life expectancy.;;The average person will not live to be 68.,
437,Inference Test,RL3,Excavations at the ruins of the ancient temple called Stonehenge indicate the temple was built upon a site previously used by two other primitive civilizations. It has been estimated that the temple was constructed between 1500 and 1400 B.C.,C,The two earlier civilizations used this temple as a common meeting place.;;Two earlier temples had been erected ont the site.;;The first of the primitive civilizations used this site before 1400 B.C.;;Stonehenge was built by a primitive civilization known as the Druids.;;Parts of three temples previously on the site have been excavated.,
438,Inference Test,RL3,"The salt deposits at Natrium, which are at a depth of 6,800 feet, are in the same stratum that runs under Cleveland at a depth of 1,000 feet. This stratum gradually deepens in a southeasterly direction from Cleveland.",B,"Cleveland lies to the northwest of Natrium.;;One of the strata that run beneath both Natrium and Cleveland has salt deposits in it.;;Strata which have salt deposits are usually at a depth of at least 1,000 feet.;;There are salt deposits from Cleveland to Natrium.;;The altitude of Cleveland is probably greater than that of Natrium.",
439,Inference Test,RL3,Most students who cheat on exams are caught.,E,School authorities deal effectively with cheaters.;;Most students who cheat on exams are punished.;;Cheaters deserve to be punished.;;Cheaters are always found out.;;Some cheaters are never discovered.,
440,Inference Test,RL3,Today it generally costs more to build a house than it cost to build one 20 years ago.,A,Building costs have risen during the past 20 years.;;Most houses that people are building today are larger than the ones built 20 years ago.;;Builders are using more expensive materials today.;;People are equipping new houses with more expensive appliances.;;The cost of living has risen over the past 20 years.,
441,Inference Test,RL3,"A few small mammals can hear frequencies up to and above 30,000 cycles per second. The bat is sensitive to frequencies as high as 100,000 cycles per second.",E,"Most animals can hear frequencies which are as high as 30,000 cycles per second.;;Bats are not very sensitive to low frequencies.;;The smaller the animal, the higher the frequencies that it can hear.;;Only the bat can hear frequencies above 30,000 cycles per second.;;A bat's ears are more sensitive to high frequencies than are the ears of most small mammals.",
442,Inference Test,RL3,"All human beings fall into four main groups according to the composition of their blood: O, A, B, and AB. Knowledge of these blood types is important for transfusions.",D,The blood type is determined by genes.;;Persons of group AB can receive blood from any other type.;;Blood transfusions between members of the same group are always safe.;;Certain percentages of all people belong to each type.;;Blood from persons of group O can safely be given to persons of any group.,
443,Inference Test,RL3,"The painted vases, friezes, and other remains, which have been found in the ruins of the Minoan civilization of ancient Crete, give the impression of a happy, aristocratic culture.",B,Artistic achievement is the true measure of cultural development.;;Something can be learned about a society from its works of art.;;Written records are the most valuable source of human knowledge.;;The Minoans did not know the art of writing.;;An aristocratic society is not likely to be concerned with transmitting its culture to future generations.,
444,Inference Test,RL3,"A car, driven by a man who had been drinking, was involved in an accident with a speeding truck.",B,The accident probably could have been avoided if the man had not been drinking.;;The cause of the accident might have been liquor or speed.;;The car was probably travelling too fast as well.;;Accidents are caused by reckless driving.;;Trucks should not travel so fast.,
445,Inference Test,RL3,A squid travels by jet propulsion. It takes in water by opening the muscular mantle which surrounds its body. Then the squid moves by squirting the water out through a powerful siphon.,C,"The squid’s jet propulsion enables it to overtake nearly anything that swims.;;The squid's mantle has ten muscular tentacles.;;The stream of water provides the thrust which moves the squid.;;The squid is propelled backward through the water.;;Most squid are active, highly mobile animals of aggressive habits.",
446,Inference Test,RL3,The world’s pupulation is increasing at a tremendous rate but the supply of water is remaining constant.,A,"The world is becoming more crowded.;;The standard of living will decline in the future.;;In the future, few people will have enough to drink.;;In the future, it will be necessary to use less water for washing.;;The population is becoming denser where there is a good supply of water.",
447,Inference Test,RL3,Skin darkness and color depend on the concentration and color of pigment particles in pigment-bearing cells.,E,The number of pigment particles in a cell remains constant.;;A tan results when new pigment particles are produced.;;The cells with pigment are found in the deeper skin layers.;;Pigment particles are not uniformly distributed in the body.;;Some skin cells contain relatively few pigment particles.,
448,Inference Test,RL3,During the Italian Renaissance most naturalists were artists as well.,B,"Leonardo de Vinci, a Renaissance artist, made many scientific observations.;;During the Renaissance there was a very close connection between the development of biological sciences and painting.;;Renaissance artists and naturalists were trained both in analytic thought and realism.;;Most artists of the Renaissance also became naturalists since it was too difficult to make a living through art alone.;;The progress of natural science spurred Renaissance artists to increased activity so that the esthetic needs of society could be satisfied.",
449,Inference Test,RL3,The wave lengths of light which are reflected from an object are what one sees and describes as the color of the object. The other visible wave lengths are absorbed by the object.,C,"Black is the total absorption of all colors.;;An infrared object reflects all wave lengths except the infrared wave lengths.;;A ""red"" object reflects only the ""red"" wave lengths.;;An object appears white when the wave lengths of the lightest colors are absorbed.;;A ""white"" object reflects all colors.",
450,Deciphering Languages,RL4,white sheep=,B,white sheep=;;dag kip;;tin kip;;stam dag;;bud tin;;tin bud,
451,Deciphering Languages,RL4,black dog=,E,black dog=;;stam dag;;dag kip;;tin kip;;kip bud;;dag bud,
452,Deciphering Languages,RL4,tin stam=,A,tin stam=;;white cow;;black sheep;;white sheep;;black dog;;black cow,
453,Deciphering Languages,RL4,large cold river=,B,large cold river=;;\bar{W};;W*;;\underline{w*};;U*;;\bar{U},
454,Deciphering Languages,RL4,\bar{u}=,D,\bar{u}=;;wide shallow lake;;large cold lake;;small cold river;;small shallow lake;;large shallow lake,
455,Deciphering Languages,RL4,U*=,C,U*=;;large cold river;;small cold river;;large cold lake;;large shallow lake;;small deep lake,
456,Deciphering Languages,RL4,old green lamps=,C,old green lamps=;;)WJ;;VHB;;(JO;;(HB;;NHB,
457,Deciphering Languages,RL4,three brown chairs=,A,three brown chairs=;;NHB;;(WB;;(NH;;)HO;;VJD,
458,Deciphering Languages,RL4,)WJ=,B,)WJ=;;three yellow lamps;;four new lamps;;new green lamps;;two brown chairs;;foue old chairs,
459,Deciphering Languages,RL4,three new green lamps=,B,three new green lamps=;;(WHB;;)NJO;;)VJD;;(VJD;;)WHB,
460,Deciphering Languages,RL4,four old brown chairs=,E,four old brown chairs=;;)NHO;;)VJD;;(HWB;;)JVO;;(WHB,
461,Deciphering Languages,RL4,(VJD=,B,(VJD=;;four new green chairs;;two old yellow lamps;;four new brown chairs;;three new brown lamps;;three new green chairs,
462,Deciphering Languages,RL4,good man=,A,good man=;;AI;;VI;;V*;;Al;;IV,
463,Deciphering Languages,RL4,bad music=,D,bad music=;;Vl;;lV;;AI;;V*;;Al,
464,Deciphering Languages,RL4,Al=,C,Al=;;bad music;;good music;;good bird;;bad bird;;good man,
465,Deciphering Languages,RL4,large red melon=,B,large red melon=;;mush gid too;;wonk gid kal;;wonk too gid;;wonk gid too;;mush gid mel,
466,Deciphering Languages,RL4,small green pepper=,B,small green pepper=;;faf gid too;;faf mel too;;faf gid kal;;kal gid faf;;kal faf gid,
467,Deciphering Languages,RL4,mush gid too=,D,mush gid too=;;large red melon;;large red pepper;;small green pepper;;large green tomato;;large green pepper,
468,Deciphering Languages,RL4,small cages=,C,small cages=;;lat dren pop;;pop cue mit;;lat dren popo;;lat blet popo;;popo lob lat,
469,Deciphering Languages,RL4,large square boxes=,B,large square boxes=;;lat cue pop;;mit blet cue;;mit cue pop;;bif cue blet;;bif lob pop,
470,Deciphering Languages,RL4,lat lob po=,E,lat lob po=;;three square boxes;;two round rooms;;three round rooms;;three square cages;;two round cages,
471,Deciphering Languages,RL4,small square boxes=,D,small square boxes=;;lat dren cue pop;;pop cue dren lat;;bif lob blet pop;;mit dren cue po;;mit dren lob popo,
472,Deciphering Languages,RL4,large round rooms=,A,large round rooms=;;bif blet lob popo;;dren lat lob mit;;bif blet cue popo;;lat dren cue pop;;lat dren lob po,
473,Deciphering Languages,RL4,lat blet lob pop=,C,lat blet lob pop=;;two large round rooms;;two small square rooms;;three large round cages;;three small square boxes;;four small round cages,
474,Vocabulary Test I,V1,airtight,C,firm;;light;;hermetically sealed;;plane sick,
475,Vocabulary Test I,V1,peddle,D,tattle;;cheat;;misrepresent;;sell,
476,Vocabulary Test I,V1,raider,B,frontiersman;;plunderer;;murderer;;cynic,
477,Vocabulary Test I,V1,energetically,D,inspiringly;;skillfully;;delightfully;;vigorously,
478,Vocabulary Test I,V1,implicate,A,involve;;remove;;retaliate;;exaggerate,
479,Vocabulary Test I,V1,gloaming,C,autumn;;midnight;;twilight;;daybreak,
480,Vocabulary Test I,V1,legibleness,C,crookedness;;amity;;plainness;;carelessness,
481,Vocabulary Test I,V1,laceration,A,cut;;oration;;tumor;;flogging,
482,Vocabulary Test I,V1,jollification,B,capitulation;;merrymaking;;emancipation;;teasing,
483,Vocabulary Test I,V1,willowy,A,lithe;;windy;;quiet;;fickle,
484,Vocabulary Test I,V1,feline,D,guileless;;fabulous;;equine;;catlike,
485,Vocabulary Test I,V1,dispiritedly,D,neglectfully;;conspicuously;;dishonorably;;dejectedly,
486,Vocabulary Test I,V1,intricacy,B,delicacy;;complexity;;invisibility;;hostility,
487,Vocabulary Test I,V1,excerpt,B,accept;;extract;;curtail;;deprive,
488,Vocabulary Test I,V1,arrogance,C,contrariness;;insubordination;;haughtiness;;vivacity,
489,Vocabulary Test I,V1,gallivant,B,serenade;;gad about;;plunder;;espouse,
490,Vocabulary Test I,V1,sheik,D,priest;;casque;;shepherd;;chief,
491,Vocabulary Test I,V1,exorbitance,A,excessiveness;;dissidence;;unanimity;;gaiety,
492,Vocabulary Test I,V1,chef,C,cheese;;style;;head cook;;candle,
493,Vocabulary Test I,V1,milestone,A,marker;;plant;;soft music;;grindstone,
494,Vocabulary Test I,V1,chowder,D,dog;;chemical;;pigment;;stew,
495,Vocabulary Test I,V1,emancipator,B,theorist;;liberator;;prophet;;spy,
496,Vocabulary Test I,V1,consultative,C,monitory;;conservative;;advisory;;narrative,
497,Vocabulary Test I,V1,emergence,D,laziness;;identity;;contrast;;coming forth,
498,Vocabulary Test I,V1,sheepfold,C,blanket;;warm coat;;sheeppen;;crooked stick,
499,Vocabulary Test I,V1,ignoramus,D,monster;;gossip;;dandy;;dunce,
500,Vocabulary Test I,V1,calamitous,C,clamorous;;discontented;;disastrous;;uncouth,
501,Vocabulary Test I,V1,furlough,A,leave of absence;;garden;;foot soldier;;timerbland,
502,Vocabulary Test I,V1,incubate,D,inform;;anticipate;;burn;;brood,
503,Vocabulary Test I,V1,incessantness,B,hopelessness;;continuousness;;inclination;;rashness,
504,Vocabulary Test I,V1,blithesome,B,morbid;;cheery;;blessed;;venturesome,
505,Vocabulary Test I,V1,devitalize,B,eat;;deaden;;soften;;wave,
506,Vocabulary Test I,V1,exonerate,D,betray;;transgress;;exult;;vindicate,
507,Vocabulary Test I,V1,decadence,A,decline;;decision;;color;;joy,
508,Vocabulary Test I,V1,ungainly,C,cheap;;stupid;;clumsy;;hazardous,
509,Vocabulary Test I,V1,pestilential,A,malignant;;preparing;;boisterous;;yearly,
510,Vocabulary Test II,V2,handicraft,D,cunning;;fast boat;;utility;;manual skill;;guild,
511,Vocabulary Test II,V2,resistant,E,confusing;;conjunctive;;systematic;;assisting;;opposing,
512,Vocabulary Test II,V2,ejection,B,restoration;;expulsion;;reformation;;bisection;;exposition,
513,Vocabulary Test II,V2,yawl,D,tropical strom;;foghorn;;carouse;;sailboat;;turn,
514,Vocabulary Test II,V2,listless,C,aggressive;;adaptable;;indifferent;;sorrowful;;ugly,
515,Vocabulary Test II,V2,acceptable,B,affected;;suitable;;attractive;;genial;;noteworthy,
516,Vocabulary Test II,V2,unobservant,C,analytic;;conclusive;;heedless;;uninformed;;timid,
517,Vocabulary Test II,V2,perambulator,C,coffeepot;;drunkard;;baby carriage;;liar;;camel,
518,Vocabulary Test II,V2,masticate,A,chew;;massage;;manufacture;;create;;pollute,
519,Vocabulary Test II,V2,poignancy,D,peignoir;;gloominess;;keenness;;gluttony;;barony,
520,Vocabulary Test II,V2,salaam,D,salivation;;salmon;;salutation;;ransom;;brigand,
521,Vocabulary Test II,V2,compatible,B,abridged;;congenial;;compelling;;related;;combined,
522,Vocabulary Test II,V2,inclement,D,balmy;;happy;;righteous;;severe;;apprehensive,
523,Vocabulary Test II,V2,access,C,abundance;;evaluation;;approach;;extremes;;foes,
524,Vocabulary Test II,V2,bland,C,disagreeable;;pale;;soothing;;empty;;musical,
525,Vocabulary Test II,V2,collusion,D,nerve;;rest;;prayer;;conspiracy;;disguise,
526,Vocabulary Test II,V2,degrade,A,lower in rank;;bend downward;;disagree;;sort;;uplift,
527,Vocabulary Test II,V2,evolve,A,develop gradually;;spin;;end suddenly;;implicate;;include,
528,Vocabulary Test II,V2,dreg,B,pulled;;worthless leftover;;wooden pin;;wheel spoke;;liquid,
529,Vocabulary Test II,V2,crescendo,E,repeat;;treble clef;;decrease in time;;eighth note;;increase in loudness,
530,Vocabulary Test II,V2,trilogy,E,set of four;;a pair;;vibrations;;interjections;;set of three,
531,Vocabulary Test II,V2,budget,E,civil government;;capital punishment;;calendar;;bulletin;;financial plan,
532,Vocabulary Test II,V2,gritty,D,frigid;;windy;;adhesive;;granular;;inwieldy,
533,Vocabulary Test II,V2,alignment,A,formation;;accusation;;emblem;;brightness;;buoyant,
534,Vocabulary Test II,V2,morbid,C,moral;;attractive;;gruesome;;caustic;;mysterious,
535,Vocabulary Test II,V2,malignant,D,deliberate;;superior;;delirious;;malicious;;fragrant,
536,Vocabulary Test II,V2,hauteur,B,discordancy;;arrogance;;languor;;ignorance;;utility,
537,Vocabulary Test II,V2,nihilism,C,psychology;;optimism;;anarchism;;biology;;chauvinism,
538,Vocabulary Test II,V2,insipid,E,benign;;changeable;;poisonous;;colorless;;tasteless,
539,Vocabulary Test II,V2,droll,E,serious;;argument;;dwarf;;brogue;;laughable,
540,Vocabulary Test II,V2,complacent,B,friendly;;smug;;jealous;;angry;;uncivil,
541,Vocabulary Test II,V2,archaeology,B,obsolete language;;study of ancient cultures;;architectural structure;;lineage;;study of rock formations,
542,Vocabulary Test II,V2,canvass,E,crack;;flower;;elect;;wild bird;;examine,
543,Vocabulary Test II,V2,correlate,B,ceremony of crowning;;relate closely;;distant relative;;overweight;;group of soldiers,
544,Vocabulary Test II,V2,edifice,D,small insect;;heir;;front;;large building;;learning,
545,Vocabulary Test II,V2,flabby,A,lacking firmness;;giddy;;talkative;;noisy and boastful;;affluent,
546,Extended Range Vocabulary Test,V3,cottontail,E,squirrel;;poplar;;boa;;marshy plant;;rabbit,
547,Extended Range Vocabulary Test,V3,marketable,D,partisan;;jocular;;marriageable;;salable;;essential,
548,Extended Range Vocabulary Test,V3,boggy,C,afraid;;false;;marshy;;dense;;black,
549,Extended Range Vocabulary Test,V3,gruesomeness,E,blackness;;falseness;;vindictiveness;;drunkenness;;ghastliness,
550,Extended Range Vocabulary Test,V3,loathing,C,diffidence;;laziness;;abhorrence;;cleverness;;comfort,
551,Extended Range Vocabulary Test,V3,bantam,A,fowl;;ridicule;;cripple;;vegetable;;ensign,
552,Extended Range Vocabulary Test,V3,evoke,E,wake up;;surrender;;reconnoiter;;transcend;;call forth,
553,Extended Range Vocabulary Test,V3,unobtrusive,E,unintelligent;;epileptic;;illogical;;lineal;;modest,
554,Extended Range Vocabulary Test,V3,terrain,D,ice cream;;final test;;tractor;;area of ground;;weight,
555,Extended Range Vocabulary Test,V3,capriciousness,C,stubbornness;;courage;;whimsicality;;amazement;;greediness,
556,Extended Range Vocabulary Test,V3,maelstrom,B,slander;;whirlpool;;enmity;;armor;;majolica,
557,Extended Range Vocabulary Test,V3,tentative,D,critical;;conclusive;;authentic;;provisional;;apprehensive,
558,Extended Range Vocabulary Test,V3,placate,E,rehabilitate;;plagiarize;;depredate;;apprise;;conciliate,
559,Extended Range Vocabulary Test,V3,surcease,B,enlightenment;;cessation;;inattention;;censor;;substitution,
560,Extended Range Vocabulary Test,V3,apathetic,B,wandering;;impassive;;hateful;;prophetic;;overflowing,
561,Extended Range Vocabulary Test,V3,paternoster,E,paternalism;;patricide;;malediction;;benediction;;prayer,
562,Extended Range Vocabulary Test,V3,opalescence,D,opulence;;senescence;;bankruptcy;;iridescence;;assiduity,
563,Extended Range Vocabulary Test,V3,lush,B,stupid;;luxurious;;hazy;;putrid;;languishing,
564,Extended Range Vocabulary Test,V3,curtailment,C,expenditure;;abandonment;;abridgment;;improvement;;forgery,
565,Extended Range Vocabulary Test,V3,perversity,D,adversity;;perviousness;;travesty;;waywardness;;gentility,
566,Extended Range Vocabulary Test,V3,calumnious,C,complimentary;;analogous;;slanderous;;tempestuous;;magnanimous,
567,Extended Range Vocabulary Test,V3,illiberality,A,bigotry;;imbecility;;illegibility;;cautery;;immaturity,
568,Extended Range Vocabulary Test,V3,clabber,C,rejoice;;gossip;;curdle;;crow;;hobble,
569,Extended Range Vocabulary Test,V3,sedulousness,A,diligence;;credulousness;;seduction;;perilousness;;frankness,
570,Extended Range Vocabulary Test,V3,shortcake,B,condiment;;pastry;;fruit;;sweetmeat;;vegetable,
571,Extended Range Vocabulary Test,V3,hardtack,E,nail;;textile;;weapon;;wood;;biscuit,
572,Extended Range Vocabulary Test,V3,commendable,E,pleasurable;;charitable;;luctrative;;proscriptive;;laudable,
573,Extended Range Vocabulary Test,V3,nonchalant,D,sarcastic;;discourteous;;noble;;unconcerned;;unsophisticated,
574,Extended Range Vocabulary Test,V3,coloration,A,pigmentation;;alternation;;configuration;;prevention;;taint,
575,Extended Range Vocabulary Test,V3,aridity,D,bitterness;;surface;;sonority;;dryness;;torridity,
576,Extended Range Vocabulary Test,V3,demoniacal,D,aloof;;mythical;;thoughtful;;fiendish;;eccentric,
577,Extended Range Vocabulary Test,V3,highroad,C,mountain road;;right of way;;main road;;roadbed;;concrete road,
578,Extended Range Vocabulary Test,V3,befog,D,dampen;;forget;;whip;;mystify;;belittle,
579,Extended Range Vocabulary Test,V3,platoon,C,tableland;;bridge of boats;;body of soldiers;;commonplace remark;;frigate,
580,Extended Range Vocabulary Test,V3,dullard,E,peon;;duck;;braggart;;thief;;dunce,
581,Extended Range Vocabulary Test,V3,momentously,C,frivolously;;moderately;;weightily;;momentarily;;modishly,
582,Extended Range Vocabulary Test,V3,corroboratory,C,plausible;;anticipatory;;confirmatory;;explanatory;;esoteric,
583,Extended Range Vocabulary Test,V3,figurine,E,metaphor;;wine;;poem;;organ;;statuette,
584,Extended Range Vocabulary Test,V3,rancorous,A,malignant;;jubilant;;abashed;;inglorious;;careless,
585,Extended Range Vocabulary Test,V3,inveteracy,A,habitualness;;migration;;bravery;;covering;;hatefulness,
586,Extended Range Vocabulary Test,V3,choler,A,anger;;chorister;;guard;;saliva;;refrigerator,
587,Extended Range Vocabulary Test,V3,vacillation,B,purification;;wavering;;expulsion;;tempting;;foolishness,
588,Extended Range Vocabulary Test,V3,aggrandizement,E,theft;;impeachment;;derision;;amazement;;enlargement,
589,Extended Range Vocabulary Test,V3,effulgence,D,prominence;;outline;;change;;radiance;;energy,
590,Extended Range Vocabulary Test,V3,aphasia,A,loss of speech;;drunkenness;;anemia;;loss of memory;;rash,
591,Extended Range Vocabulary Test,V3,panoplied,B,philosophical;;dressed in armor;;panting;;frenzied;;atavistic,
592,Extended Range Vocabulary Test,V3,sacrosanct,C,sacrificial;;dormant;;inviolable;;superficial;;gullible,
593,Extended Range Vocabulary Test,V3,prurience,D,modesty;;sapience;;provender;;lust;;security,
594,Advanced Vocabulary Test I,V4,mumble,A,speak indistinctly;;complain;;handle awkwardly;;fall over something;;tear apart,
595,Advanced Vocabulary Test I,V4,perspire,B,struggle;;sweat;;happen;;penetrate;;submit,
596,Advanced Vocabulary Test I,V4,gush,B,giggle;;spout;;sprinkle;;hurry;;cry,
597,Advanced Vocabulary Test I,V4,massive,D,strong and muscular;;thickly populated;;ugly and awkward;;huge and solid;;everlasting,
598,Advanced Vocabulary Test I,V4,feign,A,pretend;;prefer;;wear;;be cautious;;surrender,
599,Advanced Vocabulary Test I,V4,unwary,C,unusual;;deserted;;incautious;;sudden;;tireless,
600,Advanced Vocabulary Test I,V4,veer,A,change direction;;hesitate;;catch sight of;;cover with a thin layer;;slide,
601,Advanced Vocabulary Test I,V4,orthodox,A,conventional;;straight;;surgical;;right-angled;;religious,
602,Advanced Vocabulary Test I,V4,stripling,D,stream;;narrow path;;engraving;;lad;;beginner,
603,Advanced Vocabulary Test I,V4,salubrious,E,mirthful;;indecent;;salty;;mournful;;healthful,
604,Advanced Vocabulary Test I,V4,limpid,C,lazy;;crippled;;clear;;hot;;slippery,
605,Advanced Vocabulary Test I,V4,procreate,D,sketch;;inhabit;;imitate;;beget;;encourage,
606,Advanced Vocabulary Test I,V4,replete,A,full;;elderly;;resentful;;discredited;;restful,
607,Advanced Vocabulary Test I,V4,frieze,C,fringe of curls on the forehead;;statue;;ornamental band;;embroidery;;sherbet,
608,Advanced Vocabulary Test I,V4,treacle,E,sewing machine;;framework;;leak;;apple butter;;molasses,
609,Advanced Vocabulary Test I,V4,ignominious,D,inflammable;;elflike;;unintelligent;;disgracegul;;mysterious,
610,Advanced Vocabulary Test I,V4,abjure,C,make certain;;arrest;;renounce;;abuse;;lose,
611,Advanced Vocabulary Test I,V4,duress,E,period of time;;distaste;;courage;;hardness;;compulsion,
612,Advanced Vocabulary Test I,V4,bayonet,D,small tent;;basket;;helmet;;sharp weapon;;short gun,
613,Advanced Vocabulary Test I,V4,astound,C,scold severely;;make angry;;surprise greatly;;drive out;;ascertain,
614,Advanced Vocabulary Test I,V4,contamination,D,contradiction;;contempt;;warning;;pollution;;continuation,
615,Advanced Vocabulary Test I,V4,amplify,B,electrify;;expand;;cut off;;signify;;supply,
616,Advanced Vocabulary Test I,V4,mural pertaining to,E,growth;;manners;;the eyes;;war;;a wall,
617,Advanced Vocabulary Test I,V4,hale,D,glad;;fortunate;;tall;;robust;;ready,
618,Advanced Vocabulary Test I,V4,meander,E,marvel;;predict;;slope;;forget;;wind,
619,Advanced Vocabulary Test I,V4,burnish,A,polish;;wave;;dye;;heat;;consume,
620,Advanced Vocabulary Test I,V4,duplicity,B,extent;;double-dealing;;agreement;;cleverness;;overlapping,
621,Advanced Vocabulary Test I,V4,mundane,A,worldly;;obstinate;;deafening;;servile;;penniless,
622,Advanced Vocabulary Test I,V4,deleterious,A,injurious;;hysterical;;critical;;slow;;thinned out,
623,Advanced Vocabulary Test I,V4,nascent,E,colorful;;broad;;unpleasant;;floating;;beginning,
624,Advanced Vocabulary Test I,V4,prolific,A,freely reproductive;;prehistoric;;talented;;highly temperamental;;frivolous,
625,Advanced Vocabulary Test I,V4,paroxysm,D,bleach;;disaster;;storm;;fit;;revolution,
626,Advanced Vocabulary Test I,V4,antipodal,D,outmoded;;slanted;;melodious;;opposite;;four-footed,
627,Advanced Vocabulary Test I,V4,acrimony,E,promptness;;boredom;;divorce;;stupidity;;bitterness,
628,Advanced Vocabulary Test I,V4,lissome,D,lonely;;young;;dreamy;;supple;;dainty,
629,Advanced Vocabulary Test I,V4,succinct,B,sudden;;concise;;prosperous;;literary;;cunning,
630,Advanced Vocabulary Test II,V5,rancor,C,forbearance;;ridicule;;malice;;bravery,
631,Advanced Vocabulary Test II,V5,raucous,D,empty;;quiet;;smooth;;harsh,
632,Advanced Vocabulary Test II,V5,gargoyle,C,oil;;medicine;;carved waterspout;;ugly building,
633,Advanced Vocabulary Test II,V5,recrudesce,B,purify;;renew activity;;lack refinement;;crush,
634,Advanced Vocabulary Test II,V5,specious,A,"plausible, but not genuine;;noteworthy;;class or variety;;roomy",
635,Advanced Vocabulary Test II,V5,bauble,B,bubble;;showy plaything;;idle talk;;confusion,
636,Advanced Vocabulary Test II,V5,prolific,B,scarce;;producing abundantly;;reckless;;speaking profanely,
637,Advanced Vocabulary Test II,V5,opulent,B,party;;wealthy;;happy frame of mind;;semiprecious stone,
638,Advanced Vocabulary Test II,V5,coercion,C,conspiracy;;strategy;;restraint;;attraction,
639,Advanced Vocabulary Test II,V5,hiatus,D,animal;;calamity;;dread;;gap,
640,Advanced Vocabulary Test II,V5,germane,C,microbe;;contagious;;relevant;;different,
641,Advanced Vocabulary Test II,V5,perfunctory,C,fundamental;;formal;;superficial;;careful,
642,Advanced Vocabulary Test II,V5,diverge,D,reveal;;chant;;distract the attention of;;differ or turn off from,
643,Advanced Vocabulary Test II,V5,evoke,D,take away;;anger;;connect;;bring out,
644,Advanced Vocabulary Test II,V5,pertinent,A,relevant;;lying next to;;necessary;;bold,
645,Advanced Vocabulary Test II,V5,holocaust,B,entirety;;destruction;;saintly;;price,
646,Advanced Vocabulary Test II,V5,piquant,C,mellow;;fish;;pungent;;cloth,
647,Advanced Vocabulary Test II,V5,firmament,B,foundation;;heavens;;strong;;glue,
648,Advanced Vocabulary Test II,V5,bizarre,C,market;;conventional;;odd;;imaginative,
649,Advanced Vocabulary Test II,V5,moral,A,ethical;;esthetic;;mental state;;weak,
650,Advanced Vocabulary Test II,V5,implacable,D,subdued;;relieved;;uncertain;;relentless,
651,Advanced Vocabulary Test II,V5,paradox,D,ornamental box;;question;;infectious disease;;statement that says two opposite things,
652,Advanced Vocabulary Test II,V5,bigot,C,foreigner;;cynic;;intolerant person;;insect,
653,Advanced Vocabulary Test II,V5,sumptuous,A,luxurious;;sweet;;credulous;;cheap,
654,Advanced Vocabulary Test II,V5,tacit,C,tactful;;elaborately developed;;unspoken but implied;;clever,
655,Advanced Vocabulary Test II,V5,harbinger,A,forerunner;;well-tailored;;fortuneteller;;port,
656,Advanced Vocabulary Test II,V5,panegyric,D,medicine;;denunciation;;sports event;;laudation,
657,Advanced Vocabulary Test II,V5,cryptic,C,grave;;escape;;hidden;;pretentious,
658,Advanced Vocabulary Test II,V5,descried,C,described;;scolded;;saw;;denounced,
659,Advanced Vocabulary Test II,V5,querulous,B,questioning;;complaining;;noisy;;agreeable,
660,Advanced Vocabulary Test II,V5,pecuniary,A,involving money;;esthetic;;trifling;;unusual,
661,Advanced Vocabulary Test II,V5,carnage,C,flower;;small eagle;;slaughter;;antique,
662,Advanced Vocabulary Test II,V5,subservient,B,arrogant;;submissive;;undermining;;unnecessary,
663,Advanced Vocabulary Test II,V5,trepidation,A,fear;;watering;;means of travel;;surgery,
664,Advanced Vocabulary Test II,V5,delineate,D,limit;;straighten;;omit;;depict,
665,Advanced Vocabulary Test II,V5,preponderance,B,statement;;dominance;;body of water;;thoughtfulness,
666,Combining Objects,XU1,Request: Kill wasps nesting in a crevice in the rocks. Location: Near your camp in the woods; no insect spray available.,<LLMEval>Acceptable answer pairs are: The first objest is anything that can burn or be used as fuel; The second objest is like matches or other means of starting a fire. The scenario is to use the two objects together to achieve the request around a specific location: Request: Kill wasps nesting in a crevice in the rocks. Location: Near your camp in the woods; no insect spray available.,,
667,Combining Objects,XU1,"Request: Make a sign with wide clear letters saying ""wet Paint."" Location: An ordinary house; no more paint available.","<LLMEval>Acceptable answer pairs are: The first objest is any writing surface (paper, cardboard, wood, etc.); The second objest is anything that will make a mark (lipstick, charcoal, pen, etc.). The scenario is to use the two objects together to achieve the request around a specific location: Request: Make a sign with wide clear letters saying ""wet Paint."" Location: An ordinary house; no more paint available.",,
668,Combining Objects,XU1,Request: Make a fly swatter. Location: An ordinary house; no manufactured fly swatter available.,"<LLMEval>Acceptable answer pairs are: The first objest is anything that will make a handle (stick, coat hanger, etc.); The second objest is anything that will make a swatter (rag, screening, newspaper, etc.). The scenario is to use the two objects together to achieve the request around a specific location: Request: Make a fly swatter. Location: An ordinary house; no manufactured fly swatter available.",,
669,Combining Objects,XU1,Request: Break off a dead branch that is 30 feet high on a tree. Location: Near an ordinary house; no ladder or way to climb the tree available.,"<LLMEval>Acceptable answer pairs are: The first objest is anything that can be used to reach a limb (stick, rope, etc.); The second objest is anything that will break off limb (saw, weight, etc.). The scenario is to use the two objects together to achieve the request around a specific location: Request: Break off a dead branch that is 30 feet high on a tree. Location: Near an ordinary house; no ladder or way to climb the tree available.",,
670,Combining Objects,XU1,"Request: Produce emergency floatation. Location: In deep water; nothing is floating nearby, but you are fully clothed.","<LLMEval>Acceptable answer pairs are: The first objest is any large piece of clothing (trousers, shirt, etc.); The second objest is any material to tie clothing after inflation (string, etc.). The scenario is to use the two objects together to achieve the request around a specific location: Request: Produce emergency floatation. Location: In deep water; nothing is floating nearby, but you are fully clothed.",,
671,Combining Objects,XU1,Request: Check the exact verticalness of a post. Location: Boathouse with sporting gear; no carpenter's level available.,"<LLMEval>Acceptable answer pairs are: The first objest is any small piece of sports or boating equipment that could be used as a weight (oarlock, fish sinker, etc.); The second objest is any kind of string or line. The scenario is to use the two objects together to achieve the request around a specific location: Request: Check the exact verticalness of a post. Location: Boathouse with sporting gear; no carpenter's level available.",,
672,Combining Objects,XU1,Request: Construct a temporary scarecrow. Location: In an ordinary backyard with garage; no trees or shrubbery available.,"<LLMEval>Acceptable answer pairs are: The first objest is any materials that might make body (brooms, stick, etc.); The second objest is any materials that might be used as costume (old clothes, rags, etc.). The scenario is to use the two objects together to achieve the request around a specific location: Request: Construct a temporary scarecrow. Location: In an ordinary backyard with garage; no trees or shrubbery available.",,
673,Combining Objects,XU1,"Request: Make book shelves or racks for several hundred books. Location: Near burned out, tumbled down building in the woods; no lumber, nails or cement available.","<LLMEval>Acceptable answer pairs are: The first objest is anything like bricks or other block-like material; The second objest is anything like boards or other shelf substitutes. The scenario is to use the two objects together to achieve the request around a specific location: Request: Make book shelves or racks for several hundred books. Location: Near burned out, tumbled down building in the woods; no lumber, nails or cement available.",,
674,Combining Objects,XU1,Request: Make a broom for sweeping the floor. Location: Cabin in the woods; no broom or brushes available.,"<LLMEval>Acceptable answer pairs are: The first objest is anything that could make a handle (stick, etc.); The second objest is anything that could do brushing (twigs, etc.). The scenario is to use the two objects together to achieve the request around a specific location: Request: Make a broom for sweeping the floor. Location: Cabin in the woods; no broom or brushes available.",,
675,Combining Objects,XU1,Request; Make something to anchor a boat. Location: Near an automobile junk yard; no anchor or chain available.,"<LLMEval>Acceptable answer pairs are: The first objest is any heavy automobile part (engine, wheel, etc.); The second objest is anything like wire or other material which could be used as a chain. The scenario is to use the two objects together to achieve the request around a specific location: Request; Make something to anchor a boat. Location: Near an automobile junk yard; no anchor or chain available.",,
676,Combining Objects,XU1,Request: Prepare a lightning rod for a cabin. Location: Cabin near an automobile junk yard; no manufactured lightning rod available.,"<LLMEval>Acceptable answer pairs are: The first objest is anything like radio, antenna; The second objest is anything like wire. The scenario is to use the two objects together to achieve the request around a specific location: Request: Prepare a lightning rod for a cabin. Location: Cabin near an automobile junk yard; no manufactured lightning rod available.",,
677,Combining Objects,XU1,Request: Make an envelope. Location: An ordinary house; no envelopes available.,"<LLMEval>Acceptable answer pairs are: The first objest is anything like paper of any kind; The second objest is anything adhesive (glue, scotch tape, etc.). The scenario is to use the two objects together to achieve the request around a specific location: Request: Make an envelope. Location: An ordinary house; no envelopes available.",,
678,Combining Objects,XU1,Request: Find a gold ring lost in the sand. Location: An ordinary house; no electronic metal detector available.,<LLMEval>Acceptable answer pairs are: The first objest is any type of screening or sieve; The second objest is any object that could be used as a shovel. The scenario is to use the two objects together to achieve the request around a specific location: Request: Find a gold ring lost in the sand. Location: An ordinary house; no electronic metal detector available.,,
679,Combining Objects,XU1,Request: Clean your ears. Location: An ordinary house; no tooth picks or special swabs available.,"<LLMEval>Acceptable answer pairs are: The first objest is any material to make stick (wire, match, bobby pin, etc.); The second objest is any material suitable for padding (cotton, tissues, etc.). The scenario is to use the two objects together to achieve the request around a specific location: Request: Clean your ears. Location: An ordinary house; no tooth picks or special swabs available.",,
680,Combining Objects,XU1,"Request: Draw a large, nearly perfect circle. Location: An ordinary house; no big round objects are available.","<LLMEval>Acceptable answer pairs are: The first objest is anything like string, thread, or other such materials; The second objest is any writing implement (pen, pencil, etc.). The scenario is to use the two objects together to achieve the request around a specific location: Request: Draw a large, nearly perfect circle. Location: An ordinary house; no big round objects are available.",,
681,Combining Objects,XU1,Request: Make a quiet door stop. Location: An ordinary house; no manufactured door stop available.,"<LLMEval>Acceptable answer pairs are: The first objest is any weighty object (brick, etc.); The second objest is any material to pad or silence the weight. The scenario is to use the two objects together to achieve the request around a specific location: Request: Make a quiet door stop. Location: An ordinary house; no manufactured door stop available.",,
682,Combining Objects,XU1,Request: Make a pair of earmuffs. Location: An ordinary house; no hats available for use.,"<LLMEval>Acceptable answer pairs are: The first objest is anything like coat hanger, spring or other wire; The second objest is anything like cloth of any type. The scenario is to use the two objects together to achieve the request around a specific location: Request: Make a pair of earmuffs. Location: An ordinary house; no hats available for use.",,
683,Combining Objects,XU1,Request: Reach a kite caught 20 feet high in a tree. Location: Field and woods: no house or supplies available; tree cannot be climbed.,<LLMEval>Acceptable answer pairs are: The first objest is anything like branches; The second objest is anything like rope. The scenario is to use the two objects together to achieve the request around a specific location: Request: Reach a kite caught 20 feet high in a tree. Location: Field and woods: no house or supplies available; tree cannot be climbed.,,
684,Combining Objects,XU1,Request: Compare the weights of two fish. Location: Cabin in the woods with fishing gear; no scales available.,<LLMEval>Acceptable answer pairs are: The first objest is any object that can be used as a balance; The second objest is any string-like objects or anything that can be used as a fulcrum or pivot. The scenario is to use the two objects together to achieve the request around a specific location: Request: Compare the weights of two fish. Location: Cabin in the woods with fishing gear; no scales available.,,
685,Combining Objects,XU1,Request: Make a strecher for an injured person. Location: Cabin in the woods; no litter available.,"<LLMEval>Acceptable answer pairs are: The first objest is anything like blankets or clothing with arms or legs (coats, trousers, shirts, etc.); The second objest is anything like poles, brooms, sticks or similar materials. The scenario is to use the two objects together to achieve the request around a specific location: Request: Make a strecher for an injured person. Location: Cabin in the woods; no litter available.",,
686,Substitute Uses,XU2,to serve as a medicine dropper to put drops in your eye.,"<LLMEval>Acceptable answers are anything like drinking straw, spoon or knife to serve as a medicine dropper to put drops in your eye. The scenario is: You are located near the shore of a lake. You have picnicking and camping equipment, fishing equipment, and appropriate clothes. Do not accept anser objects that ordinarily usde for the described purposes.",,"You are located near the shore of a lake. You have picnicking and camping equipment, fishing equipment, and appropriate clothes."
687,Substitute Uses,XU2,to sharpen a knife.,"<LLMEval>Acceptable answers are anything like stone (whetstone or flint) to sharpen a knife. The scenario is: You are located near the shore of a lake. You have picnicking and camping equipment, fishing equipment, and appropriate clothes. Do not accept anser objects that ordinarily usde for the described purposes.",,"You are located near the shore of a lake. You have picnicking and camping equipment, fishing equipment, and appropriate clothes."
688,Substitute Uses,XU2,to make a shot-like noise.,"<LLMEval>Acceptable answers are anything like paper bag, paddle (to hit something with), pans, rocks, tent poles to make a shot-like noise. The scenario is: You are located near the shore of a lake. You have picnicking and camping equipment, fishing equipment, and appropriate clothes. Do not accept anser objects that ordinarily usde for the described purposes.",,"You are located near the shore of a lake. You have picnicking and camping equipment, fishing equipment, and appropriate clothes."
689,Substitute Uses,XU2,to protect your head from falling rocks.,"<LLMEval>Acceptable answers are anything like frying pan or skillet, bucket to protect your head from falling rocks. The scenario is: You are located near the shore of a lake. You have picnicking and camping equipment, fishing equipment, and appropriate clothes. Do not accept anser objects that ordinarily usde for the described purposes.",,"You are located near the shore of a lake. You have picnicking and camping equipment, fishing equipment, and appropriate clothes."
690,Substitute Uses,XU2,to collect rainwater for drinking.,"<LLMEval>Acceptable answers are anything like pan, cup, bucket, tent, bowl, tackle boх to collect rainwater for drinking. The scenario is: You are located near the shore of a lake. You have picnicking and camping equipment, fishing equipment, and appropriate clothes. Do not accept anser objects that ordinarily usde for the described purposes.",,"You are located near the shore of a lake. You have picnicking and camping equipment, fishing equipment, and appropriate clothes."
691,Substitute Uses,XU2,"to regain your shoe, which sank 6 feet in the lake.","<LLMEval>Acceptable answers are anything like fish pole or line, stock (long), hook and line to regain your shoe, which sank 6 feet in the lake. The scenario is: You are located near the shore of a lake. You have picnicking and camping equipment, fishing equipment, and appropriate clothes. Do not accept anser objects that ordinarily usde for the described purposes.",,"You are located near the shore of a lake. You have picnicking and camping equipment, fishing equipment, and appropriate clothes."
692,Substitute Uses,XU2,to remove spots of paint from your metal tackle box.,"<LLMEval>Acceptable answers are anything like gasoline, knife, kerosene, scouring pad to remove spots of paint from your metal tackle box. The scenario is: You are located near the shore of a lake. You have picnicking and camping equipment, fishing equipment, and appropriate clothes. Do not accept anser objects that ordinarily usde for the described purposes.",,"You are located near the shore of a lake. You have picnicking and camping equipment, fishing equipment, and appropriate clothes."
693,Substitute Uses,XU2,"to tell you which way is north, if you have lost your compass.","<LLMEval>Acceptable answers are anything like watch to tell you which way is north, if you have lost your compass. The scenario is: You are located near the shore of a lake. You have picnicking and camping equipment, fishing equipment, and appropriate clothes. Do not accept anser objects that ordinarily usde for the described purposes.",,"You are located near the shore of a lake. You have picnicking and camping equipment, fishing equipment, and appropriate clothes."
694,Substitute Uses,XU2,to cut your hair or shave your beard reasonably well.,"<LLMEval>Acceptable answers are anything like knife to cut your hair or shave your beard reasonably well. The scenario is: You are located near the shore of a lake. You have picnicking and camping equipment, fishing equipment, and appropriate clothes. Do not accept anser objects that ordinarily usde for the described purposes.",,"You are located near the shore of a lake. You have picnicking and camping equipment, fishing equipment, and appropriate clothes."
695,Substitute Uses,XU2,to mark a tree so as to signify a particular location or a trail.,"<LLMEval>Acceptable answers are anything like hatchet or axe, piece of cloth, knife, neckerchief to mark a tree so as to signify a particular location or a trail. The scenario is: You are located near the shore of a lake. You have picnicking and camping equipment, fishing equipment, and appropriate clothes. Do not accept anser objects that ordinarily usde for the described purposes.",,"You are located near the shore of a lake. You have picnicking and camping equipment, fishing equipment, and appropriate clothes."
696,Substitute Uses,XU2,to serve as an emergency hammer.,<LLMEval>Acceptable answers are anything like shoe to serve as an emergency hammer. The scenario is: You and your spouse are locked in your motel unit. The unit consists of one large bedroom and a bath. You have your clothing and suitcases with you. Do not accept anser objects that ordinarily usde for the described purposes.,,You and your spouse are locked in your motel unit. The unit consists of one large bedroom and a bath. You have your clothing and suitcases with you.
697,Substitute Uses,XU2,to serve as an emergency screw driver.,"<LLMEval>Acceptable answers are anything like nail file, pocket knife, key, coin to serve as an emergency screw driver. The scenario is: You and your spouse are locked in your motel unit. The unit consists of one large bedroom and a bath. You have your clothing and suitcases with you. Do not accept anser objects that ordinarily usde for the described purposes.",,You and your spouse are locked in your motel unit. The unit consists of one large bedroom and a bath. You have your clothing and suitcases with you.
698,Substitute Uses,XU2,to cover your face for protection against mosquitoes but still be able to see.,"<LLMEval>Acceptable answers are anything like nylon stockings (women's), nylon night gown to cover your face for protection against mosquitoes but still be able to see. The scenario is: You and your spouse are locked in your motel unit. The unit consists of one large bedroom and a bath. You have your clothing and suitcases with you. Do not accept anser objects that ordinarily usde for the described purposes.",,You and your spouse are locked in your motel unit. The unit consists of one large bedroom and a bath. You have your clothing and suitcases with you.
699,Substitute Uses,XU2,to keep a bottle of soda cold.,"<LLMEval>Acceptable answers are anything like clothing, newspaper to keep a bottle of soda cold. The scenario is: You and your spouse are locked in your motel unit. The unit consists of one large bedroom and a bath. You have your clothing and suitcases with you. Do not accept anser objects that ordinarily usde for the described purposes.",,You and your spouse are locked in your motel unit. The unit consists of one large bedroom and a bath. You have your clothing and suitcases with you.
700,Substitute Uses,XU2,to keep your dirty laundry together.,<LLMEval>Acceptable answers are anything like pillow case to keep your dirty laundry together. The scenario is: You and your spouse are locked in your motel unit. The unit consists of one large bedroom and a bath. You have your clothing and suitcases with you. Do not accept anser objects that ordinarily usde for the described purposes.,,You and your spouse are locked in your motel unit. The unit consists of one large bedroom and a bath. You have your clothing and suitcases with you.
701,Substitute Uses,XU2,to wipe dirt off the window.,"<LLMEval>Acceptable answers are anything like shirt or other clothing, wash cloth or towel, toilet tissue to wipe dirt off the window. The scenario is: You and your spouse are locked in your motel unit. The unit consists of one large bedroom and a bath. You have your clothing and suitcases with you. Do not accept anser objects that ordinarily usde for the described purposes.",,You and your spouse are locked in your motel unit. The unit consists of one large bedroom and a bath. You have your clothing and suitcases with you.
702,Substitute Uses,XU2,to keep the window from sticking when you try to open it.,"<LLMEval>Acceptable answers are anything like soap, hair oil to keep the window from sticking when you try to open it. The scenario is: You and your spouse are locked in your motel unit. The unit consists of one large bedroom and a bath. You have your clothing and suitcases with you. Do not accept anser objects that ordinarily usde for the described purposes.",,You and your spouse are locked in your motel unit. The unit consists of one large bedroom and a bath. You have your clothing and suitcases with you.
703,Substitute Uses,XU2,to protect the head of your golf club if you need to use it to break the window.,<LLMEval>Acceptable answers are anything like sock to protect the head of your golf club if you need to use it to break the window. The scenario is: You and your spouse are locked in your motel unit. The unit consists of one large bedroom and a bath. You have your clothing and suitcases with you. Do not accept anser objects that ordinarily usde for the described purposes.,,You and your spouse are locked in your motel unit. The unit consists of one large bedroom and a bath. You have your clothing and suitcases with you.
704,Substitute Uses,XU2,to write a message for help.,"<LLMEval>Acceptable answers are anything like soap, lipstick, phone book to write a message for help. The scenario is: You and your spouse are locked in your motel unit. The unit consists of one large bedroom and a bath. You have your clothing and suitcases with you. Do not accept anser objects that ordinarily usde for the described purposes.",,You and your spouse are locked in your motel unit. The unit consists of one large bedroom and a bath. You have your clothing and suitcases with you.
705,Substitute Uses,XU2,to serve as a string to lower your message to the ground.,"<LLMEval>Acceptable answers are anything like sheets, blankets or clothing tied together, telephone cord to serve as a string to lower your message to the ground. The scenario is: You and your spouse are locked in your motel unit. The unit consists of one large bedroom and a bath. You have your clothing and suitcases with you. Do not accept anser objects that ordinarily usde for the described purposes.",,You and your spouse are locked in your motel unit. The unit consists of one large bedroom and a bath. You have your clothing and suitcases with you.
706,Making Groups,XU3,a. tomato<br>b. tangerine<br>c. orange<br>d. onion<br>e. carrot<br>f. beet<br>g. apple<br>,"<LLMEval>Acceptable answer pairs are: 1. at least three letters for the objects to be grouped; 2. a reason for the grouping. All the possible objects to be grouped are listed:<br>a. tomato<br>b. tangerine<br>c. orange<br>d. onion<br>e. carrot<br>f. beet<br>g. apple<br>Do not accept when only letters are given. Do not accept reasons which are based on spelling, sound, or shape of the words. The reasons must be based on characteristics of the objects listed, e.g., their size, color, shape, use etc. The reasons given must be public knowledge -- not personal; Do not accept reasons such as I like them or I have some. Examples are listed below:<br>Grouping: a, b, g. Reason: red<br>Grouping: c, e, f. Reason: orange<br>Grouping: a, e, f. Reason: fruit<br>Grouping: b, c, d, g. Reason: vegetables<br>Grouping: a, e, g. Reason: common juice drinks<br>Grouping: b, c, d. Reason: grow underground<br>Grouping: a, b, d, e, f, g. Reason: round<br>Grouping: a, c, d, g. Reason: eaten both raw and cooked<br>",,
707,Making Groups,XU3,a. ballet<br>b. concert<br>c. movie<br>d. radio<br>e. telephone<br>f. television<br>g. theater<br>,"<LLMEval>Acceptable answer pairs are: 1. at least three letters for the objects to be grouped; 2. a reason for the grouping. All the possible objects to be grouped are listed:<br>a. ballet<br>b. concert<br>c. movie<br>d. radio<br>e. telephone<br>f. television<br>g. theater<br>Do not accept when only letters are given. Do not accept reasons which are based on spelling, sound, or shape of the words. The reasons must be based on characteristics of the objects listed, e.g., their size, color, shape, use etc. The reasons given must be public knowledge -- not personal; Do not accept reasons such as I like them or I have some. Examples are listed below:<br>Grouping: a, b, g. Reason: live performance<br>Grouping: c, d, e, f. Reason: electronic<br>Grouping: d, e, f. Reason: means of communication<br>Grouping: a, b, c, d, f, g. Reason: audience of more than one<br>Grouping: b, d, e. Reason: primarily heard<br>Grouping: a, b, c, d, f. Reason: often involve music<br>Grouping: a, c, f, g. Reason: both seen and heard<br>",,
708,Making Groups,XU3,a. canary<br>b. cat<br>c. dog<br>d. elephant<br>e. leopard<br>f. lion<br>g. squirrel<br>,"<LLMEval>Acceptable answer pairs are: 1. at least three letters for the objects to be grouped; 2. a reason for the grouping. All the possible objects to be grouped are listed:<br>a. canary<br>b. cat<br>c. dog<br>d. elephant<br>e. leopard<br>f. lion<br>g. squirrel<br>Do not accept when only letters are given. Do not accept reasons which are based on spelling, sound, or shape of the words. The reasons must be based on characteristics of the objects listed, e.g., their size, color, shape, use etc. The reasons given must be public knowledge -- not personal; Do not accept reasons such as I like them or I have some. Examples are listed below:<br>Grouping: a, b, g. Reason: reach trees<br>Grouping: a, b, c, g. Reason: domestic pets<br>Grouping: d, e, f, g. Reason: wild animals<br>Grouping: b, c, e, f, g. Reason: furred animals<br>Grouping: d, e, f. Reason: African animals<br>Grouping: b, e, f. Reason: cat family<br>Grouping: b, c, d, e, f, g. Reason: four legged<br>Grouping: a, d, g. Reason: not carnivorous<br>Grouping: b, c, e, f. Reason: carnivorous<br>",,
709,Making Groups,XU3,a. сanoe<br>b. speed boat<br>c. automobile<br>d. motorcycle<br>e. bicycle<br>f. swim<br>g. walk<br>,"<LLMEval>Acceptable answer pairs are: 1. at least three letters for the objects to be grouped; 2. a reason for the grouping. All the possible objects to be grouped are listed:<br>a. сanoe<br>b. speed boat<br>c. automobile<br>d. motorcycle<br>e. bicycle<br>f. swim<br>g. walk<br>Do not accept when only letters are given. Do not accept reasons which are based on spelling, sound, or shape of the words. The reasons must be based on characteristics of the objects listed, e.g., their size, color, shape, use etc. The reasons given must be public knowledge -- not personal; Do not accept reasons such as I like them or I have some. Examples are listed below:<br>Grouping: a, b, d. Reason: have wheels<br>Grouping: a, d, e, b. Reason: have motors<br>Grouping: b, c, f, g. Reason: self-propelled<br>Grouping: c, e, f. Reason: need water<br>Grouping: a, b, d, g. Reason: land<br>",,
710,Different Uses,XU4,CAKE OF SOAP (used for washing),"<LLMEval>Acceptable answers are any other ways in which the whole CAKE OF SOAP (used for washing), or parts of it, can be used.",,
711,Different Uses,XU4,BARREL (used to keep things in),"<LLMEval>Acceptable answers are any other ways in which the whole BARREL (used to keep things in), or parts of it, can be used.",,
712,Different Uses,XU4,SOCK (used as footwear),"<LLMEval>Acceptable answers are any other ways in which the whole SOCK (used as footwear), or parts of it, can be used.",,
713,Different Uses,XU4,SNAP (used to fasten clothing),"<LLMEval>Acceptable answers are any other ways in which the whole SNAP (used to fasten clothing), or parts of it, can be used.",,
714,Different Uses,XU4,PAPER CLIP (hold papers together),"<LLMEval>Acceptable answers are any other ways in which the whole PAPER CLIP (hold papers together), or parts of it, can be used.",,
715,Different Uses,XU4,COMB (to fix hair),"<LLMEval>Acceptable answers are any other ways in which the whole COMB (to fix hair), or parts of it, can be used.",,
716,Different Uses,XU4,TABLE (place things on),"<LLMEval>Acceptable answers are any other ways in which the whole TABLE (place things on), or parts of it, can be used.",,
717,Different Uses,XU4,PAPER CUP (hold water),"<LLMEval>Acceptable answers are any other ways in which the whole PAPER CUP (hold water), or parts of it, can be used.",,