input,output,category_name,operations
b,B,upper_reverse,uppercase+reverse
a,A,upper_reverse,uppercase+reverse
d,D,upper_reverse,uppercase+reverse
e,E,upper_reverse,uppercase+reverse
f,F,upper_reverse,uppercase+reverse
g,G,upper_reverse,uppercase+reverse
h,H,upper_reverse,uppercase+reverse
i,I,upper_reverse,uppercase+reverse
j,J,upper_reverse,uppercase+reverse
c,C,upper_reverse,uppercase+reverse
k,K,upper_reverse,uppercase+reverse
l,L,upper_reverse,uppercase+reverse
m,M,upper_reverse,uppercase+reverse
n,N,upper_reverse,uppercase+reverse
o,O,upper_reverse,uppercase+reverse
p,P,upper_reverse,uppercase+reverse
q,Q,upper_reverse,uppercase+reverse
r,R,upper_reverse,uppercase+reverse
s,S,upper_reverse,uppercase+reverse
t,T,upper_reverse,uppercase+reverse
u,U,upper_reverse,uppercase+reverse
v,V,upper_reverse,uppercase+reverse
w,W,upper_reverse,uppercase+reverse
x,X,upper_reverse,uppercase+reverse
y,Y,upper_reverse,uppercase+reverse
z,Z,upper_reverse,uppercase+reverse
B,b,lower_reverse,lowercase+reverse
A,a,lower_reverse,lowercase+reverse
D,d,lower_reverse,lowercase+reverse
E,e,lower_reverse,lowercase+reverse
F,f,lower_reverse,lowercase+reverse
G,g,lower_reverse,lowercase+reverse
H,h,lower_reverse,lowercase+reverse
I,i,lower_reverse,lowercase+reverse
J,j,lower_reverse,lowercase+reverse
C,c,lower_reverse,lowercase+reverse
K,k,lower_reverse,lowercase+reverse
L,l,lower_reverse,lowercase+reverse
M,m,lower_reverse,lowercase+reverse
N,n,lower_reverse,lowercase+reverse
O,o,lower_reverse,lowercase+reverse
P,p,lower_reverse,lowercase+reverse
Q,q,lower_reverse,lowercase+reverse
R,r,lower_reverse,lowercase+reverse
S,s,lower_reverse,lowercase+reverse
T,t,lower_reverse,lowercase+reverse
U,u,lower_reverse,lowercase+reverse
V,v,lower_reverse,lowercase+reverse
W,w,lower_reverse,lowercase+reverse
X,x,lower_reverse,lowercase+reverse
Y,y,lower_reverse,lowercase+reverse
Z,z,lower_reverse,lowercase+reverse
b,B,upper_first,uppercase+first_letter
a,A,upper_first,uppercase+first_letter
d,D,upper_first,uppercase+first_letter
e,E,upper_first,uppercase+first_letter
f,F,upper_first,uppercase+first_letter
g,G,upper_first,uppercase+first_letter
h,H,upper_first,uppercase+first_letter
i,I,upper_first,uppercase+first_letter
j,J,upper_first,uppercase+first_letter
c,C,upper_first,uppercase+first_letter
k,K,upper_first,uppercase+first_letter
l,L,upper_first,uppercase+first_letter
m,M,upper_first,uppercase+first_letter
n,N,upper_first,uppercase+first_letter
o,O,upper_first,uppercase+first_letter
p,P,upper_first,uppercase+first_letter
q,Q,upper_first,uppercase+first_letter
r,R,upper_first,uppercase+first_letter
s,S,upper_first,uppercase+first_letter
t,T,upper_first,uppercase+first_letter
u,U,upper_first,uppercase+first_letter
v,V,upper_first,uppercase+first_letter
w,W,upper_first,uppercase+first_letter
x,X,upper_first,uppercase+first_letter
y,Y,upper_first,uppercase+first_letter
z,Z,upper_first,uppercase+first_letter
B,b,lower_first,lowercase+first_letter
A,a,lower_first,lowercase+first_letter
D,d,lower_first,lowercase+first_letter
E,e,lower_first,lowercase+first_letter
F,f,lower_first,lowercase+first_letter
G,g,lower_first,lowercase+first_letter
H,h,lower_first,lowercase+first_letter
I,i,lower_first,lowercase+first_letter
J,j,lower_first,lowercase+first_letter
C,c,lower_first,lowercase+first_letter
K,k,lower_first,lowercase+first_letter
L,l,lower_first,lowercase+first_letter
M,m,lower_first,lowercase+first_letter
N,n,lower_first,lowercase+first_letter
O,o,lower_first,lowercase+first_letter
P,p,lower_first,lowercase+first_letter
Q,q,lower_first,lowercase+first_letter
R,r,lower_first,lowercase+first_letter
S,s,lower_first,lowercase+first_letter
T,t,lower_first,lowercase+first_letter
U,u,lower_first,lowercase+first_letter
V,v,lower_first,lowercase+first_letter
W,w,lower_first,lowercase+first_letter
X,x,lower_first,lowercase+first_letter
Y,y,lower_first,lowercase+first_letter
Z,z,lower_first,lowercase+first_letter
b,B,upper_last,uppercase+last_letter
a,A,upper_last,uppercase+last_letter
d,D,upper_last,uppercase+last_letter
e,E,upper_last,uppercase+last_letter
f,F,upper_last,uppercase+last_letter
g,G,upper_last,uppercase+last_letter
h,H,upper_last,uppercase+last_letter
i,I,upper_last,uppercase+last_letter
j,J,upper_last,uppercase+last_letter
c,C,upper_last,uppercase+last_letter
k,K,upper_last,uppercase+last_letter
l,L,upper_last,uppercase+last_letter
m,M,upper_last,uppercase+last_letter
n,N,upper_last,uppercase+last_letter
o,O,upper_last,uppercase+last_letter
p,P,upper_last,uppercase+last_letter
q,Q,upper_last,uppercase+last_letter
r,R,upper_last,uppercase+last_letter
s,S,upper_last,uppercase+last_letter
t,T,upper_last,uppercase+last_letter
u,U,upper_last,uppercase+last_letter
v,V,upper_last,uppercase+last_letter
w,W,upper_last,uppercase+last_letter
x,X,upper_last,uppercase+last_letter
y,Y,upper_last,uppercase+last_letter
z,Z,upper_last,uppercase+last_letter
B,b,lower_last,lowercase+last_letter
A,a,lower_last,lowercase+last_letter
D,d,lower_last,lowercase+last_letter
E,e,lower_last,lowercase+last_letter
F,f,lower_last,lowercase+last_letter
G,g,lower_last,lowercase+last_letter
H,h,lower_last,lowercase+last_letter
I,i,lower_last,lowercase+last_letter
J,j,lower_last,lowercase+last_letter
C,c,lower_last,lowercase+last_letter
K,k,lower_last,lowercase+last_letter
L,l,lower_last,lowercase+last_letter
M,m,lower_last,lowercase+last_letter
N,n,lower_last,lowercase+last_letter
O,o,lower_last,lowercase+last_letter
P,p,lower_last,lowercase+last_letter
Q,q,lower_last,lowercase+last_letter
R,r,lower_last,lowercase+last_letter
S,s,lower_last,lowercase+last_letter
T,t,lower_last,lowercase+last_letter
U,u,lower_last,lowercase+last_letter
V,v,lower_last,lowercase+last_letter
W,w,lower_last,lowercase+last_letter
X,x,lower_last,lowercase+last_letter
Y,y,lower_last,lowercase+last_letter
Z,z,lower_last,lowercase+last_letter
the cat went up the tree,T,first_upper,first_letter+uppercase
elephants are cool,E,first_upper,first_letter+uppercase
beautiful morning sunshine,B,first_upper,first_letter+uppercase
running through the forest,R,first_upper,first_letter+uppercase
amazing journey ahead,A,first_upper,first_letter+uppercase
quickly jumping over fences,Q,first_upper,first_letter+uppercase
wonderful day for walking,W,first_upper,first_letter+uppercase
sitting by the ocean,S,first_upper,first_letter+uppercase
laughing with friends,L,first_upper,first_letter+uppercase
dancing in the moonlight,D,first_upper,first_letter+uppercase
purple flowers blooming everywhere,P,first_upper,first_letter+uppercase
velvet curtains hanging gracefully,V,first_upper,first_letter+uppercase
mountain peaks touching clouds,M,first_upper,first_letter+uppercase
children playing in park,C,first_upper,first_letter+uppercase
orange sunset over hills,O,first_upper,first_letter+uppercase
friendly neighborhood gathering together,F,first_upper,first_letter+uppercase
gentle breeze flowing softly,G,first_upper,first_letter+uppercase
kind words spoken warmly,K,first_upper,first_letter+uppercase
joyful celebration with everyone,J,first_upper,first_letter+uppercase
happy memories being made,H,first_upper,first_letter+uppercase
incredible adventure awaits you,I,first_upper,first_letter+uppercase
zebras running across plains,Z,first_upper,first_letter+uppercase
young birds learning flight,Y,first_upper,first_letter+uppercase
new opportunities emerging daily,N,first_upper,first_letter+uppercase
umbrella protecting from rain,U,first_upper,first_letter+uppercase
treasures hidden beneath sand,T,first_upper,first_letter+uppercase
excited children opening presents,E,first_upper,first_letter+uppercase
quiet moments of reflection,Q,first_upper,first_letter+uppercase
brave heroes saving day,B,first_upper,first_letter+uppercase
simple pleasures of life,S,first_upper,first_letter+uppercase
ancient trees standing tall,A,first_upper,first_letter+uppercase
rivers flowing to sea,R,first_upper,first_letter+uppercase
delicious food on table,D,first_upper,first_letter+uppercase
warm sunshine on face,W,first_upper,first_letter+uppercase
loving family together always,L,first_upper,first_letter+uppercase
peaceful garden with flowers,P,first_upper,first_letter+uppercase
magnificent view from mountain,M,first_upper,first_letter+uppercase
creative ideas flowing freely,C,first_upper,first_letter+uppercase
vibrant colors everywhere around,V,first_upper,first_letter+uppercase
old stories being retold,O,first_upper,first_letter+uppercase
graceful dancers on stage,G,first_upper,first_letter+uppercase
fearless explorers finding treasure,F,first_upper,first_letter+uppercase
interesting books on shelf,I,first_upper,first_letter+uppercase
knowledge gained through reading,K,first_upper,first_letter+uppercase
huge waves crashing ashore,H,first_upper,first_letter+uppercase
xerox machine making copies,X,first_upper,first_letter+uppercase
zealous students studying hard,Z,first_upper,first_letter+uppercase
natural beauty surrounds us,N,first_upper,first_letter+uppercase
unique experiences shape us,U,first_upper,first_letter+uppercase
joyous occasions bring happiness,J,first_upper,first_letter+uppercase
traveling to distant lands,T,first_upper,first_letter+uppercase
eating fresh strawberries daily,E,first_upper,first_letter+uppercase
building sandcastles at beach,B,first_upper,first_letter+uppercase
reading novels by fireplace,R,first_upper,first_letter+uppercase
admiring beautiful sunset views,A,first_upper,first_letter+uppercase
questioning everything around us,Q,first_upper,first_letter+uppercase
writing stories late night,W,first_upper,first_letter+uppercase
studying mathematics very carefully,S,first_upper,first_letter+uppercase
learning new languages quickly,L,first_upper,first_letter+uppercase
drawing pictures with crayons,D,first_upper,first_letter+uppercase
playing guitar on weekends,P,first_upper,first_letter+uppercase
visiting museums and galleries,V,first_upper,first_letter+uppercase
making friends wherever going,M,first_upper,first_letter+uppercase
collecting stamps from countries,C,first_upper,first_letter+uppercase
organizing special birthday parties,O,first_upper,first_letter+uppercase
finding treasures in attic,F,first_upper,first_letter+uppercase
growing vegetables in garden,G,first_upper,first_letter+uppercase
keeping diaries of adventures,K,first_upper,first_letter+uppercase
jumping rope with children,J,first_upper,first_letter+uppercase
helping neighbors with tasks,H,first_upper,first_letter+uppercase
inventing clever new solutions,I,first_upper,first_letter+uppercase
xeroxing important documents carefully,X,first_upper,first_letter+uppercase
zipping through busy streets,Z,first_upper,first_letter+uppercase
negotiating deals with partners,N,first_upper,first_letter+uppercase
understanding complex mathematical concepts,U,first_upper,first_letter+uppercase
joining clubs at university,J,first_upper,first_letter+uppercase
yelling across the field,Y,first_upper,first_letter+uppercase
teaching children important lessons,T,first_upper,first_letter+uppercase
exploring deep ocean depths,E,first_upper,first_letter+uppercase
questioning authority respectfully always,Q,first_upper,first_letter+uppercase
brilliant minds thinking alike,B,first_upper,first_letter+uppercase
racing against time limits,R,first_upper,first_letter+uppercase
achieving goals through effort,A,first_upper,first_letter+uppercase
dreaming big every day,D,first_upper,first_letter+uppercase
winning competitions with skill,W,first_upper,first_letter+uppercase
singing songs from heart,S,first_upper,first_letter+uppercase
loving nature and wildlife,L,first_upper,first_letter+uppercase
performing magic tricks successfully,P,first_upper,first_letter+uppercase
caring for elderly neighbors,C,first_upper,first_letter+uppercase
volunteering at local shelter,V,first_upper,first_letter+uppercase
mysterious shadows moving slowly,M,first_upper,first_letter+uppercase
powerful engine roaring loudly,P,first_upper,first_letter+uppercase
colorful butterflies flying gracefully,C,first_upper,first_letter+uppercase
golden sunrise breaking dawn,G,first_upper,first_letter+uppercase
frozen lake covered completely,F,first_upper,first_letter+uppercase
towering mountains reaching skyward,T,first_upper,first_letter+uppercase
sparkling diamonds shining bright,S,first_upper,first_letter+uppercase
peaceful meadow stretching endlessly,P,first_upper,first_letter+uppercase
rushing river flowing fast,R,first_upper,first_letter+uppercase
brilliant stars twinkling above,B,first_upper,first_letter+uppercase
gentle rain falling softly,G,first_upper,first_letter+uppercase
heavy snow blanketing ground,H,first_upper,first_letter+uppercase
warm breeze blowing gently,W,first_upper,first_letter+uppercase
loud thunder rumbling overhead,L,first_upper,first_letter+uppercase
bright lightning striking suddenly,B,first_upper,first_letter+uppercase
thick fog rolling inland,T,first_upper,first_letter+uppercase
clear sky stretching forever,C,first_upper,first_letter+uppercase
dark clouds gathering quickly,D,first_upper,first_letter+uppercase
white sand sparkling beautifully,W,first_upper,first_letter+uppercase
deep ocean hiding secrets,D,first_upper,first_letter+uppercase
tall grass swaying rhythmically,T,first_upper,first_letter+uppercase
wild horses running free,W,first_upper,first_letter+uppercase
small birds chirping happily,S,first_upper,first_letter+uppercase
big bears catching fish,B,first_upper,first_letter+uppercase
clever foxes hunting prey,C,first_upper,first_letter+uppercase
wise owls watching silently,W,first_upper,first_letter+uppercase
playful dolphins jumping high,P,first_upper,first_letter+uppercase
majestic eagles soaring overhead,M,first_upper,first_letter+uppercase
colorful parrots talking loudly,C,first_upper,first_letter+uppercase
tiny insects buzzing around,T,first_upper,first_letter+uppercase
slithering snakes moving quietly,S,first_upper,first_letter+uppercase
hopping rabbits eating carrots,H,first_upper,first_letter+uppercase
swimming turtles moving slowly,S,first_upper,first_letter+uppercase
climbing monkeys swinging branches,C,first_upper,first_letter+uppercase
roaring lions hunting tonight,R,first_upper,first_letter+uppercase
striped zebras grazing peacefully,S,first_upper,first_letter+uppercase
spotted leopards stalking silently,S,first_upper,first_letter+uppercase
giant elephants walking majestically,G,first_upper,first_letter+uppercase
graceful deer leaping bounds,G,first_upper,first_letter+uppercase
mighty whales swimming deep,M,first_upper,first_letter+uppercase
flying bats hunting insects,F,first_upper,first_letter+uppercase
crawling ants working together,C,first_upper,first_letter+uppercase
buzzing bees making honey,B,first_upper,first_letter+uppercase
spinning spiders weaving webs,S,first_upper,first_letter+uppercase
jumping frogs catching flies,J,first_upper,first_letter+uppercase
sliding penguins on ice,S,first_upper,first_letter+uppercase
waddling ducks crossing road,W,first_upper,first_letter+uppercase
pecking chickens finding food,P,first_upper,first_letter+uppercase
crowing roosters greeting morning,C,first_upper,first_letter+uppercase
bleating sheep in field,B,first_upper,first_letter+uppercase
mooing cows giving milk,M,first_upper,first_letter+uppercase
neighing horses pulling carts,N,first_upper,first_letter+uppercase
barking dogs guarding homes,B,first_upper,first_letter+uppercase
meowing cats chasing mice,M,first_upper,first_letter+uppercase
purring kittens sleeping soundly,P,first_upper,first_letter+uppercase
squeaking hamsters running wheels,S,first_upper,first_letter+uppercase
chirping crickets at night,C,first_upper,first_letter+uppercase
croaking frogs by pond,C,first_upper,first_letter+uppercase
howling wolves under moon,H,first_upper,first_letter+uppercase
screeching monkeys in jungle,S,first_upper,first_letter+uppercase
trumpeting elephants warning herd,T,first_upper,first_letter+uppercase
hissing snakes defending territory,H,first_upper,first_letter+uppercase
growling bears protecting cubs,G,first_upper,first_letter+uppercase
squealing pigs eating food,S,first_upper,first_letter+uppercase
gobbling turkeys strutting proudly,G,first_upper,first_letter+uppercase
quacking ducks swimming pond,Q,first_upper,first_letter+uppercase
honking geese flying south,H,first_upper,first_letter+uppercase
cooing pigeons on rooftop,C,first_upper,first_letter+uppercase
singing canaries in cage,S,first_upper,first_letter+uppercase
talking parrots repeating words,T,first_upper,first_letter+uppercase
flapping wings taking flight,F,first_upper,first_letter+uppercase
nesting birds building homes,N,first_upper,first_letter+uppercase
hatching eggs revealing chicks,H,first_upper,first_letter+uppercase
feeding babies opening mouths,F,first_upper,first_letter+uppercase
hunting predators stalking carefully,H,first_upper,first_letter+uppercase
escaping prey running frantically,E,first_upper,first_letter+uppercase
hiding animals staying still,H,first_upper,first_letter+uppercase
sleeping creatures resting peacefully,S,first_upper,first_letter+uppercase
waking animals greeting day,W,first_upper,first_letter+uppercase
stretching muscles after sleep,S,first_upper,first_letter+uppercase
yawning mouths showing tired,Y,first_upper,first_letter+uppercase
blinking eyes adjusting light,B,first_upper,first_letter+uppercase
breathing air filling lungs,B,first_upper,first_letter+uppercase
beating hearts pumping blood,B,first_upper,first_letter+uppercase
thinking minds solving problems,T,first_upper,first_letter+uppercase
feeling emotions deeply inside,F,first_upper,first_letter+uppercase
remembering moments from past,R,first_upper,first_letter+uppercase
forgetting details over time,F,first_upper,first_letter+uppercase
learning lessons through experience,L,first_upper,first_letter+uppercase
teaching others valuable skills,T,first_upper,first_letter+uppercase
sharing knowledge with everyone,S,first_upper,first_letter+uppercase
discovering truths about life,D,first_upper,first_letter+uppercase
questioning assumptions we hold,Q,first_upper,first_letter+uppercase
believing strongly in values,B,first_upper,first_letter+uppercase
doubting everything we know,D,first_upper,first_letter+uppercase
hoping for better tomorrow,H,first_upper,first_letter+uppercase
wishing upon shooting stars,W,first_upper,first_letter+uppercase
dreaming vividly at night,D,first_upper,first_letter+uppercase
imagining possibilities ahead,I,first_upper,first_letter+uppercase
creating art from nothing,C,first_upper,first_letter+uppercase
b,B,upper_reverse_first,uppercase+reverse+first_letter
a,A,upper_reverse_first,uppercase+reverse+first_letter
d,D,upper_reverse_first,uppercase+reverse+first_letter
e,E,upper_reverse_first,uppercase+reverse+first_letter
f,F,upper_reverse_first,uppercase+reverse+first_letter
g,G,upper_reverse_first,uppercase+reverse+first_letter
h,H,upper_reverse_first,uppercase+reverse+first_letter
i,I,upper_reverse_first,uppercase+reverse+first_letter
j,J,upper_reverse_first,uppercase+reverse+first_letter
c,C,upper_reverse_first,uppercase+reverse+first_letter
k,K,upper_reverse_first,uppercase+reverse+first_letter
l,L,upper_reverse_first,uppercase+reverse+first_letter
m,M,upper_reverse_first,uppercase+reverse+first_letter
n,N,upper_reverse_first,uppercase+reverse+first_letter
o,O,upper_reverse_first,uppercase+reverse+first_letter
p,P,upper_reverse_first,uppercase+reverse+first_letter
q,Q,upper_reverse_first,uppercase+reverse+first_letter
r,R,upper_reverse_first,uppercase+reverse+first_letter
s,S,upper_reverse_first,uppercase+reverse+first_letter
t,T,upper_reverse_first,uppercase+reverse+first_letter
u,U,upper_reverse_first,uppercase+reverse+first_letter
v,V,upper_reverse_first,uppercase+reverse+first_letter
w,W,upper_reverse_first,uppercase+reverse+first_letter
x,X,upper_reverse_first,uppercase+reverse+first_letter
y,Y,upper_reverse_first,uppercase+reverse+first_letter
z,Z,upper_reverse_first,uppercase+reverse+first_letter
B,b,lower_reverse_first,lowercase+reverse+first_letter
A,a,lower_reverse_first,lowercase+reverse+first_letter
D,d,lower_reverse_first,lowercase+reverse+first_letter
E,e,lower_reverse_first,lowercase+reverse+first_letter
F,f,lower_reverse_first,lowercase+reverse+first_letter
G,g,lower_reverse_first,lowercase+reverse+first_letter
H,h,lower_reverse_first,lowercase+reverse+first_letter
I,i,lower_reverse_first,lowercase+reverse+first_letter
J,j,lower_reverse_first,lowercase+reverse+first_letter
C,c,lower_reverse_first,lowercase+reverse+first_letter
K,k,lower_reverse_first,lowercase+reverse+first_letter
L,l,lower_reverse_first,lowercase+reverse+first_letter
M,m,lower_reverse_first,lowercase+reverse+first_letter
N,n,lower_reverse_first,lowercase+reverse+first_letter
O,o,lower_reverse_first,lowercase+reverse+first_letter
P,p,lower_reverse_first,lowercase+reverse+first_letter
Q,q,lower_reverse_first,lowercase+reverse+first_letter
R,r,lower_reverse_first,lowercase+reverse+first_letter
S,s,lower_reverse_first,lowercase+reverse+first_letter
T,t,lower_reverse_first,lowercase+reverse+first_letter
U,u,lower_reverse_first,lowercase+reverse+first_letter
V,v,lower_reverse_first,lowercase+reverse+first_letter
W,w,lower_reverse_first,lowercase+reverse+first_letter
X,x,lower_reverse_first,lowercase+reverse+first_letter
Y,y,lower_reverse_first,lowercase+reverse+first_letter
Z,z,lower_reverse_first,lowercase+reverse+first_letter
b,B,upper_reverse_last,uppercase+reverse+last_letter
a,A,upper_reverse_last,uppercase+reverse+last_letter
d,D,upper_reverse_last,uppercase+reverse+last_letter
e,E,upper_reverse_last,uppercase+reverse+last_letter
f,F,upper_reverse_last,uppercase+reverse+last_letter
g,G,upper_reverse_last,uppercase+reverse+last_letter
h,H,upper_reverse_last,uppercase+reverse+last_letter
i,I,upper_reverse_last,uppercase+reverse+last_letter
j,J,upper_reverse_last,uppercase+reverse+last_letter
c,C,upper_reverse_last,uppercase+reverse+last_letter
k,K,upper_reverse_last,uppercase+reverse+last_letter
l,L,upper_reverse_last,uppercase+reverse+last_letter
m,M,upper_reverse_last,uppercase+reverse+last_letter
n,N,upper_reverse_last,uppercase+reverse+last_letter
o,O,upper_reverse_last,uppercase+reverse+last_letter
p,P,upper_reverse_last,uppercase+reverse+last_letter
q,Q,upper_reverse_last,uppercase+reverse+last_letter
r,R,upper_reverse_last,uppercase+reverse+last_letter
s,S,upper_reverse_last,uppercase+reverse+last_letter
t,T,upper_reverse_last,uppercase+reverse+last_letter
u,U,upper_reverse_last,uppercase+reverse+last_letter
v,V,upper_reverse_last,uppercase+reverse+last_letter
w,W,upper_reverse_last,uppercase+reverse+last_letter
x,X,upper_reverse_last,uppercase+reverse+last_letter
y,Y,upper_reverse_last,uppercase+reverse+last_letter
z,Z,upper_reverse_last,uppercase+reverse+last_letter
B,b,lower_reverse_last,lowercase+reverse+last_letter
A,a,lower_reverse_last,lowercase+reverse+last_letter
D,d,lower_reverse_last,lowercase+reverse+last_letter
E,e,lower_reverse_last,lowercase+reverse+last_letter
F,f,lower_reverse_last,lowercase+reverse+last_letter
G,g,lower_reverse_last,lowercase+reverse+last_letter
H,h,lower_reverse_last,lowercase+reverse+last_letter
I,i,lower_reverse_last,lowercase+reverse+last_letter
J,j,lower_reverse_last,lowercase+reverse+last_letter
C,c,lower_reverse_last,lowercase+reverse+last_letter
K,k,lower_reverse_last,lowercase+reverse+last_letter
L,l,lower_reverse_last,lowercase+reverse+last_letter
M,m,lower_reverse_last,lowercase+reverse+last_letter
N,n,lower_reverse_last,lowercase+reverse+last_letter
O,o,lower_reverse_last,lowercase+reverse+last_letter
P,p,lower_reverse_last,lowercase+reverse+last_letter
Q,q,lower_reverse_last,lowercase+reverse+last_letter
R,r,lower_reverse_last,lowercase+reverse+last_letter
S,s,lower_reverse_last,lowercase+reverse+last_letter
T,t,lower_reverse_last,lowercase+reverse+last_letter
U,u,lower_reverse_last,lowercase+reverse+last_letter
V,v,lower_reverse_last,lowercase+reverse+last_letter
W,w,lower_reverse_last,lowercase+reverse+last_letter
X,x,lower_reverse_last,lowercase+reverse+last_letter
Y,y,lower_reverse_last,lowercase+reverse+last_letter
Z,z,lower_reverse_last,lowercase+reverse+last_letter
hello,BONJOUR,translate_eng_fr_upper,translate_eng_fr+uppercase
goodbye,AU REVOIR,translate_eng_fr_upper,translate_eng_fr+uppercase
thank you,MERCI,translate_eng_fr_upper,translate_eng_fr+uppercase
please,S'IL VOUS PLAÎT,translate_eng_fr_upper,translate_eng_fr+uppercase
yes,OUI,translate_eng_fr_upper,translate_eng_fr+uppercase
no,NON,translate_eng_fr_upper,translate_eng_fr+uppercase
water,EAU,translate_eng_fr_upper,translate_eng_fr+uppercase
house,MAISON,translate_eng_fr_upper,translate_eng_fr+uppercase
cat,CHAT,translate_eng_fr_upper,translate_eng_fr+uppercase
dog,CHIEN,translate_eng_fr_upper,translate_eng_fr+uppercase
good morning,BONJOUR,translate_eng_fr_upper,translate_eng_fr+uppercase
good evening,BONSOIR,translate_eng_fr_upper,translate_eng_fr+uppercase
good night,BONNE NUIT,translate_eng_fr_upper,translate_eng_fr+uppercase
how are you,COMMENT ALLEZ-VOUS,translate_eng_fr_upper,translate_eng_fr+uppercase
I love you,JE T'AIME,translate_eng_fr_upper,translate_eng_fr+uppercase
friend,AMI,translate_eng_fr_upper,translate_eng_fr+uppercase
family,FAMILLE,translate_eng_fr_upper,translate_eng_fr+uppercase
food,NOURRITURE,translate_eng_fr_upper,translate_eng_fr+uppercase
book,LIVRE,translate_eng_fr_upper,translate_eng_fr+uppercase
car,VOITURE,translate_eng_fr_upper,translate_eng_fr+uppercase
tree,ARBRE,translate_eng_fr_upper,translate_eng_fr+uppercase
flower,FLEUR,translate_eng_fr_upper,translate_eng_fr+uppercase
sun,SOLEIL,translate_eng_fr_upper,translate_eng_fr+uppercase
moon,LUNE,translate_eng_fr_upper,translate_eng_fr+uppercase
star,ÉTOILE,translate_eng_fr_upper,translate_eng_fr+uppercase
bread,PAIN,translate_eng_fr_upper,translate_eng_fr+uppercase
cheese,FROMAGE,translate_eng_fr_upper,translate_eng_fr+uppercase
wine,VIN,translate_eng_fr_upper,translate_eng_fr+uppercase
coffee,CAFÉ,translate_eng_fr_upper,translate_eng_fr+uppercase
tea,THÉ,translate_eng_fr_upper,translate_eng_fr+uppercase
milk,LAIT,translate_eng_fr_upper,translate_eng_fr+uppercase
sugar,SUCRE,translate_eng_fr_upper,translate_eng_fr+uppercase
salt,SEL,translate_eng_fr_upper,translate_eng_fr+uppercase
pepper,POIVRE,translate_eng_fr_upper,translate_eng_fr+uppercase
table,TABLE,translate_eng_fr_upper,translate_eng_fr+uppercase
chair,CHAISE,translate_eng_fr_upper,translate_eng_fr+uppercase
door,PORTE,translate_eng_fr_upper,translate_eng_fr+uppercase
window,FENÊTRE,translate_eng_fr_upper,translate_eng_fr+uppercase
street,RUE,translate_eng_fr_upper,translate_eng_fr+uppercase
city,VILLE,translate_eng_fr_upper,translate_eng_fr+uppercase
country,PAYS,translate_eng_fr_upper,translate_eng_fr+uppercase
world,MONDE,translate_eng_fr_upper,translate_eng_fr+uppercase
time,TEMPS,translate_eng_fr_upper,translate_eng_fr+uppercase
day,JOUR,translate_eng_fr_upper,translate_eng_fr+uppercase
night,NUIT,translate_eng_fr_upper,translate_eng_fr+uppercase
week,SEMAINE,translate_eng_fr_upper,translate_eng_fr+uppercase
month,MOIS,translate_eng_fr_upper,translate_eng_fr+uppercase
year,AN,translate_eng_fr_upper,translate_eng_fr+uppercase
today,AUJOURD'HUI,translate_eng_fr_upper,translate_eng_fr+uppercase
tomorrow,DEMAIN,translate_eng_fr_upper,translate_eng_fr+uppercase
yesterday,HIER,translate_eng_fr_upper,translate_eng_fr+uppercase
school,ÉCOLE,translate_eng_fr_upper,translate_eng_fr+uppercase
student,ÉTUDIANT,translate_eng_fr_upper,translate_eng_fr+uppercase
teacher,PROFESSEUR,translate_eng_fr_upper,translate_eng_fr+uppercase
horse,CHEVAL,translate_eng_fr_upper,translate_eng_fr+uppercase
letter,LETTRE,translate_eng_fr_upper,translate_eng_fr+uppercase
word,MOT,translate_eng_fr_upper,translate_eng_fr+uppercase
sentence,PHRASE,translate_eng_fr_upper,translate_eng_fr+uppercase
page,PAGE,translate_eng_fr_upper,translate_eng_fr+uppercase
music,MUSIQUE,translate_eng_fr_upper,translate_eng_fr+uppercase
song,CHANSON,translate_eng_fr_upper,translate_eng_fr+uppercase
game,JEU,translate_eng_fr_upper,translate_eng_fr+uppercase
sport,SPORT,translate_eng_fr_upper,translate_eng_fr+uppercase
ball,BALLE,translate_eng_fr_upper,translate_eng_fr+uppercase
hand,MAIN,translate_eng_fr_upper,translate_eng_fr+uppercase
head,TÊTE,translate_eng_fr_upper,translate_eng_fr+uppercase
eye,ŒIL,translate_eng_fr_upper,translate_eng_fr+uppercase
ear,OREILLE,translate_eng_fr_upper,translate_eng_fr+uppercase
nose,NEZ,translate_eng_fr_upper,translate_eng_fr+uppercase
mouth,BOUCHE,translate_eng_fr_upper,translate_eng_fr+uppercase
heart,CŒUR,translate_eng_fr_upper,translate_eng_fr+uppercase
brain,CERVEAU,translate_eng_fr_upper,translate_eng_fr+uppercase
body,CORPS,translate_eng_fr_upper,translate_eng_fr+uppercase
red,ROUGE,translate_eng_fr_upper,translate_eng_fr+uppercase
blue,BLEU,translate_eng_fr_upper,translate_eng_fr+uppercase
green,VERT,translate_eng_fr_upper,translate_eng_fr+uppercase
yellow,JAUNE,translate_eng_fr_upper,translate_eng_fr+uppercase
black,NOIR,translate_eng_fr_upper,translate_eng_fr+uppercase
white,BLANC,translate_eng_fr_upper,translate_eng_fr+uppercase
purple,VIOLET,translate_eng_fr_upper,translate_eng_fr+uppercase
pink,ROSE,translate_eng_fr_upper,translate_eng_fr+uppercase
gray,GRIS,translate_eng_fr_upper,translate_eng_fr+uppercase
brown,MARRON,translate_eng_fr_upper,translate_eng_fr+uppercase
big,GRAND,translate_eng_fr_upper,translate_eng_fr+uppercase
small,PETIT,translate_eng_fr_upper,translate_eng_fr+uppercase
hot,CHAUD,translate_eng_fr_upper,translate_eng_fr+uppercase
cold,FROID,translate_eng_fr_upper,translate_eng_fr+uppercase
new,NOUVEAU,translate_eng_fr_upper,translate_eng_fr+uppercase
old,VIEUX,translate_eng_fr_upper,translate_eng_fr+uppercase
good,BON,translate_eng_fr_upper,translate_eng_fr+uppercase
bad,MAUVAIS,translate_eng_fr_upper,translate_eng_fr+uppercase
happy,HEUREUX,translate_eng_fr_upper,translate_eng_fr+uppercase
sad,TRISTE,translate_eng_fr_upper,translate_eng_fr+uppercase
fast,RAPIDE,translate_eng_fr_upper,translate_eng_fr+uppercase
slow,LENT,translate_eng_fr_upper,translate_eng_fr+uppercase
strong,FORT,translate_eng_fr_upper,translate_eng_fr+uppercase
weak,FAIBLE,translate_eng_fr_upper,translate_eng_fr+uppercase
beautiful,BEAU,translate_eng_fr_upper,translate_eng_fr+uppercase
ugly,LAID,translate_eng_fr_upper,translate_eng_fr+uppercase
young,JEUNE,translate_eng_fr_upper,translate_eng_fr+uppercase
rich,RICHE,translate_eng_fr_upper,translate_eng_fr+uppercase
poor,PAUVRE,translate_eng_fr_upper,translate_eng_fr+uppercase
clean,PROPRE,translate_eng_fr_upper,translate_eng_fr+uppercase
dirty,SALE,translate_eng_fr_upper,translate_eng_fr+uppercase
easy,FACILE,translate_eng_fr_upper,translate_eng_fr+uppercase
difficult,DIFFICILE,translate_eng_fr_upper,translate_eng_fr+uppercase
long,LONG,translate_eng_fr_upper,translate_eng_fr+uppercase
short,COURT,translate_eng_fr_upper,translate_eng_fr+uppercase
high,HAUT,translate_eng_fr_upper,translate_eng_fr+uppercase
low,BAS,translate_eng_fr_upper,translate_eng_fr+uppercase
wide,LARGE,translate_eng_fr_upper,translate_eng_fr+uppercase
narrow,ÉTROIT,translate_eng_fr_upper,translate_eng_fr+uppercase
heavy,LOURD,translate_eng_fr_upper,translate_eng_fr+uppercase
light,LÉGER,translate_eng_fr_upper,translate_eng_fr+uppercase
full,PLEIN,translate_eng_fr_upper,translate_eng_fr+uppercase
empty,VIDE,translate_eng_fr_upper,translate_eng_fr+uppercase
right,DROIT,translate_eng_fr_upper,translate_eng_fr+uppercase
left,GAUCHE,translate_eng_fr_upper,translate_eng_fr+uppercase
up,HAUT,translate_eng_fr_upper,translate_eng_fr+uppercase
down,BAS,translate_eng_fr_upper,translate_eng_fr+uppercase
inside,DEDANS,translate_eng_fr_upper,translate_eng_fr+uppercase
outside,DEHORS,translate_eng_fr_upper,translate_eng_fr+uppercase
front,DEVANT,translate_eng_fr_upper,translate_eng_fr+uppercase
back,DERRIÈRE,translate_eng_fr_upper,translate_eng_fr+uppercase
near,PRÈS,translate_eng_fr_upper,translate_eng_fr+uppercase
far,LOIN,translate_eng_fr_upper,translate_eng_fr+uppercase
first,PREMIER,translate_eng_fr_upper,translate_eng_fr+uppercase
last,DERNIER,translate_eng_fr_upper,translate_eng_fr+uppercase
open,OUVERT,translate_eng_fr_upper,translate_eng_fr+uppercase
closed,FERMÉ,translate_eng_fr_upper,translate_eng_fr+uppercase
one,UN,translate_eng_fr_upper,translate_eng_fr+uppercase
two,DEUX,translate_eng_fr_upper,translate_eng_fr+uppercase
three,TROIS,translate_eng_fr_upper,translate_eng_fr+uppercase
four,QUATRE,translate_eng_fr_upper,translate_eng_fr+uppercase
five,CINQ,translate_eng_fr_upper,translate_eng_fr+uppercase
six,SIX,translate_eng_fr_upper,translate_eng_fr+uppercase
seven,SEPT,translate_eng_fr_upper,translate_eng_fr+uppercase
eight,HUIT,translate_eng_fr_upper,translate_eng_fr+uppercase
nine,NEUF,translate_eng_fr_upper,translate_eng_fr+uppercase
ten,DIX,translate_eng_fr_upper,translate_eng_fr+uppercase
hundred,CENT,translate_eng_fr_upper,translate_eng_fr+uppercase
thousand,MILLE,translate_eng_fr_upper,translate_eng_fr+uppercase
brother,FRÈRE,translate_eng_fr_upper,translate_eng_fr+uppercase
sister,SŒUR,translate_eng_fr_upper,translate_eng_fr+uppercase
father,PÈRE,translate_eng_fr_upper,translate_eng_fr+uppercase
mother,MÈRE,translate_eng_fr_upper,translate_eng_fr+uppercase
son,FILS,translate_eng_fr_upper,translate_eng_fr+uppercase
daughter,FILLE,translate_eng_fr_upper,translate_eng_fr+uppercase
husband,MARI,translate_eng_fr_upper,translate_eng_fr+uppercase
wife,FEMME,translate_eng_fr_upper,translate_eng_fr+uppercase
grandfather,GRAND-PÈRE,translate_eng_fr_upper,translate_eng_fr+uppercase
grandmother,GRAND-MÈRE,translate_eng_fr_upper,translate_eng_fr+uppercase
uncle,ONCLE,translate_eng_fr_upper,translate_eng_fr+uppercase
aunt,TANTE,translate_eng_fr_upper,translate_eng_fr+uppercase
cousin,COUSIN,translate_eng_fr_upper,translate_eng_fr+uppercase
king,ROI,translate_eng_fr_upper,translate_eng_fr+uppercase
queen,REINE,translate_eng_fr_upper,translate_eng_fr+uppercase
prince,PRINCE,translate_eng_fr_upper,translate_eng_fr+uppercase
princess,PRINCESSE,translate_eng_fr_upper,translate_eng_fr+uppercase
man,HOMME,translate_eng_fr_upper,translate_eng_fr+uppercase
woman,FEMME,translate_eng_fr_upper,translate_eng_fr+uppercase
boy,GARÇON,translate_eng_fr_upper,translate_eng_fr+uppercase
girl,FILLE,translate_eng_fr_upper,translate_eng_fr+uppercase
baby,BÉBÉ,translate_eng_fr_upper,translate_eng_fr+uppercase
doctor,MÉDECIN,translate_eng_fr_upper,translate_eng_fr+uppercase
nurse,INFIRMIÈRE,translate_eng_fr_upper,translate_eng_fr+uppercase
lawyer,AVOCAT,translate_eng_fr_upper,translate_eng_fr+uppercase
police,POLICE,translate_eng_fr_upper,translate_eng_fr+uppercase
soldier,SOLDAT,translate_eng_fr_upper,translate_eng_fr+uppercase
farmer,FERMIER,translate_eng_fr_upper,translate_eng_fr+uppercase
worker,OUVRIER,translate_eng_fr_upper,translate_eng_fr+uppercase
artist,ARTISTE,translate_eng_fr_upper,translate_eng_fr+uppercase
musician,MUSICIEN,translate_eng_fr_upper,translate_eng_fr+uppercase
hello,bonjour,translate_eng_fr_lower,translate_eng_fr+lowercase
goodbye,au revoir,translate_eng_fr_lower,translate_eng_fr+lowercase
thank you,merci,translate_eng_fr_lower,translate_eng_fr+lowercase
please,s'il vous plaît,translate_eng_fr_lower,translate_eng_fr+lowercase
yes,oui,translate_eng_fr_lower,translate_eng_fr+lowercase
no,non,translate_eng_fr_lower,translate_eng_fr+lowercase
water,eau,translate_eng_fr_lower,translate_eng_fr+lowercase
house,maison,translate_eng_fr_lower,translate_eng_fr+lowercase
cat,chat,translate_eng_fr_lower,translate_eng_fr+lowercase
dog,chien,translate_eng_fr_lower,translate_eng_fr+lowercase
good morning,bonjour,translate_eng_fr_lower,translate_eng_fr+lowercase
good evening,bonsoir,translate_eng_fr_lower,translate_eng_fr+lowercase
good night,bonne nuit,translate_eng_fr_lower,translate_eng_fr+lowercase
how are you,comment allez-vous,translate_eng_fr_lower,translate_eng_fr+lowercase
I love you,je t'aime,translate_eng_fr_lower,translate_eng_fr+lowercase
friend,ami,translate_eng_fr_lower,translate_eng_fr+lowercase
family,famille,translate_eng_fr_lower,translate_eng_fr+lowercase
food,nourriture,translate_eng_fr_lower,translate_eng_fr+lowercase
book,livre,translate_eng_fr_lower,translate_eng_fr+lowercase
car,voiture,translate_eng_fr_lower,translate_eng_fr+lowercase
tree,arbre,translate_eng_fr_lower,translate_eng_fr+lowercase
flower,fleur,translate_eng_fr_lower,translate_eng_fr+lowercase
sun,soleil,translate_eng_fr_lower,translate_eng_fr+lowercase
moon,lune,translate_eng_fr_lower,translate_eng_fr+lowercase
star,étoile,translate_eng_fr_lower,translate_eng_fr+lowercase
bread,pain,translate_eng_fr_lower,translate_eng_fr+lowercase
cheese,fromage,translate_eng_fr_lower,translate_eng_fr+lowercase
wine,vin,translate_eng_fr_lower,translate_eng_fr+lowercase
coffee,café,translate_eng_fr_lower,translate_eng_fr+lowercase
tea,thé,translate_eng_fr_lower,translate_eng_fr+lowercase
milk,lait,translate_eng_fr_lower,translate_eng_fr+lowercase
sugar,sucre,translate_eng_fr_lower,translate_eng_fr+lowercase
salt,sel,translate_eng_fr_lower,translate_eng_fr+lowercase
pepper,poivre,translate_eng_fr_lower,translate_eng_fr+lowercase
chair,chaise,translate_eng_fr_lower,translate_eng_fr+lowercase
door,porte,translate_eng_fr_lower,translate_eng_fr+lowercase
window,fenêtre,translate_eng_fr_lower,translate_eng_fr+lowercase
street,rue,translate_eng_fr_lower,translate_eng_fr+lowercase
city,ville,translate_eng_fr_lower,translate_eng_fr+lowercase
country,pays,translate_eng_fr_lower,translate_eng_fr+lowercase
world,monde,translate_eng_fr_lower,translate_eng_fr+lowercase
time,temps,translate_eng_fr_lower,translate_eng_fr+lowercase
day,jour,translate_eng_fr_lower,translate_eng_fr+lowercase
night,nuit,translate_eng_fr_lower,translate_eng_fr+lowercase
week,semaine,translate_eng_fr_lower,translate_eng_fr+lowercase
month,mois,translate_eng_fr_lower,translate_eng_fr+lowercase
year,an,translate_eng_fr_lower,translate_eng_fr+lowercase
today,aujourd'hui,translate_eng_fr_lower,translate_eng_fr+lowercase
tomorrow,demain,translate_eng_fr_lower,translate_eng_fr+lowercase
yesterday,hier,translate_eng_fr_lower,translate_eng_fr+lowercase
school,école,translate_eng_fr_lower,translate_eng_fr+lowercase
student,étudiant,translate_eng_fr_lower,translate_eng_fr+lowercase
teacher,professeur,translate_eng_fr_lower,translate_eng_fr+lowercase
horse,cheval,translate_eng_fr_lower,translate_eng_fr+lowercase
letter,lettre,translate_eng_fr_lower,translate_eng_fr+lowercase
word,mot,translate_eng_fr_lower,translate_eng_fr+lowercase
sentence,phrase,translate_eng_fr_lower,translate_eng_fr+lowercase
music,musique,translate_eng_fr_lower,translate_eng_fr+lowercase
song,chanson,translate_eng_fr_lower,translate_eng_fr+lowercase
game,jeu,translate_eng_fr_lower,translate_eng_fr+lowercase
ball,balle,translate_eng_fr_lower,translate_eng_fr+lowercase
hand,main,translate_eng_fr_lower,translate_eng_fr+lowercase
head,tête,translate_eng_fr_lower,translate_eng_fr+lowercase
eye,œil,translate_eng_fr_lower,translate_eng_fr+lowercase
ear,oreille,translate_eng_fr_lower,translate_eng_fr+lowercase
nose,nez,translate_eng_fr_lower,translate_eng_fr+lowercase
mouth,bouche,translate_eng_fr_lower,translate_eng_fr+lowercase
heart,cœur,translate_eng_fr_lower,translate_eng_fr+lowercase
brain,cerveau,translate_eng_fr_lower,translate_eng_fr+lowercase
body,corps,translate_eng_fr_lower,translate_eng_fr+lowercase
red,rouge,translate_eng_fr_lower,translate_eng_fr+lowercase
blue,bleu,translate_eng_fr_lower,translate_eng_fr+lowercase
green,vert,translate_eng_fr_lower,translate_eng_fr+lowercase
yellow,jaune,translate_eng_fr_lower,translate_eng_fr+lowercase
black,noir,translate_eng_fr_lower,translate_eng_fr+lowercase
white,blanc,translate_eng_fr_lower,translate_eng_fr+lowercase
purple,violet,translate_eng_fr_lower,translate_eng_fr+lowercase
pink,rose,translate_eng_fr_lower,translate_eng_fr+lowercase
gray,gris,translate_eng_fr_lower,translate_eng_fr+lowercase
brown,marron,translate_eng_fr_lower,translate_eng_fr+lowercase
big,grand,translate_eng_fr_lower,translate_eng_fr+lowercase
small,petit,translate_eng_fr_lower,translate_eng_fr+lowercase
hot,chaud,translate_eng_fr_lower,translate_eng_fr+lowercase
cold,froid,translate_eng_fr_lower,translate_eng_fr+lowercase
new,nouveau,translate_eng_fr_lower,translate_eng_fr+lowercase
old,vieux,translate_eng_fr_lower,translate_eng_fr+lowercase
good,bon,translate_eng_fr_lower,translate_eng_fr+lowercase
bad,mauvais,translate_eng_fr_lower,translate_eng_fr+lowercase
happy,heureux,translate_eng_fr_lower,translate_eng_fr+lowercase
sad,triste,translate_eng_fr_lower,translate_eng_fr+lowercase
fast,rapide,translate_eng_fr_lower,translate_eng_fr+lowercase
slow,lent,translate_eng_fr_lower,translate_eng_fr+lowercase
strong,fort,translate_eng_fr_lower,translate_eng_fr+lowercase
weak,faible,translate_eng_fr_lower,translate_eng_fr+lowercase
beautiful,beau,translate_eng_fr_lower,translate_eng_fr+lowercase
ugly,laid,translate_eng_fr_lower,translate_eng_fr+lowercase
young,jeune,translate_eng_fr_lower,translate_eng_fr+lowercase
rich,riche,translate_eng_fr_lower,translate_eng_fr+lowercase
poor,pauvre,translate_eng_fr_lower,translate_eng_fr+lowercase
clean,propre,translate_eng_fr_lower,translate_eng_fr+lowercase
dirty,sale,translate_eng_fr_lower,translate_eng_fr+lowercase
easy,facile,translate_eng_fr_lower,translate_eng_fr+lowercase
difficult,difficile,translate_eng_fr_lower,translate_eng_fr+lowercase
short,court,translate_eng_fr_lower,translate_eng_fr+lowercase
high,haut,translate_eng_fr_lower,translate_eng_fr+lowercase
low,bas,translate_eng_fr_lower,translate_eng_fr+lowercase
wide,large,translate_eng_fr_lower,translate_eng_fr+lowercase
narrow,étroit,translate_eng_fr_lower,translate_eng_fr+lowercase
heavy,lourd,translate_eng_fr_lower,translate_eng_fr+lowercase
light,léger,translate_eng_fr_lower,translate_eng_fr+lowercase
full,plein,translate_eng_fr_lower,translate_eng_fr+lowercase
empty,vide,translate_eng_fr_lower,translate_eng_fr+lowercase
right,droit,translate_eng_fr_lower,translate_eng_fr+lowercase
left,gauche,translate_eng_fr_lower,translate_eng_fr+lowercase
up,haut,translate_eng_fr_lower,translate_eng_fr+lowercase
down,bas,translate_eng_fr_lower,translate_eng_fr+lowercase
inside,dedans,translate_eng_fr_lower,translate_eng_fr+lowercase
outside,dehors,translate_eng_fr_lower,translate_eng_fr+lowercase
front,devant,translate_eng_fr_lower,translate_eng_fr+lowercase
back,derrière,translate_eng_fr_lower,translate_eng_fr+lowercase
near,près,translate_eng_fr_lower,translate_eng_fr+lowercase
far,loin,translate_eng_fr_lower,translate_eng_fr+lowercase
first,premier,translate_eng_fr_lower,translate_eng_fr+lowercase
last,dernier,translate_eng_fr_lower,translate_eng_fr+lowercase
open,ouvert,translate_eng_fr_lower,translate_eng_fr+lowercase
closed,fermé,translate_eng_fr_lower,translate_eng_fr+lowercase
one,un,translate_eng_fr_lower,translate_eng_fr+lowercase
two,deux,translate_eng_fr_lower,translate_eng_fr+lowercase
three,trois,translate_eng_fr_lower,translate_eng_fr+lowercase
four,quatre,translate_eng_fr_lower,translate_eng_fr+lowercase
five,cinq,translate_eng_fr_lower,translate_eng_fr+lowercase
seven,sept,translate_eng_fr_lower,translate_eng_fr+lowercase
eight,huit,translate_eng_fr_lower,translate_eng_fr+lowercase
nine,neuf,translate_eng_fr_lower,translate_eng_fr+lowercase
ten,dix,translate_eng_fr_lower,translate_eng_fr+lowercase
hundred,cent,translate_eng_fr_lower,translate_eng_fr+lowercase
thousand,mille,translate_eng_fr_lower,translate_eng_fr+lowercase
brother,frère,translate_eng_fr_lower,translate_eng_fr+lowercase
sister,sœur,translate_eng_fr_lower,translate_eng_fr+lowercase
father,père,translate_eng_fr_lower,translate_eng_fr+lowercase
mother,mère,translate_eng_fr_lower,translate_eng_fr+lowercase
son,fils,translate_eng_fr_lower,translate_eng_fr+lowercase
daughter,fille,translate_eng_fr_lower,translate_eng_fr+lowercase
husband,mari,translate_eng_fr_lower,translate_eng_fr+lowercase
wife,femme,translate_eng_fr_lower,translate_eng_fr+lowercase
grandfather,grand-père,translate_eng_fr_lower,translate_eng_fr+lowercase
grandmother,grand-mère,translate_eng_fr_lower,translate_eng_fr+lowercase
uncle,oncle,translate_eng_fr_lower,translate_eng_fr+lowercase
aunt,tante,translate_eng_fr_lower,translate_eng_fr+lowercase
king,roi,translate_eng_fr_lower,translate_eng_fr+lowercase
queen,reine,translate_eng_fr_lower,translate_eng_fr+lowercase
princess,princesse,translate_eng_fr_lower,translate_eng_fr+lowercase
man,homme,translate_eng_fr_lower,translate_eng_fr+lowercase
woman,femme,translate_eng_fr_lower,translate_eng_fr+lowercase
boy,garçon,translate_eng_fr_lower,translate_eng_fr+lowercase
girl,fille,translate_eng_fr_lower,translate_eng_fr+lowercase
baby,bébé,translate_eng_fr_lower,translate_eng_fr+lowercase
doctor,médecin,translate_eng_fr_lower,translate_eng_fr+lowercase
nurse,infirmière,translate_eng_fr_lower,translate_eng_fr+lowercase
lawyer,avocat,translate_eng_fr_lower,translate_eng_fr+lowercase
soldier,soldat,translate_eng_fr_lower,translate_eng_fr+lowercase
farmer,fermier,translate_eng_fr_lower,translate_eng_fr+lowercase
worker,ouvrier,translate_eng_fr_lower,translate_eng_fr+lowercase
artist,artiste,translate_eng_fr_lower,translate_eng_fr+lowercase
musician,musicien,translate_eng_fr_lower,translate_eng_fr+lowercase
hello,ruojnob,translate_eng_fr_reverse,translate_eng_fr+reverse
goodbye,riover ua,translate_eng_fr_reverse,translate_eng_fr+reverse
thank you,icrem,translate_eng_fr_reverse,translate_eng_fr+reverse
please,tîalp suov li's,translate_eng_fr_reverse,translate_eng_fr+reverse
yes,iuo,translate_eng_fr_reverse,translate_eng_fr+reverse
no,non,translate_eng_fr_reverse,translate_eng_fr+reverse
water,uae,translate_eng_fr_reverse,translate_eng_fr+reverse
house,nosiam,translate_eng_fr_reverse,translate_eng_fr+reverse
cat,tahc,translate_eng_fr_reverse,translate_eng_fr+reverse
dog,neihc,translate_eng_fr_reverse,translate_eng_fr+reverse
good morning,ruojnob,translate_eng_fr_reverse,translate_eng_fr+reverse
good evening,riosnob,translate_eng_fr_reverse,translate_eng_fr+reverse
good night,tiun ennob,translate_eng_fr_reverse,translate_eng_fr+reverse
how are you,suov-zella tnemmoc,translate_eng_fr_reverse,translate_eng_fr+reverse
I love you,emia't ej,translate_eng_fr_reverse,translate_eng_fr+reverse
friend,ima,translate_eng_fr_reverse,translate_eng_fr+reverse
family,ellimaf,translate_eng_fr_reverse,translate_eng_fr+reverse
food,erutirruon,translate_eng_fr_reverse,translate_eng_fr+reverse
book,ervil,translate_eng_fr_reverse,translate_eng_fr+reverse
car,erutiov,translate_eng_fr_reverse,translate_eng_fr+reverse
tree,erbra,translate_eng_fr_reverse,translate_eng_fr+reverse
flower,ruelf,translate_eng_fr_reverse,translate_eng_fr+reverse
sun,lielos,translate_eng_fr_reverse,translate_eng_fr+reverse
moon,enul,translate_eng_fr_reverse,translate_eng_fr+reverse
star,elioté,translate_eng_fr_reverse,translate_eng_fr+reverse
bread,niap,translate_eng_fr_reverse,translate_eng_fr+reverse
cheese,egamorf,translate_eng_fr_reverse,translate_eng_fr+reverse
wine,niv,translate_eng_fr_reverse,translate_eng_fr+reverse
coffee,éfac,translate_eng_fr_reverse,translate_eng_fr+reverse
tea,éht,translate_eng_fr_reverse,translate_eng_fr+reverse
milk,tial,translate_eng_fr_reverse,translate_eng_fr+reverse
sugar,ercus,translate_eng_fr_reverse,translate_eng_fr+reverse
salt,les,translate_eng_fr_reverse,translate_eng_fr+reverse
pepper,erviop,translate_eng_fr_reverse,translate_eng_fr+reverse
table,elbat,translate_eng_fr_reverse,translate_eng_fr+reverse
chair,esiahc,translate_eng_fr_reverse,translate_eng_fr+reverse
door,etrop,translate_eng_fr_reverse,translate_eng_fr+reverse
window,ertênef,translate_eng_fr_reverse,translate_eng_fr+reverse
street,eur,translate_eng_fr_reverse,translate_eng_fr+reverse
city,elliv,translate_eng_fr_reverse,translate_eng_fr+reverse
country,syap,translate_eng_fr_reverse,translate_eng_fr+reverse
world,ednom,translate_eng_fr_reverse,translate_eng_fr+reverse
time,spmet,translate_eng_fr_reverse,translate_eng_fr+reverse
day,ruoj,translate_eng_fr_reverse,translate_eng_fr+reverse
night,tiun,translate_eng_fr_reverse,translate_eng_fr+reverse
week,eniames,translate_eng_fr_reverse,translate_eng_fr+reverse
month,siom,translate_eng_fr_reverse,translate_eng_fr+reverse
year,na,translate_eng_fr_reverse,translate_eng_fr+reverse
today,iuh'druojua,translate_eng_fr_reverse,translate_eng_fr+reverse
tomorrow,niamed,translate_eng_fr_reverse,translate_eng_fr+reverse
yesterday,reih,translate_eng_fr_reverse,translate_eng_fr+reverse
school,elocé,translate_eng_fr_reverse,translate_eng_fr+reverse
student,tnaiduté,translate_eng_fr_reverse,translate_eng_fr+reverse
teacher,ruesseforp,translate_eng_fr_reverse,translate_eng_fr+reverse
horse,lavehc,translate_eng_fr_reverse,translate_eng_fr+reverse
letter,erttel,translate_eng_fr_reverse,translate_eng_fr+reverse
word,tom,translate_eng_fr_reverse,translate_eng_fr+reverse
sentence,esarhp,translate_eng_fr_reverse,translate_eng_fr+reverse
page,egap,translate_eng_fr_reverse,translate_eng_fr+reverse
music,euqisum,translate_eng_fr_reverse,translate_eng_fr+reverse
song,nosnahc,translate_eng_fr_reverse,translate_eng_fr+reverse
game,uej,translate_eng_fr_reverse,translate_eng_fr+reverse
sport,trops,translate_eng_fr_reverse,translate_eng_fr+reverse
ball,ellab,translate_eng_fr_reverse,translate_eng_fr+reverse
hand,niam,translate_eng_fr_reverse,translate_eng_fr+reverse
head,etêt,translate_eng_fr_reverse,translate_eng_fr+reverse
eye,liœ,translate_eng_fr_reverse,translate_eng_fr+reverse
ear,elliero,translate_eng_fr_reverse,translate_eng_fr+reverse
nose,zen,translate_eng_fr_reverse,translate_eng_fr+reverse
mouth,ehcuob,translate_eng_fr_reverse,translate_eng_fr+reverse
heart,ruœc,translate_eng_fr_reverse,translate_eng_fr+reverse
brain,uaevrec,translate_eng_fr_reverse,translate_eng_fr+reverse
body,sproc,translate_eng_fr_reverse,translate_eng_fr+reverse
red,eguor,translate_eng_fr_reverse,translate_eng_fr+reverse
blue,uelb,translate_eng_fr_reverse,translate_eng_fr+reverse
green,trev,translate_eng_fr_reverse,translate_eng_fr+reverse
yellow,enuaj,translate_eng_fr_reverse,translate_eng_fr+reverse
black,rion,translate_eng_fr_reverse,translate_eng_fr+reverse
white,cnalb,translate_eng_fr_reverse,translate_eng_fr+reverse
purple,teloiv,translate_eng_fr_reverse,translate_eng_fr+reverse
pink,esor,translate_eng_fr_reverse,translate_eng_fr+reverse
gray,sirg,translate_eng_fr_reverse,translate_eng_fr+reverse
brown,norram,translate_eng_fr_reverse,translate_eng_fr+reverse
big,dnarg,translate_eng_fr_reverse,translate_eng_fr+reverse
small,titep,translate_eng_fr_reverse,translate_eng_fr+reverse
hot,duahc,translate_eng_fr_reverse,translate_eng_fr+reverse
cold,diorf,translate_eng_fr_reverse,translate_eng_fr+reverse
new,uaevuon,translate_eng_fr_reverse,translate_eng_fr+reverse
old,xueiv,translate_eng_fr_reverse,translate_eng_fr+reverse
good,nob,translate_eng_fr_reverse,translate_eng_fr+reverse
bad,siavuam,translate_eng_fr_reverse,translate_eng_fr+reverse
happy,xuerueh,translate_eng_fr_reverse,translate_eng_fr+reverse
sad,etsirt,translate_eng_fr_reverse,translate_eng_fr+reverse
fast,edipar,translate_eng_fr_reverse,translate_eng_fr+reverse
slow,tnel,translate_eng_fr_reverse,translate_eng_fr+reverse
strong,trof,translate_eng_fr_reverse,translate_eng_fr+reverse
weak,elbiaf,translate_eng_fr_reverse,translate_eng_fr+reverse
beautiful,uaeb,translate_eng_fr_reverse,translate_eng_fr+reverse
ugly,dial,translate_eng_fr_reverse,translate_eng_fr+reverse
young,enuej,translate_eng_fr_reverse,translate_eng_fr+reverse
rich,ehcir,translate_eng_fr_reverse,translate_eng_fr+reverse
poor,ervuap,translate_eng_fr_reverse,translate_eng_fr+reverse
clean,erporp,translate_eng_fr_reverse,translate_eng_fr+reverse
dirty,elas,translate_eng_fr_reverse,translate_eng_fr+reverse
easy,elicaf,translate_eng_fr_reverse,translate_eng_fr+reverse
difficult,eliciffid,translate_eng_fr_reverse,translate_eng_fr+reverse
long,gnol,translate_eng_fr_reverse,translate_eng_fr+reverse
short,truoc,translate_eng_fr_reverse,translate_eng_fr+reverse
high,tuah,translate_eng_fr_reverse,translate_eng_fr+reverse
low,sab,translate_eng_fr_reverse,translate_eng_fr+reverse
wide,egral,translate_eng_fr_reverse,translate_eng_fr+reverse
narrow,tiorté,translate_eng_fr_reverse,translate_eng_fr+reverse
heavy,druol,translate_eng_fr_reverse,translate_eng_fr+reverse
light,regél,translate_eng_fr_reverse,translate_eng_fr+reverse
full,nielp,translate_eng_fr_reverse,translate_eng_fr+reverse
empty,ediv,translate_eng_fr_reverse,translate_eng_fr+reverse
right,tiord,translate_eng_fr_reverse,translate_eng_fr+reverse
left,ehcuag,translate_eng_fr_reverse,translate_eng_fr+reverse
up,tuah,translate_eng_fr_reverse,translate_eng_fr+reverse
down,sab,translate_eng_fr_reverse,translate_eng_fr+reverse
inside,snaded,translate_eng_fr_reverse,translate_eng_fr+reverse
outside,srohed,translate_eng_fr_reverse,translate_eng_fr+reverse
front,tnaved,translate_eng_fr_reverse,translate_eng_fr+reverse
back,erèirred,translate_eng_fr_reverse,translate_eng_fr+reverse
near,sèrp,translate_eng_fr_reverse,translate_eng_fr+reverse
far,niol,translate_eng_fr_reverse,translate_eng_fr+reverse
first,reimerp,translate_eng_fr_reverse,translate_eng_fr+reverse
last,reinred,translate_eng_fr_reverse,translate_eng_fr+reverse
open,trevuo,translate_eng_fr_reverse,translate_eng_fr+reverse
closed,émref,translate_eng_fr_reverse,translate_eng_fr+reverse
one,nu,translate_eng_fr_reverse,translate_eng_fr+reverse
two,xued,translate_eng_fr_reverse,translate_eng_fr+reverse
three,siort,translate_eng_fr_reverse,translate_eng_fr+reverse
four,ertauq,translate_eng_fr_reverse,translate_eng_fr+reverse
five,qnic,translate_eng_fr_reverse,translate_eng_fr+reverse
six,xis,translate_eng_fr_reverse,translate_eng_fr+reverse
seven,tpes,translate_eng_fr_reverse,translate_eng_fr+reverse
eight,tiuh,translate_eng_fr_reverse,translate_eng_fr+reverse
nine,fuen,translate_eng_fr_reverse,translate_eng_fr+reverse
ten,xid,translate_eng_fr_reverse,translate_eng_fr+reverse
hundred,tnec,translate_eng_fr_reverse,translate_eng_fr+reverse
thousand,ellim,translate_eng_fr_reverse,translate_eng_fr+reverse
brother,erèrf,translate_eng_fr_reverse,translate_eng_fr+reverse
sister,ruœs,translate_eng_fr_reverse,translate_eng_fr+reverse
father,erèp,translate_eng_fr_reverse,translate_eng_fr+reverse
mother,erèm,translate_eng_fr_reverse,translate_eng_fr+reverse
son,slif,translate_eng_fr_reverse,translate_eng_fr+reverse
daughter,ellif,translate_eng_fr_reverse,translate_eng_fr+reverse
husband,iram,translate_eng_fr_reverse,translate_eng_fr+reverse
wife,emmef,translate_eng_fr_reverse,translate_eng_fr+reverse
grandfather,erèp-dnarg,translate_eng_fr_reverse,translate_eng_fr+reverse
grandmother,erèm-dnarg,translate_eng_fr_reverse,translate_eng_fr+reverse
uncle,elcno,translate_eng_fr_reverse,translate_eng_fr+reverse
aunt,etnat,translate_eng_fr_reverse,translate_eng_fr+reverse
cousin,nisuoc,translate_eng_fr_reverse,translate_eng_fr+reverse
king,ior,translate_eng_fr_reverse,translate_eng_fr+reverse
queen,enier,translate_eng_fr_reverse,translate_eng_fr+reverse
prince,ecnirp,translate_eng_fr_reverse,translate_eng_fr+reverse
princess,essecnirp,translate_eng_fr_reverse,translate_eng_fr+reverse
man,emmoh,translate_eng_fr_reverse,translate_eng_fr+reverse
woman,emmef,translate_eng_fr_reverse,translate_eng_fr+reverse
boy,noçrag,translate_eng_fr_reverse,translate_eng_fr+reverse
girl,ellif,translate_eng_fr_reverse,translate_eng_fr+reverse
baby,ébéb,translate_eng_fr_reverse,translate_eng_fr+reverse
doctor,nicedém,translate_eng_fr_reverse,translate_eng_fr+reverse
nurse,erèimrifni,translate_eng_fr_reverse,translate_eng_fr+reverse
lawyer,tacova,translate_eng_fr_reverse,translate_eng_fr+reverse
police,ecilop,translate_eng_fr_reverse,translate_eng_fr+reverse
soldier,tadlos,translate_eng_fr_reverse,translate_eng_fr+reverse
farmer,reimref,translate_eng_fr_reverse,translate_eng_fr+reverse
worker,reirvuo,translate_eng_fr_reverse,translate_eng_fr+reverse
artist,etsitra,translate_eng_fr_reverse,translate_eng_fr+reverse
musician,neicisum,translate_eng_fr_reverse,translate_eng_fr+reverse
hello,b,translate_eng_fr_first,translate_eng_fr+first_letter
goodbye,a,translate_eng_fr_first,translate_eng_fr+first_letter
thank you,m,translate_eng_fr_first,translate_eng_fr+first_letter
please,s,translate_eng_fr_first,translate_eng_fr+first_letter
yes,o,translate_eng_fr_first,translate_eng_fr+first_letter
no,n,translate_eng_fr_first,translate_eng_fr+first_letter
water,e,translate_eng_fr_first,translate_eng_fr+first_letter
house,m,translate_eng_fr_first,translate_eng_fr+first_letter
cat,c,translate_eng_fr_first,translate_eng_fr+first_letter
dog,c,translate_eng_fr_first,translate_eng_fr+first_letter
good morning,b,translate_eng_fr_first,translate_eng_fr+first_letter
good evening,b,translate_eng_fr_first,translate_eng_fr+first_letter
good night,b,translate_eng_fr_first,translate_eng_fr+first_letter
how are you,c,translate_eng_fr_first,translate_eng_fr+first_letter
I love you,j,translate_eng_fr_first,translate_eng_fr+first_letter
friend,a,translate_eng_fr_first,translate_eng_fr+first_letter
family,f,translate_eng_fr_first,translate_eng_fr+first_letter
food,n,translate_eng_fr_first,translate_eng_fr+first_letter
book,l,translate_eng_fr_first,translate_eng_fr+first_letter
car,v,translate_eng_fr_first,translate_eng_fr+first_letter
tree,a,translate_eng_fr_first,translate_eng_fr+first_letter
flower,f,translate_eng_fr_first,translate_eng_fr+first_letter
sun,s,translate_eng_fr_first,translate_eng_fr+first_letter
moon,l,translate_eng_fr_first,translate_eng_fr+first_letter
star,é,translate_eng_fr_first,translate_eng_fr+first_letter
bread,p,translate_eng_fr_first,translate_eng_fr+first_letter
cheese,f,translate_eng_fr_first,translate_eng_fr+first_letter
wine,v,translate_eng_fr_first,translate_eng_fr+first_letter
coffee,c,translate_eng_fr_first,translate_eng_fr+first_letter
tea,t,translate_eng_fr_first,translate_eng_fr+first_letter
milk,l,translate_eng_fr_first,translate_eng_fr+first_letter
sugar,s,translate_eng_fr_first,translate_eng_fr+first_letter
salt,s,translate_eng_fr_first,translate_eng_fr+first_letter
pepper,p,translate_eng_fr_first,translate_eng_fr+first_letter
table,t,translate_eng_fr_first,translate_eng_fr+first_letter
chair,c,translate_eng_fr_first,translate_eng_fr+first_letter
door,p,translate_eng_fr_first,translate_eng_fr+first_letter
window,f,translate_eng_fr_first,translate_eng_fr+first_letter
street,r,translate_eng_fr_first,translate_eng_fr+first_letter
city,v,translate_eng_fr_first,translate_eng_fr+first_letter
country,p,translate_eng_fr_first,translate_eng_fr+first_letter
world,m,translate_eng_fr_first,translate_eng_fr+first_letter
time,t,translate_eng_fr_first,translate_eng_fr+first_letter
day,j,translate_eng_fr_first,translate_eng_fr+first_letter
night,n,translate_eng_fr_first,translate_eng_fr+first_letter
week,s,translate_eng_fr_first,translate_eng_fr+first_letter
month,m,translate_eng_fr_first,translate_eng_fr+first_letter
year,a,translate_eng_fr_first,translate_eng_fr+first_letter
today,a,translate_eng_fr_first,translate_eng_fr+first_letter
tomorrow,d,translate_eng_fr_first,translate_eng_fr+first_letter
yesterday,h,translate_eng_fr_first,translate_eng_fr+first_letter
school,é,translate_eng_fr_first,translate_eng_fr+first_letter
student,é,translate_eng_fr_first,translate_eng_fr+first_letter
teacher,p,translate_eng_fr_first,translate_eng_fr+first_letter
horse,c,translate_eng_fr_first,translate_eng_fr+first_letter
letter,l,translate_eng_fr_first,translate_eng_fr+first_letter
word,m,translate_eng_fr_first,translate_eng_fr+first_letter
sentence,p,translate_eng_fr_first,translate_eng_fr+first_letter
page,p,translate_eng_fr_first,translate_eng_fr+first_letter
music,m,translate_eng_fr_first,translate_eng_fr+first_letter
song,c,translate_eng_fr_first,translate_eng_fr+first_letter
game,j,translate_eng_fr_first,translate_eng_fr+first_letter
sport,s,translate_eng_fr_first,translate_eng_fr+first_letter
ball,b,translate_eng_fr_first,translate_eng_fr+first_letter
hand,m,translate_eng_fr_first,translate_eng_fr+first_letter
head,t,translate_eng_fr_first,translate_eng_fr+first_letter
eye,œ,translate_eng_fr_first,translate_eng_fr+first_letter
ear,o,translate_eng_fr_first,translate_eng_fr+first_letter
nose,n,translate_eng_fr_first,translate_eng_fr+first_letter
mouth,b,translate_eng_fr_first,translate_eng_fr+first_letter
heart,c,translate_eng_fr_first,translate_eng_fr+first_letter
brain,c,translate_eng_fr_first,translate_eng_fr+first_letter
body,c,translate_eng_fr_first,translate_eng_fr+first_letter
red,r,translate_eng_fr_first,translate_eng_fr+first_letter
blue,b,translate_eng_fr_first,translate_eng_fr+first_letter
green,v,translate_eng_fr_first,translate_eng_fr+first_letter
yellow,j,translate_eng_fr_first,translate_eng_fr+first_letter
black,n,translate_eng_fr_first,translate_eng_fr+first_letter
white,b,translate_eng_fr_first,translate_eng_fr+first_letter
purple,v,translate_eng_fr_first,translate_eng_fr+first_letter
pink,r,translate_eng_fr_first,translate_eng_fr+first_letter
gray,g,translate_eng_fr_first,translate_eng_fr+first_letter
brown,m,translate_eng_fr_first,translate_eng_fr+first_letter
big,g,translate_eng_fr_first,translate_eng_fr+first_letter
small,p,translate_eng_fr_first,translate_eng_fr+first_letter
hot,c,translate_eng_fr_first,translate_eng_fr+first_letter
cold,f,translate_eng_fr_first,translate_eng_fr+first_letter
new,n,translate_eng_fr_first,translate_eng_fr+first_letter
old,v,translate_eng_fr_first,translate_eng_fr+first_letter
good,b,translate_eng_fr_first,translate_eng_fr+first_letter
bad,m,translate_eng_fr_first,translate_eng_fr+first_letter
happy,h,translate_eng_fr_first,translate_eng_fr+first_letter
sad,t,translate_eng_fr_first,translate_eng_fr+first_letter
fast,r,translate_eng_fr_first,translate_eng_fr+first_letter
slow,l,translate_eng_fr_first,translate_eng_fr+first_letter
strong,f,translate_eng_fr_first,translate_eng_fr+first_letter
weak,f,translate_eng_fr_first,translate_eng_fr+first_letter
beautiful,b,translate_eng_fr_first,translate_eng_fr+first_letter
ugly,l,translate_eng_fr_first,translate_eng_fr+first_letter
young,j,translate_eng_fr_first,translate_eng_fr+first_letter
rich,r,translate_eng_fr_first,translate_eng_fr+first_letter
poor,p,translate_eng_fr_first,translate_eng_fr+first_letter
clean,p,translate_eng_fr_first,translate_eng_fr+first_letter
dirty,s,translate_eng_fr_first,translate_eng_fr+first_letter
easy,f,translate_eng_fr_first,translate_eng_fr+first_letter
difficult,d,translate_eng_fr_first,translate_eng_fr+first_letter
long,l,translate_eng_fr_first,translate_eng_fr+first_letter
short,c,translate_eng_fr_first,translate_eng_fr+first_letter
high,h,translate_eng_fr_first,translate_eng_fr+first_letter
low,b,translate_eng_fr_first,translate_eng_fr+first_letter
wide,l,translate_eng_fr_first,translate_eng_fr+first_letter
narrow,é,translate_eng_fr_first,translate_eng_fr+first_letter
heavy,l,translate_eng_fr_first,translate_eng_fr+first_letter
light,l,translate_eng_fr_first,translate_eng_fr+first_letter
full,p,translate_eng_fr_first,translate_eng_fr+first_letter
empty,v,translate_eng_fr_first,translate_eng_fr+first_letter
right,d,translate_eng_fr_first,translate_eng_fr+first_letter
left,g,translate_eng_fr_first,translate_eng_fr+first_letter
up,h,translate_eng_fr_first,translate_eng_fr+first_letter
down,b,translate_eng_fr_first,translate_eng_fr+first_letter
inside,d,translate_eng_fr_first,translate_eng_fr+first_letter
outside,d,translate_eng_fr_first,translate_eng_fr+first_letter
front,d,translate_eng_fr_first,translate_eng_fr+first_letter
back,d,translate_eng_fr_first,translate_eng_fr+first_letter
near,p,translate_eng_fr_first,translate_eng_fr+first_letter
far,l,translate_eng_fr_first,translate_eng_fr+first_letter
first,p,translate_eng_fr_first,translate_eng_fr+first_letter
last,d,translate_eng_fr_first,translate_eng_fr+first_letter
open,o,translate_eng_fr_first,translate_eng_fr+first_letter
closed,f,translate_eng_fr_first,translate_eng_fr+first_letter
one,u,translate_eng_fr_first,translate_eng_fr+first_letter
two,d,translate_eng_fr_first,translate_eng_fr+first_letter
three,t,translate_eng_fr_first,translate_eng_fr+first_letter
four,q,translate_eng_fr_first,translate_eng_fr+first_letter
five,c,translate_eng_fr_first,translate_eng_fr+first_letter
six,s,translate_eng_fr_first,translate_eng_fr+first_letter
seven,s,translate_eng_fr_first,translate_eng_fr+first_letter
eight,h,translate_eng_fr_first,translate_eng_fr+first_letter
nine,n,translate_eng_fr_first,translate_eng_fr+first_letter
ten,d,translate_eng_fr_first,translate_eng_fr+first_letter
hundred,c,translate_eng_fr_first,translate_eng_fr+first_letter
thousand,m,translate_eng_fr_first,translate_eng_fr+first_letter
brother,f,translate_eng_fr_first,translate_eng_fr+first_letter
sister,s,translate_eng_fr_first,translate_eng_fr+first_letter
father,p,translate_eng_fr_first,translate_eng_fr+first_letter
mother,m,translate_eng_fr_first,translate_eng_fr+first_letter
son,f,translate_eng_fr_first,translate_eng_fr+first_letter
daughter,f,translate_eng_fr_first,translate_eng_fr+first_letter
husband,m,translate_eng_fr_first,translate_eng_fr+first_letter
wife,f,translate_eng_fr_first,translate_eng_fr+first_letter
grandfather,g,translate_eng_fr_first,translate_eng_fr+first_letter
grandmother,g,translate_eng_fr_first,translate_eng_fr+first_letter
uncle,o,translate_eng_fr_first,translate_eng_fr+first_letter
aunt,t,translate_eng_fr_first,translate_eng_fr+first_letter
cousin,c,translate_eng_fr_first,translate_eng_fr+first_letter
king,r,translate_eng_fr_first,translate_eng_fr+first_letter
queen,r,translate_eng_fr_first,translate_eng_fr+first_letter
prince,p,translate_eng_fr_first,translate_eng_fr+first_letter
princess,p,translate_eng_fr_first,translate_eng_fr+first_letter
man,h,translate_eng_fr_first,translate_eng_fr+first_letter
woman,f,translate_eng_fr_first,translate_eng_fr+first_letter
boy,g,translate_eng_fr_first,translate_eng_fr+first_letter
girl,f,translate_eng_fr_first,translate_eng_fr+first_letter
baby,b,translate_eng_fr_first,translate_eng_fr+first_letter
doctor,m,translate_eng_fr_first,translate_eng_fr+first_letter
nurse,i,translate_eng_fr_first,translate_eng_fr+first_letter
lawyer,a,translate_eng_fr_first,translate_eng_fr+first_letter
police,p,translate_eng_fr_first,translate_eng_fr+first_letter
soldier,s,translate_eng_fr_first,translate_eng_fr+first_letter
farmer,f,translate_eng_fr_first,translate_eng_fr+first_letter
worker,o,translate_eng_fr_first,translate_eng_fr+first_letter
artist,a,translate_eng_fr_first,translate_eng_fr+first_letter
musician,m,translate_eng_fr_first,translate_eng_fr+first_letter
hello,r,translate_eng_fr_last,translate_eng_fr+last_letter
goodbye,r,translate_eng_fr_last,translate_eng_fr+last_letter
thank you,i,translate_eng_fr_last,translate_eng_fr+last_letter
please,t,translate_eng_fr_last,translate_eng_fr+last_letter
yes,i,translate_eng_fr_last,translate_eng_fr+last_letter
no,n,translate_eng_fr_last,translate_eng_fr+last_letter
water,u,translate_eng_fr_last,translate_eng_fr+last_letter
house,n,translate_eng_fr_last,translate_eng_fr+last_letter
cat,t,translate_eng_fr_last,translate_eng_fr+last_letter
dog,n,translate_eng_fr_last,translate_eng_fr+last_letter
good morning,r,translate_eng_fr_last,translate_eng_fr+last_letter
good evening,r,translate_eng_fr_last,translate_eng_fr+last_letter
good night,t,translate_eng_fr_last,translate_eng_fr+last_letter
how are you,s,translate_eng_fr_last,translate_eng_fr+last_letter
I love you,e,translate_eng_fr_last,translate_eng_fr+last_letter
friend,i,translate_eng_fr_last,translate_eng_fr+last_letter
family,e,translate_eng_fr_last,translate_eng_fr+last_letter
food,e,translate_eng_fr_last,translate_eng_fr+last_letter
book,e,translate_eng_fr_last,translate_eng_fr+last_letter
car,e,translate_eng_fr_last,translate_eng_fr+last_letter
tree,e,translate_eng_fr_last,translate_eng_fr+last_letter
flower,r,translate_eng_fr_last,translate_eng_fr+last_letter
sun,l,translate_eng_fr_last,translate_eng_fr+last_letter
moon,e,translate_eng_fr_last,translate_eng_fr+last_letter
star,e,translate_eng_fr_last,translate_eng_fr+last_letter
bread,n,translate_eng_fr_last,translate_eng_fr+last_letter
cheese,e,translate_eng_fr_last,translate_eng_fr+last_letter
wine,n,translate_eng_fr_last,translate_eng_fr+last_letter
coffee,é,translate_eng_fr_last,translate_eng_fr+last_letter
tea,é,translate_eng_fr_last,translate_eng_fr+last_letter
milk,t,translate_eng_fr_last,translate_eng_fr+last_letter
sugar,e,translate_eng_fr_last,translate_eng_fr+last_letter
salt,l,translate_eng_fr_last,translate_eng_fr+last_letter
pepper,e,translate_eng_fr_last,translate_eng_fr+last_letter
table,e,translate_eng_fr_last,translate_eng_fr+last_letter
chair,e,translate_eng_fr_last,translate_eng_fr+last_letter
door,e,translate_eng_fr_last,translate_eng_fr+last_letter
window,e,translate_eng_fr_last,translate_eng_fr+last_letter
street,e,translate_eng_fr_last,translate_eng_fr+last_letter
city,e,translate_eng_fr_last,translate_eng_fr+last_letter
country,s,translate_eng_fr_last,translate_eng_fr+last_letter
world,e,translate_eng_fr_last,translate_eng_fr+last_letter
time,s,translate_eng_fr_last,translate_eng_fr+last_letter
day,r,translate_eng_fr_last,translate_eng_fr+last_letter
night,t,translate_eng_fr_last,translate_eng_fr+last_letter
week,e,translate_eng_fr_last,translate_eng_fr+last_letter
month,s,translate_eng_fr_last,translate_eng_fr+last_letter
year,n,translate_eng_fr_last,translate_eng_fr+last_letter
today,i,translate_eng_fr_last,translate_eng_fr+last_letter
tomorrow,n,translate_eng_fr_last,translate_eng_fr+last_letter
yesterday,r,translate_eng_fr_last,translate_eng_fr+last_letter
school,e,translate_eng_fr_last,translate_eng_fr+last_letter
student,t,translate_eng_fr_last,translate_eng_fr+last_letter
teacher,r,translate_eng_fr_last,translate_eng_fr+last_letter
horse,l,translate_eng_fr_last,translate_eng_fr+last_letter
letter,e,translate_eng_fr_last,translate_eng_fr+last_letter
word,t,translate_eng_fr_last,translate_eng_fr+last_letter
sentence,e,translate_eng_fr_last,translate_eng_fr+last_letter
page,e,translate_eng_fr_last,translate_eng_fr+last_letter
music,e,translate_eng_fr_last,translate_eng_fr+last_letter
song,n,translate_eng_fr_last,translate_eng_fr+last_letter
game,u,translate_eng_fr_last,translate_eng_fr+last_letter
sport,t,translate_eng_fr_last,translate_eng_fr+last_letter
ball,e,translate_eng_fr_last,translate_eng_fr+last_letter
hand,n,translate_eng_fr_last,translate_eng_fr+last_letter
head,e,translate_eng_fr_last,translate_eng_fr+last_letter
eye,l,translate_eng_fr_last,translate_eng_fr+last_letter
ear,e,translate_eng_fr_last,translate_eng_fr+last_letter
nose,z,translate_eng_fr_last,translate_eng_fr+last_letter
mouth,e,translate_eng_fr_last,translate_eng_fr+last_letter
heart,r,translate_eng_fr_last,translate_eng_fr+last_letter
brain,u,translate_eng_fr_last,translate_eng_fr+last_letter
body,s,translate_eng_fr_last,translate_eng_fr+last_letter
red,e,translate_eng_fr_last,translate_eng_fr+last_letter
blue,u,translate_eng_fr_last,translate_eng_fr+last_letter
green,t,translate_eng_fr_last,translate_eng_fr+last_letter
yellow,e,translate_eng_fr_last,translate_eng_fr+last_letter
black,r,translate_eng_fr_last,translate_eng_fr+last_letter
white,c,translate_eng_fr_last,translate_eng_fr+last_letter
purple,t,translate_eng_fr_last,translate_eng_fr+last_letter
pink,e,translate_eng_fr_last,translate_eng_fr+last_letter
gray,s,translate_eng_fr_last,translate_eng_fr+last_letter
brown,n,translate_eng_fr_last,translate_eng_fr+last_letter
big,d,translate_eng_fr_last,translate_eng_fr+last_letter
small,t,translate_eng_fr_last,translate_eng_fr+last_letter
hot,d,translate_eng_fr_last,translate_eng_fr+last_letter
cold,d,translate_eng_fr_last,translate_eng_fr+last_letter
new,u,translate_eng_fr_last,translate_eng_fr+last_letter
old,x,translate_eng_fr_last,translate_eng_fr+last_letter
good,n,translate_eng_fr_last,translate_eng_fr+last_letter
bad,s,translate_eng_fr_last,translate_eng_fr+last_letter
happy,x,translate_eng_fr_last,translate_eng_fr+last_letter
sad,e,translate_eng_fr_last,translate_eng_fr+last_letter
fast,e,translate_eng_fr_last,translate_eng_fr+last_letter
slow,t,translate_eng_fr_last,translate_eng_fr+last_letter
strong,t,translate_eng_fr_last,translate_eng_fr+last_letter
weak,e,translate_eng_fr_last,translate_eng_fr+last_letter
beautiful,u,translate_eng_fr_last,translate_eng_fr+last_letter
ugly,d,translate_eng_fr_last,translate_eng_fr+last_letter
young,e,translate_eng_fr_last,translate_eng_fr+last_letter
rich,e,translate_eng_fr_last,translate_eng_fr+last_letter
poor,e,translate_eng_fr_last,translate_eng_fr+last_letter
clean,e,translate_eng_fr_last,translate_eng_fr+last_letter
dirty,e,translate_eng_fr_last,translate_eng_fr+last_letter
easy,e,translate_eng_fr_last,translate_eng_fr+last_letter
difficult,e,translate_eng_fr_last,translate_eng_fr+last_letter
long,g,translate_eng_fr_last,translate_eng_fr+last_letter
short,t,translate_eng_fr_last,translate_eng_fr+last_letter
high,t,translate_eng_fr_last,translate_eng_fr+last_letter
low,s,translate_eng_fr_last,translate_eng_fr+last_letter
wide,e,translate_eng_fr_last,translate_eng_fr+last_letter
narrow,t,translate_eng_fr_last,translate_eng_fr+last_letter
heavy,d,translate_eng_fr_last,translate_eng_fr+last_letter
light,r,translate_eng_fr_last,translate_eng_fr+last_letter
full,n,translate_eng_fr_last,translate_eng_fr+last_letter
empty,e,translate_eng_fr_last,translate_eng_fr+last_letter
right,t,translate_eng_fr_last,translate_eng_fr+last_letter
left,e,translate_eng_fr_last,translate_eng_fr+last_letter
up,t,translate_eng_fr_last,translate_eng_fr+last_letter
down,s,translate_eng_fr_last,translate_eng_fr+last_letter
inside,s,translate_eng_fr_last,translate_eng_fr+last_letter
outside,s,translate_eng_fr_last,translate_eng_fr+last_letter
front,t,translate_eng_fr_last,translate_eng_fr+last_letter
back,e,translate_eng_fr_last,translate_eng_fr+last_letter
near,s,translate_eng_fr_last,translate_eng_fr+last_letter
far,n,translate_eng_fr_last,translate_eng_fr+last_letter
first,r,translate_eng_fr_last,translate_eng_fr+last_letter
last,r,translate_eng_fr_last,translate_eng_fr+last_letter
open,t,translate_eng_fr_last,translate_eng_fr+last_letter
closed,é,translate_eng_fr_last,translate_eng_fr+last_letter
one,n,translate_eng_fr_last,translate_eng_fr+last_letter
two,x,translate_eng_fr_last,translate_eng_fr+last_letter
three,s,translate_eng_fr_last,translate_eng_fr+last_letter
four,e,translate_eng_fr_last,translate_eng_fr+last_letter
five,q,translate_eng_fr_last,translate_eng_fr+last_letter
six,x,translate_eng_fr_last,translate_eng_fr+last_letter
seven,t,translate_eng_fr_last,translate_eng_fr+last_letter
eight,t,translate_eng_fr_last,translate_eng_fr+last_letter
nine,f,translate_eng_fr_last,translate_eng_fr+last_letter
ten,x,translate_eng_fr_last,translate_eng_fr+last_letter
hundred,t,translate_eng_fr_last,translate_eng_fr+last_letter
thousand,e,translate_eng_fr_last,translate_eng_fr+last_letter
brother,e,translate_eng_fr_last,translate_eng_fr+last_letter
sister,r,translate_eng_fr_last,translate_eng_fr+last_letter
father,e,translate_eng_fr_last,translate_eng_fr+last_letter
mother,e,translate_eng_fr_last,translate_eng_fr+last_letter
son,s,translate_eng_fr_last,translate_eng_fr+last_letter
daughter,e,translate_eng_fr_last,translate_eng_fr+last_letter
husband,i,translate_eng_fr_last,translate_eng_fr+last_letter
wife,e,translate_eng_fr_last,translate_eng_fr+last_letter
grandfather,e,translate_eng_fr_last,translate_eng_fr+last_letter
grandmother,e,translate_eng_fr_last,translate_eng_fr+last_letter
uncle,e,translate_eng_fr_last,translate_eng_fr+last_letter
aunt,e,translate_eng_fr_last,translate_eng_fr+last_letter
cousin,n,translate_eng_fr_last,translate_eng_fr+last_letter
king,i,translate_eng_fr_last,translate_eng_fr+last_letter
queen,e,translate_eng_fr_last,translate_eng_fr+last_letter
prince,e,translate_eng_fr_last,translate_eng_fr+last_letter
princess,e,translate_eng_fr_last,translate_eng_fr+last_letter
man,e,translate_eng_fr_last,translate_eng_fr+last_letter
woman,e,translate_eng_fr_last,translate_eng_fr+last_letter
boy,n,translate_eng_fr_last,translate_eng_fr+last_letter
girl,e,translate_eng_fr_last,translate_eng_fr+last_letter
baby,é,translate_eng_fr_last,translate_eng_fr+last_letter
doctor,n,translate_eng_fr_last,translate_eng_fr+last_letter
nurse,e,translate_eng_fr_last,translate_eng_fr+last_letter
lawyer,t,translate_eng_fr_last,translate_eng_fr+last_letter
police,e,translate_eng_fr_last,translate_eng_fr+last_letter
soldier,t,translate_eng_fr_last,translate_eng_fr+last_letter
farmer,r,translate_eng_fr_last,translate_eng_fr+last_letter
worker,r,translate_eng_fr_last,translate_eng_fr+last_letter
artist,e,translate_eng_fr_last,translate_eng_fr+last_letter
musician,n,translate_eng_fr_last,translate_eng_fr+last_letter
bonjour,HELLO,translate_fr_eng_upper,translate_fr_eng+uppercase
au revoir,GOODBYE,translate_fr_eng_upper,translate_fr_eng+uppercase
merci,THANK YOU,translate_fr_eng_upper,translate_fr_eng+uppercase
s'il vous plaît,PLEASE,translate_fr_eng_upper,translate_fr_eng+uppercase
oui,YES,translate_fr_eng_upper,translate_fr_eng+uppercase
non,NO,translate_fr_eng_upper,translate_fr_eng+uppercase
eau,WATER,translate_fr_eng_upper,translate_fr_eng+uppercase
maison,HOUSE,translate_fr_eng_upper,translate_fr_eng+uppercase
chat,CAT,translate_fr_eng_upper,translate_fr_eng+uppercase
chien,DOG,translate_fr_eng_upper,translate_fr_eng+uppercase
bonsoir,GOOD EVENING,translate_fr_eng_upper,translate_fr_eng+uppercase
bonne nuit,GOOD NIGHT,translate_fr_eng_upper,translate_fr_eng+uppercase
comment allez-vous,HOW ARE YOU,translate_fr_eng_upper,translate_fr_eng+uppercase
je t'aime,I LOVE YOU,translate_fr_eng_upper,translate_fr_eng+uppercase
ami,FRIEND,translate_fr_eng_upper,translate_fr_eng+uppercase
famille,FAMILY,translate_fr_eng_upper,translate_fr_eng+uppercase
nourriture,FOOD,translate_fr_eng_upper,translate_fr_eng+uppercase
livre,BOOK,translate_fr_eng_upper,translate_fr_eng+uppercase
voiture,CAR,translate_fr_eng_upper,translate_fr_eng+uppercase
arbre,TREE,translate_fr_eng_upper,translate_fr_eng+uppercase
fleur,FLOWER,translate_fr_eng_upper,translate_fr_eng+uppercase
soleil,SUN,translate_fr_eng_upper,translate_fr_eng+uppercase
lune,MOON,translate_fr_eng_upper,translate_fr_eng+uppercase
étoile,STAR,translate_fr_eng_upper,translate_fr_eng+uppercase
pain,BREAD,translate_fr_eng_upper,translate_fr_eng+uppercase
fromage,CHEESE,translate_fr_eng_upper,translate_fr_eng+uppercase
vin,WINE,translate_fr_eng_upper,translate_fr_eng+uppercase
café,COFFEE,translate_fr_eng_upper,translate_fr_eng+uppercase
thé,TEA,translate_fr_eng_upper,translate_fr_eng+uppercase
lait,MILK,translate_fr_eng_upper,translate_fr_eng+uppercase
sucre,SUGAR,translate_fr_eng_upper,translate_fr_eng+uppercase
sel,SALT,translate_fr_eng_upper,translate_fr_eng+uppercase
poivre,PEPPER,translate_fr_eng_upper,translate_fr_eng+uppercase
chaise,CHAIR,translate_fr_eng_upper,translate_fr_eng+uppercase
porte,DOOR,translate_fr_eng_upper,translate_fr_eng+uppercase
fenêtre,WINDOW,translate_fr_eng_upper,translate_fr_eng+uppercase
rue,STREET,translate_fr_eng_upper,translate_fr_eng+uppercase
ville,CITY,translate_fr_eng_upper,translate_fr_eng+uppercase
pays,COUNTRY,translate_fr_eng_upper,translate_fr_eng+uppercase
monde,WORLD,translate_fr_eng_upper,translate_fr_eng+uppercase
temps,TIME,translate_fr_eng_upper,translate_fr_eng+uppercase
jour,DAY,translate_fr_eng_upper,translate_fr_eng+uppercase
nuit,NIGHT,translate_fr_eng_upper,translate_fr_eng+uppercase
semaine,WEEK,translate_fr_eng_upper,translate_fr_eng+uppercase
mois,MONTH,translate_fr_eng_upper,translate_fr_eng+uppercase
an,YEAR,translate_fr_eng_upper,translate_fr_eng+uppercase
aujourd'hui,TODAY,translate_fr_eng_upper,translate_fr_eng+uppercase
demain,TOMORROW,translate_fr_eng_upper,translate_fr_eng+uppercase
hier,YESTERDAY,translate_fr_eng_upper,translate_fr_eng+uppercase
enfant,CHILD,translate_fr_eng_upper,translate_fr_eng+uppercase
école,SCHOOL,translate_fr_eng_upper,translate_fr_eng+uppercase
étudiant,STUDENT,translate_fr_eng_upper,translate_fr_eng+uppercase
professeur,TEACHER,translate_fr_eng_upper,translate_fr_eng+uppercase
pomme,APPLE,translate_fr_eng_upper,translate_fr_eng+uppercase
poisson,FISH,translate_fr_eng_upper,translate_fr_eng+uppercase
oiseau,BIRD,translate_fr_eng_upper,translate_fr_eng+uppercase
cheval,HORSE,translate_fr_eng_upper,translate_fr_eng+uppercase
lettre,LETTER,translate_fr_eng_upper,translate_fr_eng+uppercase
mot,WORD,translate_fr_eng_upper,translate_fr_eng+uppercase
phrase,SENTENCE,translate_fr_eng_upper,translate_fr_eng+uppercase
musique,MUSIC,translate_fr_eng_upper,translate_fr_eng+uppercase
chanson,SONG,translate_fr_eng_upper,translate_fr_eng+uppercase
danse,DANCE,translate_fr_eng_upper,translate_fr_eng+uppercase
jeu,GAME,translate_fr_eng_upper,translate_fr_eng+uppercase
balle,BALL,translate_fr_eng_upper,translate_fr_eng+uppercase
main,HAND,translate_fr_eng_upper,translate_fr_eng+uppercase
pied,FOOT,translate_fr_eng_upper,translate_fr_eng+uppercase
tête,HEAD,translate_fr_eng_upper,translate_fr_eng+uppercase
œil,EYE,translate_fr_eng_upper,translate_fr_eng+uppercase
oreille,EAR,translate_fr_eng_upper,translate_fr_eng+uppercase
nez,NOSE,translate_fr_eng_upper,translate_fr_eng+uppercase
bouche,MOUTH,translate_fr_eng_upper,translate_fr_eng+uppercase
cœur,HEART,translate_fr_eng_upper,translate_fr_eng+uppercase
cerveau,BRAIN,translate_fr_eng_upper,translate_fr_eng+uppercase
corps,BODY,translate_fr_eng_upper,translate_fr_eng+uppercase
rouge,RED,translate_fr_eng_upper,translate_fr_eng+uppercase
bleu,BLUE,translate_fr_eng_upper,translate_fr_eng+uppercase
vert,GREEN,translate_fr_eng_upper,translate_fr_eng+uppercase
jaune,YELLOW,translate_fr_eng_upper,translate_fr_eng+uppercase
noir,BLACK,translate_fr_eng_upper,translate_fr_eng+uppercase
blanc,WHITE,translate_fr_eng_upper,translate_fr_eng+uppercase
violet,PURPLE,translate_fr_eng_upper,translate_fr_eng+uppercase
rose,PINK,translate_fr_eng_upper,translate_fr_eng+uppercase
gris,GRAY,translate_fr_eng_upper,translate_fr_eng+uppercase
marron,BROWN,translate_fr_eng_upper,translate_fr_eng+uppercase
grand,BIG,translate_fr_eng_upper,translate_fr_eng+uppercase
petit,SMALL,translate_fr_eng_upper,translate_fr_eng+uppercase
chaud,HOT,translate_fr_eng_upper,translate_fr_eng+uppercase
froid,COLD,translate_fr_eng_upper,translate_fr_eng+uppercase
nouveau,NEW,translate_fr_eng_upper,translate_fr_eng+uppercase
vieux,OLD,translate_fr_eng_upper,translate_fr_eng+uppercase
bon,GOOD,translate_fr_eng_upper,translate_fr_eng+uppercase
mauvais,BAD,translate_fr_eng_upper,translate_fr_eng+uppercase
heureux,HAPPY,translate_fr_eng_upper,translate_fr_eng+uppercase
triste,SAD,translate_fr_eng_upper,translate_fr_eng+uppercase
rapide,FAST,translate_fr_eng_upper,translate_fr_eng+uppercase
lent,SLOW,translate_fr_eng_upper,translate_fr_eng+uppercase
fort,STRONG,translate_fr_eng_upper,translate_fr_eng+uppercase
faible,WEAK,translate_fr_eng_upper,translate_fr_eng+uppercase
beau,BEAUTIFUL,translate_fr_eng_upper,translate_fr_eng+uppercase
laid,UGLY,translate_fr_eng_upper,translate_fr_eng+uppercase
jeune,YOUNG,translate_fr_eng_upper,translate_fr_eng+uppercase
riche,RICH,translate_fr_eng_upper,translate_fr_eng+uppercase
pauvre,POOR,translate_fr_eng_upper,translate_fr_eng+uppercase
propre,CLEAN,translate_fr_eng_upper,translate_fr_eng+uppercase
sale,DIRTY,translate_fr_eng_upper,translate_fr_eng+uppercase
facile,EASY,translate_fr_eng_upper,translate_fr_eng+uppercase
difficile,DIFFICULT,translate_fr_eng_upper,translate_fr_eng+uppercase
long,LONG,translate_fr_eng_upper,translate_fr_eng+uppercase
court,SHORT,translate_fr_eng_upper,translate_fr_eng+uppercase
haut,UP,translate_fr_eng_upper,translate_fr_eng+uppercase
bas,DOWN,translate_fr_eng_upper,translate_fr_eng+uppercase
large,WIDE,translate_fr_eng_upper,translate_fr_eng+uppercase
étroit,NARROW,translate_fr_eng_upper,translate_fr_eng+uppercase
lourd,HEAVY,translate_fr_eng_upper,translate_fr_eng+uppercase
léger,LIGHT,translate_fr_eng_upper,translate_fr_eng+uppercase
plein,FULL,translate_fr_eng_upper,translate_fr_eng+uppercase
vide,EMPTY,translate_fr_eng_upper,translate_fr_eng+uppercase
droit,RIGHT,translate_fr_eng_upper,translate_fr_eng+uppercase
gauche,LEFT,translate_fr_eng_upper,translate_fr_eng+uppercase
dedans,INSIDE,translate_fr_eng_upper,translate_fr_eng+uppercase
dehors,OUTSIDE,translate_fr_eng_upper,translate_fr_eng+uppercase
devant,FRONT,translate_fr_eng_upper,translate_fr_eng+uppercase
derrière,BACK,translate_fr_eng_upper,translate_fr_eng+uppercase
près,NEAR,translate_fr_eng_upper,translate_fr_eng+uppercase
loin,FAR,translate_fr_eng_upper,translate_fr_eng+uppercase
premier,FIRST,translate_fr_eng_upper,translate_fr_eng+uppercase
dernier,LAST,translate_fr_eng_upper,translate_fr_eng+uppercase
ouvert,OPEN,translate_fr_eng_upper,translate_fr_eng+uppercase
fermé,CLOSED,translate_fr_eng_upper,translate_fr_eng+uppercase
un,ONE,translate_fr_eng_upper,translate_fr_eng+uppercase
deux,TWO,translate_fr_eng_upper,translate_fr_eng+uppercase
trois,THREE,translate_fr_eng_upper,translate_fr_eng+uppercase
quatre,FOUR,translate_fr_eng_upper,translate_fr_eng+uppercase
cinq,FIVE,translate_fr_eng_upper,translate_fr_eng+uppercase
six,SIX,translate_fr_eng_upper,translate_fr_eng+uppercase
sept,SEVEN,translate_fr_eng_upper,translate_fr_eng+uppercase
huit,EIGHT,translate_fr_eng_upper,translate_fr_eng+uppercase
neuf,NINE,translate_fr_eng_upper,translate_fr_eng+uppercase
dix,TEN,translate_fr_eng_upper,translate_fr_eng+uppercase
cent,HUNDRED,translate_fr_eng_upper,translate_fr_eng+uppercase
mille,THOUSAND,translate_fr_eng_upper,translate_fr_eng+uppercase
frère,BROTHER,translate_fr_eng_upper,translate_fr_eng+uppercase
sœur,SISTER,translate_fr_eng_upper,translate_fr_eng+uppercase
père,FATHER,translate_fr_eng_upper,translate_fr_eng+uppercase
mère,MOTHER,translate_fr_eng_upper,translate_fr_eng+uppercase
fils,SON,translate_fr_eng_upper,translate_fr_eng+uppercase
fille,GIRL,translate_fr_eng_upper,translate_fr_eng+uppercase
mari,HUSBAND,translate_fr_eng_upper,translate_fr_eng+uppercase
femme,WOMAN,translate_fr_eng_upper,translate_fr_eng+uppercase
grand-père,GRANDFATHER,translate_fr_eng_upper,translate_fr_eng+uppercase
grand-mère,GRANDMOTHER,translate_fr_eng_upper,translate_fr_eng+uppercase
oncle,UNCLE,translate_fr_eng_upper,translate_fr_eng+uppercase
tante,AUNT,translate_fr_eng_upper,translate_fr_eng+uppercase
cousin,COUSIN,translate_fr_eng_upper,translate_fr_eng+uppercase
roi,KING,translate_fr_eng_upper,translate_fr_eng+uppercase
reine,QUEEN,translate_fr_eng_upper,translate_fr_eng+uppercase
prince,PRINCE,translate_fr_eng_upper,translate_fr_eng+uppercase
princesse,PRINCESS,translate_fr_eng_upper,translate_fr_eng+uppercase
homme,MAN,translate_fr_eng_upper,translate_fr_eng+uppercase
garçon,BOY,translate_fr_eng_upper,translate_fr_eng+uppercase
bébé,BABY,translate_fr_eng_upper,translate_fr_eng+uppercase
médecin,DOCTOR,translate_fr_eng_upper,translate_fr_eng+uppercase
infirmière,NURSE,translate_fr_eng_upper,translate_fr_eng+uppercase
avocat,LAWYER,translate_fr_eng_upper,translate_fr_eng+uppercase
police,POLICE,translate_fr_eng_upper,translate_fr_eng+uppercase
soldat,SOLDIER,translate_fr_eng_upper,translate_fr_eng+uppercase
fermier,FARMER,translate_fr_eng_upper,translate_fr_eng+uppercase
ouvrier,WORKER,translate_fr_eng_upper,translate_fr_eng+uppercase
artiste,ARTIST,translate_fr_eng_upper,translate_fr_eng+uppercase
musicien,MUSICIAN,translate_fr_eng_upper,translate_fr_eng+uppercase
bonjour,hello,translate_fr_eng_lower,translate_fr_eng+lowercase
au revoir,goodbye,translate_fr_eng_lower,translate_fr_eng+lowercase
merci,thank you,translate_fr_eng_lower,translate_fr_eng+lowercase
s'il vous plaît,please,translate_fr_eng_lower,translate_fr_eng+lowercase
oui,yes,translate_fr_eng_lower,translate_fr_eng+lowercase
non,no,translate_fr_eng_lower,translate_fr_eng+lowercase
eau,water,translate_fr_eng_lower,translate_fr_eng+lowercase
maison,house,translate_fr_eng_lower,translate_fr_eng+lowercase
chat,cat,translate_fr_eng_lower,translate_fr_eng+lowercase
chien,dog,translate_fr_eng_lower,translate_fr_eng+lowercase
bonsoir,good evening,translate_fr_eng_lower,translate_fr_eng+lowercase
bonne nuit,good night,translate_fr_eng_lower,translate_fr_eng+lowercase
comment allez-vous,how are you,translate_fr_eng_lower,translate_fr_eng+lowercase
je t'aime,i love you,translate_fr_eng_lower,translate_fr_eng+lowercase
ami,friend,translate_fr_eng_lower,translate_fr_eng+lowercase
famille,family,translate_fr_eng_lower,translate_fr_eng+lowercase
nourriture,food,translate_fr_eng_lower,translate_fr_eng+lowercase
livre,book,translate_fr_eng_lower,translate_fr_eng+lowercase
voiture,car,translate_fr_eng_lower,translate_fr_eng+lowercase
arbre,tree,translate_fr_eng_lower,translate_fr_eng+lowercase
fleur,flower,translate_fr_eng_lower,translate_fr_eng+lowercase
soleil,sun,translate_fr_eng_lower,translate_fr_eng+lowercase
lune,moon,translate_fr_eng_lower,translate_fr_eng+lowercase
étoile,star,translate_fr_eng_lower,translate_fr_eng+lowercase
pain,bread,translate_fr_eng_lower,translate_fr_eng+lowercase
fromage,cheese,translate_fr_eng_lower,translate_fr_eng+lowercase
vin,wine,translate_fr_eng_lower,translate_fr_eng+lowercase
café,coffee,translate_fr_eng_lower,translate_fr_eng+lowercase
thé,tea,translate_fr_eng_lower,translate_fr_eng+lowercase
lait,milk,translate_fr_eng_lower,translate_fr_eng+lowercase
sucre,sugar,translate_fr_eng_lower,translate_fr_eng+lowercase
sel,salt,translate_fr_eng_lower,translate_fr_eng+lowercase
poivre,pepper,translate_fr_eng_lower,translate_fr_eng+lowercase
chaise,chair,translate_fr_eng_lower,translate_fr_eng+lowercase
porte,door,translate_fr_eng_lower,translate_fr_eng+lowercase
fenêtre,window,translate_fr_eng_lower,translate_fr_eng+lowercase
rue,street,translate_fr_eng_lower,translate_fr_eng+lowercase
ville,city,translate_fr_eng_lower,translate_fr_eng+lowercase
pays,country,translate_fr_eng_lower,translate_fr_eng+lowercase
monde,world,translate_fr_eng_lower,translate_fr_eng+lowercase
temps,time,translate_fr_eng_lower,translate_fr_eng+lowercase
jour,day,translate_fr_eng_lower,translate_fr_eng+lowercase
nuit,night,translate_fr_eng_lower,translate_fr_eng+lowercase
semaine,week,translate_fr_eng_lower,translate_fr_eng+lowercase
mois,month,translate_fr_eng_lower,translate_fr_eng+lowercase
an,year,translate_fr_eng_lower,translate_fr_eng+lowercase
aujourd'hui,today,translate_fr_eng_lower,translate_fr_eng+lowercase
demain,tomorrow,translate_fr_eng_lower,translate_fr_eng+lowercase
hier,yesterday,translate_fr_eng_lower,translate_fr_eng+lowercase
enfant,child,translate_fr_eng_lower,translate_fr_eng+lowercase
école,school,translate_fr_eng_lower,translate_fr_eng+lowercase
étudiant,student,translate_fr_eng_lower,translate_fr_eng+lowercase
professeur,teacher,translate_fr_eng_lower,translate_fr_eng+lowercase
pomme,apple,translate_fr_eng_lower,translate_fr_eng+lowercase
poisson,fish,translate_fr_eng_lower,translate_fr_eng+lowercase
oiseau,bird,translate_fr_eng_lower,translate_fr_eng+lowercase
cheval,horse,translate_fr_eng_lower,translate_fr_eng+lowercase
lettre,letter,translate_fr_eng_lower,translate_fr_eng+lowercase
mot,word,translate_fr_eng_lower,translate_fr_eng+lowercase
phrase,sentence,translate_fr_eng_lower,translate_fr_eng+lowercase
musique,music,translate_fr_eng_lower,translate_fr_eng+lowercase
chanson,song,translate_fr_eng_lower,translate_fr_eng+lowercase
danse,dance,translate_fr_eng_lower,translate_fr_eng+lowercase
jeu,game,translate_fr_eng_lower,translate_fr_eng+lowercase
balle,ball,translate_fr_eng_lower,translate_fr_eng+lowercase
main,hand,translate_fr_eng_lower,translate_fr_eng+lowercase
pied,foot,translate_fr_eng_lower,translate_fr_eng+lowercase
tête,head,translate_fr_eng_lower,translate_fr_eng+lowercase
œil,eye,translate_fr_eng_lower,translate_fr_eng+lowercase
oreille,ear,translate_fr_eng_lower,translate_fr_eng+lowercase
nez,nose,translate_fr_eng_lower,translate_fr_eng+lowercase
bouche,mouth,translate_fr_eng_lower,translate_fr_eng+lowercase
cœur,heart,translate_fr_eng_lower,translate_fr_eng+lowercase
cerveau,brain,translate_fr_eng_lower,translate_fr_eng+lowercase
corps,body,translate_fr_eng_lower,translate_fr_eng+lowercase
rouge,red,translate_fr_eng_lower,translate_fr_eng+lowercase
bleu,blue,translate_fr_eng_lower,translate_fr_eng+lowercase
vert,green,translate_fr_eng_lower,translate_fr_eng+lowercase
jaune,yellow,translate_fr_eng_lower,translate_fr_eng+lowercase
noir,black,translate_fr_eng_lower,translate_fr_eng+lowercase
blanc,white,translate_fr_eng_lower,translate_fr_eng+lowercase
violet,purple,translate_fr_eng_lower,translate_fr_eng+lowercase
rose,pink,translate_fr_eng_lower,translate_fr_eng+lowercase
gris,gray,translate_fr_eng_lower,translate_fr_eng+lowercase
marron,brown,translate_fr_eng_lower,translate_fr_eng+lowercase
grand,big,translate_fr_eng_lower,translate_fr_eng+lowercase
petit,small,translate_fr_eng_lower,translate_fr_eng+lowercase
chaud,hot,translate_fr_eng_lower,translate_fr_eng+lowercase
froid,cold,translate_fr_eng_lower,translate_fr_eng+lowercase
nouveau,new,translate_fr_eng_lower,translate_fr_eng+lowercase
vieux,old,translate_fr_eng_lower,translate_fr_eng+lowercase
bon,good,translate_fr_eng_lower,translate_fr_eng+lowercase
mauvais,bad,translate_fr_eng_lower,translate_fr_eng+lowercase
heureux,happy,translate_fr_eng_lower,translate_fr_eng+lowercase
triste,sad,translate_fr_eng_lower,translate_fr_eng+lowercase
rapide,fast,translate_fr_eng_lower,translate_fr_eng+lowercase
lent,slow,translate_fr_eng_lower,translate_fr_eng+lowercase
fort,strong,translate_fr_eng_lower,translate_fr_eng+lowercase
faible,weak,translate_fr_eng_lower,translate_fr_eng+lowercase
beau,beautiful,translate_fr_eng_lower,translate_fr_eng+lowercase
laid,ugly,translate_fr_eng_lower,translate_fr_eng+lowercase
jeune,young,translate_fr_eng_lower,translate_fr_eng+lowercase
riche,rich,translate_fr_eng_lower,translate_fr_eng+lowercase
pauvre,poor,translate_fr_eng_lower,translate_fr_eng+lowercase
propre,clean,translate_fr_eng_lower,translate_fr_eng+lowercase
sale,dirty,translate_fr_eng_lower,translate_fr_eng+lowercase
facile,easy,translate_fr_eng_lower,translate_fr_eng+lowercase
difficile,difficult,translate_fr_eng_lower,translate_fr_eng+lowercase
court,short,translate_fr_eng_lower,translate_fr_eng+lowercase
haut,up,translate_fr_eng_lower,translate_fr_eng+lowercase
bas,down,translate_fr_eng_lower,translate_fr_eng+lowercase
large,wide,translate_fr_eng_lower,translate_fr_eng+lowercase
étroit,narrow,translate_fr_eng_lower,translate_fr_eng+lowercase
lourd,heavy,translate_fr_eng_lower,translate_fr_eng+lowercase
léger,light,translate_fr_eng_lower,translate_fr_eng+lowercase
plein,full,translate_fr_eng_lower,translate_fr_eng+lowercase
vide,empty,translate_fr_eng_lower,translate_fr_eng+lowercase
droit,right,translate_fr_eng_lower,translate_fr_eng+lowercase
gauche,left,translate_fr_eng_lower,translate_fr_eng+lowercase
dedans,inside,translate_fr_eng_lower,translate_fr_eng+lowercase
dehors,outside,translate_fr_eng_lower,translate_fr_eng+lowercase
devant,front,translate_fr_eng_lower,translate_fr_eng+lowercase
derrière,back,translate_fr_eng_lower,translate_fr_eng+lowercase
près,near,translate_fr_eng_lower,translate_fr_eng+lowercase
loin,far,translate_fr_eng_lower,translate_fr_eng+lowercase
premier,first,translate_fr_eng_lower,translate_fr_eng+lowercase
dernier,last,translate_fr_eng_lower,translate_fr_eng+lowercase
ouvert,open,translate_fr_eng_lower,translate_fr_eng+lowercase
fermé,closed,translate_fr_eng_lower,translate_fr_eng+lowercase
un,one,translate_fr_eng_lower,translate_fr_eng+lowercase
deux,two,translate_fr_eng_lower,translate_fr_eng+lowercase
trois,three,translate_fr_eng_lower,translate_fr_eng+lowercase
quatre,four,translate_fr_eng_lower,translate_fr_eng+lowercase
cinq,five,translate_fr_eng_lower,translate_fr_eng+lowercase
sept,seven,translate_fr_eng_lower,translate_fr_eng+lowercase
huit,eight,translate_fr_eng_lower,translate_fr_eng+lowercase
neuf,nine,translate_fr_eng_lower,translate_fr_eng+lowercase
dix,ten,translate_fr_eng_lower,translate_fr_eng+lowercase
cent,hundred,translate_fr_eng_lower,translate_fr_eng+lowercase
mille,thousand,translate_fr_eng_lower,translate_fr_eng+lowercase
frère,brother,translate_fr_eng_lower,translate_fr_eng+lowercase
sœur,sister,translate_fr_eng_lower,translate_fr_eng+lowercase
père,father,translate_fr_eng_lower,translate_fr_eng+lowercase
mère,mother,translate_fr_eng_lower,translate_fr_eng+lowercase
fils,son,translate_fr_eng_lower,translate_fr_eng+lowercase
fille,girl,translate_fr_eng_lower,translate_fr_eng+lowercase
mari,husband,translate_fr_eng_lower,translate_fr_eng+lowercase
femme,woman,translate_fr_eng_lower,translate_fr_eng+lowercase
grand-père,grandfather,translate_fr_eng_lower,translate_fr_eng+lowercase
grand-mère,grandmother,translate_fr_eng_lower,translate_fr_eng+lowercase
oncle,uncle,translate_fr_eng_lower,translate_fr_eng+lowercase
tante,aunt,translate_fr_eng_lower,translate_fr_eng+lowercase
roi,king,translate_fr_eng_lower,translate_fr_eng+lowercase
reine,queen,translate_fr_eng_lower,translate_fr_eng+lowercase
princesse,princess,translate_fr_eng_lower,translate_fr_eng+lowercase
homme,man,translate_fr_eng_lower,translate_fr_eng+lowercase
garçon,boy,translate_fr_eng_lower,translate_fr_eng+lowercase
bébé,baby,translate_fr_eng_lower,translate_fr_eng+lowercase
médecin,doctor,translate_fr_eng_lower,translate_fr_eng+lowercase
infirmière,nurse,translate_fr_eng_lower,translate_fr_eng+lowercase
avocat,lawyer,translate_fr_eng_lower,translate_fr_eng+lowercase
soldat,soldier,translate_fr_eng_lower,translate_fr_eng+lowercase
fermier,farmer,translate_fr_eng_lower,translate_fr_eng+lowercase
ouvrier,worker,translate_fr_eng_lower,translate_fr_eng+lowercase
artiste,artist,translate_fr_eng_lower,translate_fr_eng+lowercase
musicien,musician,translate_fr_eng_lower,translate_fr_eng+lowercase
bonjour,olleh,translate_fr_eng_reverse,translate_fr_eng+reverse
au revoir,eybdoog,translate_fr_eng_reverse,translate_fr_eng+reverse
merci,uoy knaht,translate_fr_eng_reverse,translate_fr_eng+reverse
s'il vous plaît,esaelp,translate_fr_eng_reverse,translate_fr_eng+reverse
oui,sey,translate_fr_eng_reverse,translate_fr_eng+reverse
non,on,translate_fr_eng_reverse,translate_fr_eng+reverse
eau,retaw,translate_fr_eng_reverse,translate_fr_eng+reverse
maison,esuoh,translate_fr_eng_reverse,translate_fr_eng+reverse
chat,tac,translate_fr_eng_reverse,translate_fr_eng+reverse
chien,god,translate_fr_eng_reverse,translate_fr_eng+reverse
bonsoir,gnineve doog,translate_fr_eng_reverse,translate_fr_eng+reverse
bonne nuit,thgin doog,translate_fr_eng_reverse,translate_fr_eng+reverse
comment allez-vous,uoy era woh,translate_fr_eng_reverse,translate_fr_eng+reverse
je t'aime,uoy evol I,translate_fr_eng_reverse,translate_fr_eng+reverse
ami,dneirf,translate_fr_eng_reverse,translate_fr_eng+reverse
famille,ylimaf,translate_fr_eng_reverse,translate_fr_eng+reverse
nourriture,doof,translate_fr_eng_reverse,translate_fr_eng+reverse
livre,koob,translate_fr_eng_reverse,translate_fr_eng+reverse
voiture,rac,translate_fr_eng_reverse,translate_fr_eng+reverse
arbre,eert,translate_fr_eng_reverse,translate_fr_eng+reverse
fleur,rewolf,translate_fr_eng_reverse,translate_fr_eng+reverse
soleil,nus,translate_fr_eng_reverse,translate_fr_eng+reverse
lune,noom,translate_fr_eng_reverse,translate_fr_eng+reverse
étoile,rats,translate_fr_eng_reverse,translate_fr_eng+reverse
pain,daerb,translate_fr_eng_reverse,translate_fr_eng+reverse
fromage,eseehc,translate_fr_eng_reverse,translate_fr_eng+reverse
vin,eniw,translate_fr_eng_reverse,translate_fr_eng+reverse
café,eeffoc,translate_fr_eng_reverse,translate_fr_eng+reverse
thé,aet,translate_fr_eng_reverse,translate_fr_eng+reverse
lait,klim,translate_fr_eng_reverse,translate_fr_eng+reverse
sucre,ragus,translate_fr_eng_reverse,translate_fr_eng+reverse
sel,tlas,translate_fr_eng_reverse,translate_fr_eng+reverse
poivre,reppep,translate_fr_eng_reverse,translate_fr_eng+reverse
chaise,riahc,translate_fr_eng_reverse,translate_fr_eng+reverse
porte,rood,translate_fr_eng_reverse,translate_fr_eng+reverse
fenêtre,wodniw,translate_fr_eng_reverse,translate_fr_eng+reverse
rue,teerts,translate_fr_eng_reverse,translate_fr_eng+reverse
ville,ytic,translate_fr_eng_reverse,translate_fr_eng+reverse
pays,yrtnuoc,translate_fr_eng_reverse,translate_fr_eng+reverse
monde,dlrow,translate_fr_eng_reverse,translate_fr_eng+reverse
temps,emit,translate_fr_eng_reverse,translate_fr_eng+reverse
jour,yad,translate_fr_eng_reverse,translate_fr_eng+reverse
nuit,thgin,translate_fr_eng_reverse,translate_fr_eng+reverse
semaine,keew,translate_fr_eng_reverse,translate_fr_eng+reverse
mois,htnom,translate_fr_eng_reverse,translate_fr_eng+reverse
an,raey,translate_fr_eng_reverse,translate_fr_eng+reverse
aujourd'hui,yadot,translate_fr_eng_reverse,translate_fr_eng+reverse
demain,worromot,translate_fr_eng_reverse,translate_fr_eng+reverse
hier,yadretsey,translate_fr_eng_reverse,translate_fr_eng+reverse
enfant,dlihc,translate_fr_eng_reverse,translate_fr_eng+reverse
école,loohcs,translate_fr_eng_reverse,translate_fr_eng+reverse
étudiant,tneduts,translate_fr_eng_reverse,translate_fr_eng+reverse
professeur,rehcaet,translate_fr_eng_reverse,translate_fr_eng+reverse
pomme,elppa,translate_fr_eng_reverse,translate_fr_eng+reverse
poisson,hsif,translate_fr_eng_reverse,translate_fr_eng+reverse
oiseau,drib,translate_fr_eng_reverse,translate_fr_eng+reverse
cheval,esroh,translate_fr_eng_reverse,translate_fr_eng+reverse
lettre,rettel,translate_fr_eng_reverse,translate_fr_eng+reverse
mot,drow,translate_fr_eng_reverse,translate_fr_eng+reverse
phrase,ecnetnes,translate_fr_eng_reverse,translate_fr_eng+reverse
musique,cisum,translate_fr_eng_reverse,translate_fr_eng+reverse
chanson,gnos,translate_fr_eng_reverse,translate_fr_eng+reverse
danse,ecnad,translate_fr_eng_reverse,translate_fr_eng+reverse
jeu,emag,translate_fr_eng_reverse,translate_fr_eng+reverse
balle,llab,translate_fr_eng_reverse,translate_fr_eng+reverse
main,dnah,translate_fr_eng_reverse,translate_fr_eng+reverse
pied,toof,translate_fr_eng_reverse,translate_fr_eng+reverse
tête,daeh,translate_fr_eng_reverse,translate_fr_eng+reverse
œil,eye,translate_fr_eng_reverse,translate_fr_eng+reverse
oreille,rae,translate_fr_eng_reverse,translate_fr_eng+reverse
nez,eson,translate_fr_eng_reverse,translate_fr_eng+reverse
bouche,htuom,translate_fr_eng_reverse,translate_fr_eng+reverse
cœur,traeh,translate_fr_eng_reverse,translate_fr_eng+reverse
cerveau,niarb,translate_fr_eng_reverse,translate_fr_eng+reverse
corps,ydob,translate_fr_eng_reverse,translate_fr_eng+reverse
rouge,der,translate_fr_eng_reverse,translate_fr_eng+reverse
bleu,eulb,translate_fr_eng_reverse,translate_fr_eng+reverse
vert,neerg,translate_fr_eng_reverse,translate_fr_eng+reverse
jaune,wolley,translate_fr_eng_reverse,translate_fr_eng+reverse
noir,kcalb,translate_fr_eng_reverse,translate_fr_eng+reverse
blanc,etihw,translate_fr_eng_reverse,translate_fr_eng+reverse
violet,elprup,translate_fr_eng_reverse,translate_fr_eng+reverse
rose,knip,translate_fr_eng_reverse,translate_fr_eng+reverse
gris,yarg,translate_fr_eng_reverse,translate_fr_eng+reverse
marron,nworb,translate_fr_eng_reverse,translate_fr_eng+reverse
grand,gib,translate_fr_eng_reverse,translate_fr_eng+reverse
petit,llams,translate_fr_eng_reverse,translate_fr_eng+reverse
chaud,toh,translate_fr_eng_reverse,translate_fr_eng+reverse
froid,dloc,translate_fr_eng_reverse,translate_fr_eng+reverse
nouveau,wen,translate_fr_eng_reverse,translate_fr_eng+reverse
vieux,dlo,translate_fr_eng_reverse,translate_fr_eng+reverse
bon,doog,translate_fr_eng_reverse,translate_fr_eng+reverse
mauvais,dab,translate_fr_eng_reverse,translate_fr_eng+reverse
heureux,yppah,translate_fr_eng_reverse,translate_fr_eng+reverse
triste,das,translate_fr_eng_reverse,translate_fr_eng+reverse
rapide,tsaf,translate_fr_eng_reverse,translate_fr_eng+reverse
lent,wols,translate_fr_eng_reverse,translate_fr_eng+reverse
fort,gnorts,translate_fr_eng_reverse,translate_fr_eng+reverse
faible,kaew,translate_fr_eng_reverse,translate_fr_eng+reverse
beau,lufituaeb,translate_fr_eng_reverse,translate_fr_eng+reverse
laid,ylgu,translate_fr_eng_reverse,translate_fr_eng+reverse
jeune,gnuoy,translate_fr_eng_reverse,translate_fr_eng+reverse
riche,hcir,translate_fr_eng_reverse,translate_fr_eng+reverse
pauvre,roop,translate_fr_eng_reverse,translate_fr_eng+reverse
propre,naelc,translate_fr_eng_reverse,translate_fr_eng+reverse
sale,ytrid,translate_fr_eng_reverse,translate_fr_eng+reverse
facile,ysae,translate_fr_eng_reverse,translate_fr_eng+reverse
difficile,tluciffid,translate_fr_eng_reverse,translate_fr_eng+reverse
long,gnol,translate_fr_eng_reverse,translate_fr_eng+reverse
court,trohs,translate_fr_eng_reverse,translate_fr_eng+reverse
haut,pu,translate_fr_eng_reverse,translate_fr_eng+reverse
bas,nwod,translate_fr_eng_reverse,translate_fr_eng+reverse
large,ediw,translate_fr_eng_reverse,translate_fr_eng+reverse
étroit,worran,translate_fr_eng_reverse,translate_fr_eng+reverse
lourd,yvaeh,translate_fr_eng_reverse,translate_fr_eng+reverse
léger,thgil,translate_fr_eng_reverse,translate_fr_eng+reverse
plein,lluf,translate_fr_eng_reverse,translate_fr_eng+reverse
vide,ytpme,translate_fr_eng_reverse,translate_fr_eng+reverse
droit,thgir,translate_fr_eng_reverse,translate_fr_eng+reverse
gauche,tfel,translate_fr_eng_reverse,translate_fr_eng+reverse
dedans,edisni,translate_fr_eng_reverse,translate_fr_eng+reverse
dehors,edistuo,translate_fr_eng_reverse,translate_fr_eng+reverse
devant,tnorf,translate_fr_eng_reverse,translate_fr_eng+reverse
derrière,kcab,translate_fr_eng_reverse,translate_fr_eng+reverse
près,raen,translate_fr_eng_reverse,translate_fr_eng+reverse
loin,raf,translate_fr_eng_reverse,translate_fr_eng+reverse
premier,tsrif,translate_fr_eng_reverse,translate_fr_eng+reverse
dernier,tsal,translate_fr_eng_reverse,translate_fr_eng+reverse
ouvert,nepo,translate_fr_eng_reverse,translate_fr_eng+reverse
fermé,desolc,translate_fr_eng_reverse,translate_fr_eng+reverse
un,eno,translate_fr_eng_reverse,translate_fr_eng+reverse
deux,owt,translate_fr_eng_reverse,translate_fr_eng+reverse
trois,eerht,translate_fr_eng_reverse,translate_fr_eng+reverse
quatre,ruof,translate_fr_eng_reverse,translate_fr_eng+reverse
cinq,evif,translate_fr_eng_reverse,translate_fr_eng+reverse
six,xis,translate_fr_eng_reverse,translate_fr_eng+reverse
sept,neves,translate_fr_eng_reverse,translate_fr_eng+reverse
huit,thgie,translate_fr_eng_reverse,translate_fr_eng+reverse
neuf,enin,translate_fr_eng_reverse,translate_fr_eng+reverse
dix,net,translate_fr_eng_reverse,translate_fr_eng+reverse
cent,derdnuh,translate_fr_eng_reverse,translate_fr_eng+reverse
mille,dnasuoht,translate_fr_eng_reverse,translate_fr_eng+reverse
frère,rehtorb,translate_fr_eng_reverse,translate_fr_eng+reverse
sœur,retsis,translate_fr_eng_reverse,translate_fr_eng+reverse
père,rehtaf,translate_fr_eng_reverse,translate_fr_eng+reverse
mère,rehtom,translate_fr_eng_reverse,translate_fr_eng+reverse
fils,nos,translate_fr_eng_reverse,translate_fr_eng+reverse
fille,lrig,translate_fr_eng_reverse,translate_fr_eng+reverse
mari,dnabsuh,translate_fr_eng_reverse,translate_fr_eng+reverse
femme,namow,translate_fr_eng_reverse,translate_fr_eng+reverse
grand-père,rehtafdnarg,translate_fr_eng_reverse,translate_fr_eng+reverse
grand-mère,rehtomdnarg,translate_fr_eng_reverse,translate_fr_eng+reverse
oncle,elcnu,translate_fr_eng_reverse,translate_fr_eng+reverse
tante,tnua,translate_fr_eng_reverse,translate_fr_eng+reverse
cousin,nisuoc,translate_fr_eng_reverse,translate_fr_eng+reverse
roi,gnik,translate_fr_eng_reverse,translate_fr_eng+reverse
reine,neeuq,translate_fr_eng_reverse,translate_fr_eng+reverse
prince,ecnirp,translate_fr_eng_reverse,translate_fr_eng+reverse
princesse,ssecnirp,translate_fr_eng_reverse,translate_fr_eng+reverse
homme,nam,translate_fr_eng_reverse,translate_fr_eng+reverse
garçon,yob,translate_fr_eng_reverse,translate_fr_eng+reverse
bébé,ybab,translate_fr_eng_reverse,translate_fr_eng+reverse
médecin,rotcod,translate_fr_eng_reverse,translate_fr_eng+reverse
infirmière,esrun,translate_fr_eng_reverse,translate_fr_eng+reverse
avocat,reywal,translate_fr_eng_reverse,translate_fr_eng+reverse
police,ecilop,translate_fr_eng_reverse,translate_fr_eng+reverse
soldat,reidlos,translate_fr_eng_reverse,translate_fr_eng+reverse
fermier,remraf,translate_fr_eng_reverse,translate_fr_eng+reverse
ouvrier,rekrow,translate_fr_eng_reverse,translate_fr_eng+reverse
artiste,tsitra,translate_fr_eng_reverse,translate_fr_eng+reverse
musicien,naicisum,translate_fr_eng_reverse,translate_fr_eng+reverse
bonjour,h,translate_fr_eng_first,translate_fr_eng+first_letter
au revoir,g,translate_fr_eng_first,translate_fr_eng+first_letter
merci,t,translate_fr_eng_first,translate_fr_eng+first_letter
s'il vous plaît,p,translate_fr_eng_first,translate_fr_eng+first_letter
oui,y,translate_fr_eng_first,translate_fr_eng+first_letter
non,n,translate_fr_eng_first,translate_fr_eng+first_letter
eau,w,translate_fr_eng_first,translate_fr_eng+first_letter
maison,h,translate_fr_eng_first,translate_fr_eng+first_letter
chat,c,translate_fr_eng_first,translate_fr_eng+first_letter
chien,d,translate_fr_eng_first,translate_fr_eng+first_letter
bonsoir,g,translate_fr_eng_first,translate_fr_eng+first_letter
bonne nuit,g,translate_fr_eng_first,translate_fr_eng+first_letter
comment allez-vous,h,translate_fr_eng_first,translate_fr_eng+first_letter
je t'aime,I,translate_fr_eng_first,translate_fr_eng+first_letter
ami,f,translate_fr_eng_first,translate_fr_eng+first_letter
famille,f,translate_fr_eng_first,translate_fr_eng+first_letter
nourriture,f,translate_fr_eng_first,translate_fr_eng+first_letter
livre,b,translate_fr_eng_first,translate_fr_eng+first_letter
voiture,c,translate_fr_eng_first,translate_fr_eng+first_letter
arbre,t,translate_fr_eng_first,translate_fr_eng+first_letter
fleur,f,translate_fr_eng_first,translate_fr_eng+first_letter
soleil,s,translate_fr_eng_first,translate_fr_eng+first_letter
lune,m,translate_fr_eng_first,translate_fr_eng+first_letter
étoile,s,translate_fr_eng_first,translate_fr_eng+first_letter
pain,b,translate_fr_eng_first,translate_fr_eng+first_letter
fromage,c,translate_fr_eng_first,translate_fr_eng+first_letter
vin,w,translate_fr_eng_first,translate_fr_eng+first_letter
café,c,translate_fr_eng_first,translate_fr_eng+first_letter
thé,t,translate_fr_eng_first,translate_fr_eng+first_letter
lait,m,translate_fr_eng_first,translate_fr_eng+first_letter
sucre,s,translate_fr_eng_first,translate_fr_eng+first_letter
sel,s,translate_fr_eng_first,translate_fr_eng+first_letter
poivre,p,translate_fr_eng_first,translate_fr_eng+first_letter
chaise,c,translate_fr_eng_first,translate_fr_eng+first_letter
porte,d,translate_fr_eng_first,translate_fr_eng+first_letter
fenêtre,w,translate_fr_eng_first,translate_fr_eng+first_letter
rue,s,translate_fr_eng_first,translate_fr_eng+first_letter
ville,c,translate_fr_eng_first,translate_fr_eng+first_letter
pays,c,translate_fr_eng_first,translate_fr_eng+first_letter
monde,w,translate_fr_eng_first,translate_fr_eng+first_letter
temps,t,translate_fr_eng_first,translate_fr_eng+first_letter
jour,d,translate_fr_eng_first,translate_fr_eng+first_letter
nuit,n,translate_fr_eng_first,translate_fr_eng+first_letter
semaine,w,translate_fr_eng_first,translate_fr_eng+first_letter
mois,m,translate_fr_eng_first,translate_fr_eng+first_letter
an,y,translate_fr_eng_first,translate_fr_eng+first_letter
aujourd'hui,t,translate_fr_eng_first,translate_fr_eng+first_letter
demain,t,translate_fr_eng_first,translate_fr_eng+first_letter
hier,y,translate_fr_eng_first,translate_fr_eng+first_letter
enfant,c,translate_fr_eng_first,translate_fr_eng+first_letter
école,s,translate_fr_eng_first,translate_fr_eng+first_letter
étudiant,s,translate_fr_eng_first,translate_fr_eng+first_letter
professeur,t,translate_fr_eng_first,translate_fr_eng+first_letter
pomme,a,translate_fr_eng_first,translate_fr_eng+first_letter
poisson,f,translate_fr_eng_first,translate_fr_eng+first_letter
oiseau,b,translate_fr_eng_first,translate_fr_eng+first_letter
cheval,h,translate_fr_eng_first,translate_fr_eng+first_letter
lettre,l,translate_fr_eng_first,translate_fr_eng+first_letter
mot,w,translate_fr_eng_first,translate_fr_eng+first_letter
phrase,s,translate_fr_eng_first,translate_fr_eng+first_letter
musique,m,translate_fr_eng_first,translate_fr_eng+first_letter
chanson,s,translate_fr_eng_first,translate_fr_eng+first_letter
danse,d,translate_fr_eng_first,translate_fr_eng+first_letter
jeu,g,translate_fr_eng_first,translate_fr_eng+first_letter
balle,b,translate_fr_eng_first,translate_fr_eng+first_letter
main,h,translate_fr_eng_first,translate_fr_eng+first_letter
pied,f,translate_fr_eng_first,translate_fr_eng+first_letter
tête,h,translate_fr_eng_first,translate_fr_eng+first_letter
œil,e,translate_fr_eng_first,translate_fr_eng+first_letter
oreille,e,translate_fr_eng_first,translate_fr_eng+first_letter
nez,n,translate_fr_eng_first,translate_fr_eng+first_letter
bouche,m,translate_fr_eng_first,translate_fr_eng+first_letter
cœur,h,translate_fr_eng_first,translate_fr_eng+first_letter
cerveau,b,translate_fr_eng_first,translate_fr_eng+first_letter
corps,b,translate_fr_eng_first,translate_fr_eng+first_letter
rouge,r,translate_fr_eng_first,translate_fr_eng+first_letter
bleu,b,translate_fr_eng_first,translate_fr_eng+first_letter
vert,g,translate_fr_eng_first,translate_fr_eng+first_letter
jaune,y,translate_fr_eng_first,translate_fr_eng+first_letter
noir,b,translate_fr_eng_first,translate_fr_eng+first_letter
blanc,w,translate_fr_eng_first,translate_fr_eng+first_letter
violet,p,translate_fr_eng_first,translate_fr_eng+first_letter
rose,p,translate_fr_eng_first,translate_fr_eng+first_letter
gris,g,translate_fr_eng_first,translate_fr_eng+first_letter
marron,b,translate_fr_eng_first,translate_fr_eng+first_letter
grand,b,translate_fr_eng_first,translate_fr_eng+first_letter
petit,s,translate_fr_eng_first,translate_fr_eng+first_letter
chaud,h,translate_fr_eng_first,translate_fr_eng+first_letter
froid,c,translate_fr_eng_first,translate_fr_eng+first_letter
nouveau,n,translate_fr_eng_first,translate_fr_eng+first_letter
vieux,o,translate_fr_eng_first,translate_fr_eng+first_letter
bon,g,translate_fr_eng_first,translate_fr_eng+first_letter
mauvais,b,translate_fr_eng_first,translate_fr_eng+first_letter
heureux,h,translate_fr_eng_first,translate_fr_eng+first_letter
triste,s,translate_fr_eng_first,translate_fr_eng+first_letter
rapide,f,translate_fr_eng_first,translate_fr_eng+first_letter
lent,s,translate_fr_eng_first,translate_fr_eng+first_letter
fort,s,translate_fr_eng_first,translate_fr_eng+first_letter
faible,w,translate_fr_eng_first,translate_fr_eng+first_letter
beau,b,translate_fr_eng_first,translate_fr_eng+first_letter
laid,u,translate_fr_eng_first,translate_fr_eng+first_letter
jeune,y,translate_fr_eng_first,translate_fr_eng+first_letter
riche,r,translate_fr_eng_first,translate_fr_eng+first_letter
pauvre,p,translate_fr_eng_first,translate_fr_eng+first_letter
propre,c,translate_fr_eng_first,translate_fr_eng+first_letter
sale,d,translate_fr_eng_first,translate_fr_eng+first_letter
facile,e,translate_fr_eng_first,translate_fr_eng+first_letter
difficile,d,translate_fr_eng_first,translate_fr_eng+first_letter
long,l,translate_fr_eng_first,translate_fr_eng+first_letter
court,s,translate_fr_eng_first,translate_fr_eng+first_letter
haut,u,translate_fr_eng_first,translate_fr_eng+first_letter
bas,d,translate_fr_eng_first,translate_fr_eng+first_letter
large,w,translate_fr_eng_first,translate_fr_eng+first_letter
étroit,n,translate_fr_eng_first,translate_fr_eng+first_letter
lourd,h,translate_fr_eng_first,translate_fr_eng+first_letter
léger,l,translate_fr_eng_first,translate_fr_eng+first_letter
plein,f,translate_fr_eng_first,translate_fr_eng+first_letter
vide,e,translate_fr_eng_first,translate_fr_eng+first_letter
droit,r,translate_fr_eng_first,translate_fr_eng+first_letter
gauche,l,translate_fr_eng_first,translate_fr_eng+first_letter
dedans,i,translate_fr_eng_first,translate_fr_eng+first_letter
dehors,o,translate_fr_eng_first,translate_fr_eng+first_letter
devant,f,translate_fr_eng_first,translate_fr_eng+first_letter
derrière,b,translate_fr_eng_first,translate_fr_eng+first_letter
près,n,translate_fr_eng_first,translate_fr_eng+first_letter
loin,f,translate_fr_eng_first,translate_fr_eng+first_letter
premier,f,translate_fr_eng_first,translate_fr_eng+first_letter
dernier,l,translate_fr_eng_first,translate_fr_eng+first_letter
ouvert,o,translate_fr_eng_first,translate_fr_eng+first_letter
fermé,c,translate_fr_eng_first,translate_fr_eng+first_letter
un,o,translate_fr_eng_first,translate_fr_eng+first_letter
deux,t,translate_fr_eng_first,translate_fr_eng+first_letter
trois,t,translate_fr_eng_first,translate_fr_eng+first_letter
quatre,f,translate_fr_eng_first,translate_fr_eng+first_letter
cinq,f,translate_fr_eng_first,translate_fr_eng+first_letter
six,s,translate_fr_eng_first,translate_fr_eng+first_letter
sept,s,translate_fr_eng_first,translate_fr_eng+first_letter
huit,e,translate_fr_eng_first,translate_fr_eng+first_letter
neuf,n,translate_fr_eng_first,translate_fr_eng+first_letter
dix,t,translate_fr_eng_first,translate_fr_eng+first_letter
cent,h,translate_fr_eng_first,translate_fr_eng+first_letter
mille,t,translate_fr_eng_first,translate_fr_eng+first_letter
frère,b,translate_fr_eng_first,translate_fr_eng+first_letter
sœur,s,translate_fr_eng_first,translate_fr_eng+first_letter
père,f,translate_fr_eng_first,translate_fr_eng+first_letter
mère,m,translate_fr_eng_first,translate_fr_eng+first_letter
fils,s,translate_fr_eng_first,translate_fr_eng+first_letter
fille,g,translate_fr_eng_first,translate_fr_eng+first_letter
mari,h,translate_fr_eng_first,translate_fr_eng+first_letter
femme,w,translate_fr_eng_first,translate_fr_eng+first_letter
grand-père,g,translate_fr_eng_first,translate_fr_eng+first_letter
grand-mère,g,translate_fr_eng_first,translate_fr_eng+first_letter
oncle,u,translate_fr_eng_first,translate_fr_eng+first_letter
tante,a,translate_fr_eng_first,translate_fr_eng+first_letter
cousin,c,translate_fr_eng_first,translate_fr_eng+first_letter
roi,k,translate_fr_eng_first,translate_fr_eng+first_letter
reine,q,translate_fr_eng_first,translate_fr_eng+first_letter
prince,p,translate_fr_eng_first,translate_fr_eng+first_letter
princesse,p,translate_fr_eng_first,translate_fr_eng+first_letter
homme,m,translate_fr_eng_first,translate_fr_eng+first_letter
garçon,b,translate_fr_eng_first,translate_fr_eng+first_letter
bébé,b,translate_fr_eng_first,translate_fr_eng+first_letter
médecin,d,translate_fr_eng_first,translate_fr_eng+first_letter
infirmière,n,translate_fr_eng_first,translate_fr_eng+first_letter
avocat,l,translate_fr_eng_first,translate_fr_eng+first_letter
police,p,translate_fr_eng_first,translate_fr_eng+first_letter
soldat,s,translate_fr_eng_first,translate_fr_eng+first_letter
fermier,f,translate_fr_eng_first,translate_fr_eng+first_letter
ouvrier,w,translate_fr_eng_first,translate_fr_eng+first_letter
artiste,a,translate_fr_eng_first,translate_fr_eng+first_letter
musicien,m,translate_fr_eng_first,translate_fr_eng+first_letter
bonjour,o,translate_fr_eng_last,translate_fr_eng+last_letter
au revoir,e,translate_fr_eng_last,translate_fr_eng+last_letter
merci,u,translate_fr_eng_last,translate_fr_eng+last_letter
s'il vous plaît,e,translate_fr_eng_last,translate_fr_eng+last_letter
oui,s,translate_fr_eng_last,translate_fr_eng+last_letter
non,o,translate_fr_eng_last,translate_fr_eng+last_letter
eau,r,translate_fr_eng_last,translate_fr_eng+last_letter
maison,e,translate_fr_eng_last,translate_fr_eng+last_letter
chat,t,translate_fr_eng_last,translate_fr_eng+last_letter
chien,g,translate_fr_eng_last,translate_fr_eng+last_letter
bonsoir,g,translate_fr_eng_last,translate_fr_eng+last_letter
bonne nuit,t,translate_fr_eng_last,translate_fr_eng+last_letter
comment allez-vous,u,translate_fr_eng_last,translate_fr_eng+last_letter
je t'aime,u,translate_fr_eng_last,translate_fr_eng+last_letter
ami,d,translate_fr_eng_last,translate_fr_eng+last_letter
famille,y,translate_fr_eng_last,translate_fr_eng+last_letter
nourriture,d,translate_fr_eng_last,translate_fr_eng+last_letter
livre,k,translate_fr_eng_last,translate_fr_eng+last_letter
voiture,r,translate_fr_eng_last,translate_fr_eng+last_letter
arbre,e,translate_fr_eng_last,translate_fr_eng+last_letter
fleur,r,translate_fr_eng_last,translate_fr_eng+last_letter
soleil,n,translate_fr_eng_last,translate_fr_eng+last_letter
lune,n,translate_fr_eng_last,translate_fr_eng+last_letter
étoile,r,translate_fr_eng_last,translate_fr_eng+last_letter
pain,d,translate_fr_eng_last,translate_fr_eng+last_letter
fromage,e,translate_fr_eng_last,translate_fr_eng+last_letter
vin,e,translate_fr_eng_last,translate_fr_eng+last_letter
café,e,translate_fr_eng_last,translate_fr_eng+last_letter
thé,a,translate_fr_eng_last,translate_fr_eng+last_letter
lait,k,translate_fr_eng_last,translate_fr_eng+last_letter
sucre,r,translate_fr_eng_last,translate_fr_eng+last_letter
sel,t,translate_fr_eng_last,translate_fr_eng+last_letter
poivre,r,translate_fr_eng_last,translate_fr_eng+last_letter
chaise,r,translate_fr_eng_last,translate_fr_eng+last_letter
porte,r,translate_fr_eng_last,translate_fr_eng+last_letter
fenêtre,w,translate_fr_eng_last,translate_fr_eng+last_letter
rue,t,translate_fr_eng_last,translate_fr_eng+last_letter
ville,y,translate_fr_eng_last,translate_fr_eng+last_letter
pays,y,translate_fr_eng_last,translate_fr_eng+last_letter
monde,d,translate_fr_eng_last,translate_fr_eng+last_letter
temps,e,translate_fr_eng_last,translate_fr_eng+last_letter
jour,y,translate_fr_eng_last,translate_fr_eng+last_letter
nuit,t,translate_fr_eng_last,translate_fr_eng+last_letter
semaine,k,translate_fr_eng_last,translate_fr_eng+last_letter
mois,h,translate_fr_eng_last,translate_fr_eng+last_letter
an,r,translate_fr_eng_last,translate_fr_eng+last_letter
aujourd'hui,y,translate_fr_eng_last,translate_fr_eng+last_letter
demain,w,translate_fr_eng_last,translate_fr_eng+last_letter
hier,y,translate_fr_eng_last,translate_fr_eng+last_letter
enfant,d,translate_fr_eng_last,translate_fr_eng+last_letter
école,l,translate_fr_eng_last,translate_fr_eng+last_letter
étudiant,t,translate_fr_eng_last,translate_fr_eng+last_letter
professeur,r,translate_fr_eng_last,translate_fr_eng+last_letter
pomme,e,translate_fr_eng_last,translate_fr_eng+last_letter
poisson,h,translate_fr_eng_last,translate_fr_eng+last_letter
oiseau,d,translate_fr_eng_last,translate_fr_eng+last_letter
cheval,e,translate_fr_eng_last,translate_fr_eng+last_letter
lettre,r,translate_fr_eng_last,translate_fr_eng+last_letter
mot,d,translate_fr_eng_last,translate_fr_eng+last_letter
phrase,e,translate_fr_eng_last,translate_fr_eng+last_letter
musique,c,translate_fr_eng_last,translate_fr_eng+last_letter
chanson,g,translate_fr_eng_last,translate_fr_eng+last_letter
danse,e,translate_fr_eng_last,translate_fr_eng+last_letter
jeu,e,translate_fr_eng_last,translate_fr_eng+last_letter
balle,l,translate_fr_eng_last,translate_fr_eng+last_letter
main,d,translate_fr_eng_last,translate_fr_eng+last_letter
pied,t,translate_fr_eng_last,translate_fr_eng+last_letter
tête,d,translate_fr_eng_last,translate_fr_eng+last_letter
œil,e,translate_fr_eng_last,translate_fr_eng+last_letter
oreille,r,translate_fr_eng_last,translate_fr_eng+last_letter
nez,e,translate_fr_eng_last,translate_fr_eng+last_letter
bouche,h,translate_fr_eng_last,translate_fr_eng+last_letter
cœur,t,translate_fr_eng_last,translate_fr_eng+last_letter
cerveau,n,translate_fr_eng_last,translate_fr_eng+last_letter
corps,y,translate_fr_eng_last,translate_fr_eng+last_letter
rouge,d,translate_fr_eng_last,translate_fr_eng+last_letter
bleu,e,translate_fr_eng_last,translate_fr_eng+last_letter
vert,n,translate_fr_eng_last,translate_fr_eng+last_letter
jaune,w,translate_fr_eng_last,translate_fr_eng+last_letter
noir,k,translate_fr_eng_last,translate_fr_eng+last_letter
blanc,e,translate_fr_eng_last,translate_fr_eng+last_letter
violet,e,translate_fr_eng_last,translate_fr_eng+last_letter
rose,k,translate_fr_eng_last,translate_fr_eng+last_letter
gris,y,translate_fr_eng_last,translate_fr_eng+last_letter
marron,n,translate_fr_eng_last,translate_fr_eng+last_letter
grand,g,translate_fr_eng_last,translate_fr_eng+last_letter
petit,l,translate_fr_eng_last,translate_fr_eng+last_letter
chaud,t,translate_fr_eng_last,translate_fr_eng+last_letter
froid,d,translate_fr_eng_last,translate_fr_eng+last_letter
nouveau,w,translate_fr_eng_last,translate_fr_eng+last_letter
vieux,d,translate_fr_eng_last,translate_fr_eng+last_letter
bon,d,translate_fr_eng_last,translate_fr_eng+last_letter
mauvais,d,translate_fr_eng_last,translate_fr_eng+last_letter
heureux,y,translate_fr_eng_last,translate_fr_eng+last_letter
triste,d,translate_fr_eng_last,translate_fr_eng+last_letter
rapide,t,translate_fr_eng_last,translate_fr_eng+last_letter
lent,w,translate_fr_eng_last,translate_fr_eng+last_letter
fort,g,translate_fr_eng_last,translate_fr_eng+last_letter
faible,k,translate_fr_eng_last,translate_fr_eng+last_letter
beau,l,translate_fr_eng_last,translate_fr_eng+last_letter
laid,y,translate_fr_eng_last,translate_fr_eng+last_letter
jeune,g,translate_fr_eng_last,translate_fr_eng+last_letter
riche,h,translate_fr_eng_last,translate_fr_eng+last_letter
pauvre,r,translate_fr_eng_last,translate_fr_eng+last_letter
propre,n,translate_fr_eng_last,translate_fr_eng+last_letter
sale,y,translate_fr_eng_last,translate_fr_eng+last_letter
facile,y,translate_fr_eng_last,translate_fr_eng+last_letter
difficile,t,translate_fr_eng_last,translate_fr_eng+last_letter
long,g,translate_fr_eng_last,translate_fr_eng+last_letter
court,t,translate_fr_eng_last,translate_fr_eng+last_letter
haut,p,translate_fr_eng_last,translate_fr_eng+last_letter
bas,n,translate_fr_eng_last,translate_fr_eng+last_letter
large,e,translate_fr_eng_last,translate_fr_eng+last_letter
étroit,w,translate_fr_eng_last,translate_fr_eng+last_letter
lourd,y,translate_fr_eng_last,translate_fr_eng+last_letter
léger,t,translate_fr_eng_last,translate_fr_eng+last_letter
plein,l,translate_fr_eng_last,translate_fr_eng+last_letter
vide,y,translate_fr_eng_last,translate_fr_eng+last_letter
droit,t,translate_fr_eng_last,translate_fr_eng+last_letter
gauche,t,translate_fr_eng_last,translate_fr_eng+last_letter
dedans,e,translate_fr_eng_last,translate_fr_eng+last_letter
dehors,e,translate_fr_eng_last,translate_fr_eng+last_letter
devant,t,translate_fr_eng_last,translate_fr_eng+last_letter
derrière,k,translate_fr_eng_last,translate_fr_eng+last_letter
près,r,translate_fr_eng_last,translate_fr_eng+last_letter
loin,r,translate_fr_eng_last,translate_fr_eng+last_letter
premier,t,translate_fr_eng_last,translate_fr_eng+last_letter
dernier,t,translate_fr_eng_last,translate_fr_eng+last_letter
ouvert,n,translate_fr_eng_last,translate_fr_eng+last_letter
fermé,d,translate_fr_eng_last,translate_fr_eng+last_letter
un,e,translate_fr_eng_last,translate_fr_eng+last_letter
deux,o,translate_fr_eng_last,translate_fr_eng+last_letter
trois,e,translate_fr_eng_last,translate_fr_eng+last_letter
quatre,r,translate_fr_eng_last,translate_fr_eng+last_letter
cinq,e,translate_fr_eng_last,translate_fr_eng+last_letter
six,x,translate_fr_eng_last,translate_fr_eng+last_letter
sept,n,translate_fr_eng_last,translate_fr_eng+last_letter
huit,t,translate_fr_eng_last,translate_fr_eng+last_letter
neuf,e,translate_fr_eng_last,translate_fr_eng+last_letter
dix,n,translate_fr_eng_last,translate_fr_eng+last_letter
cent,d,translate_fr_eng_last,translate_fr_eng+last_letter
mille,d,translate_fr_eng_last,translate_fr_eng+last_letter
frère,r,translate_fr_eng_last,translate_fr_eng+last_letter
sœur,r,translate_fr_eng_last,translate_fr_eng+last_letter
père,r,translate_fr_eng_last,translate_fr_eng+last_letter
mère,r,translate_fr_eng_last,translate_fr_eng+last_letter
fils,n,translate_fr_eng_last,translate_fr_eng+last_letter
fille,l,translate_fr_eng_last,translate_fr_eng+last_letter
mari,d,translate_fr_eng_last,translate_fr_eng+last_letter
femme,n,translate_fr_eng_last,translate_fr_eng+last_letter
grand-père,r,translate_fr_eng_last,translate_fr_eng+last_letter
grand-mère,r,translate_fr_eng_last,translate_fr_eng+last_letter
oncle,e,translate_fr_eng_last,translate_fr_eng+last_letter
tante,t,translate_fr_eng_last,translate_fr_eng+last_letter
cousin,n,translate_fr_eng_last,translate_fr_eng+last_letter
roi,g,translate_fr_eng_last,translate_fr_eng+last_letter
reine,n,translate_fr_eng_last,translate_fr_eng+last_letter
prince,e,translate_fr_eng_last,translate_fr_eng+last_letter
princesse,s,translate_fr_eng_last,translate_fr_eng+last_letter
homme,n,translate_fr_eng_last,translate_fr_eng+last_letter
garçon,y,translate_fr_eng_last,translate_fr_eng+last_letter
bébé,y,translate_fr_eng_last,translate_fr_eng+last_letter
médecin,r,translate_fr_eng_last,translate_fr_eng+last_letter
infirmière,e,translate_fr_eng_last,translate_fr_eng+last_letter
avocat,r,translate_fr_eng_last,translate_fr_eng+last_letter
police,e,translate_fr_eng_last,translate_fr_eng+last_letter
soldat,r,translate_fr_eng_last,translate_fr_eng+last_letter
fermier,r,translate_fr_eng_last,translate_fr_eng+last_letter
ouvrier,r,translate_fr_eng_last,translate_fr_eng+last_letter
artiste,t,translate_fr_eng_last,translate_fr_eng+last_letter
musicien,n,translate_fr_eng_last,translate_fr_eng+last_letter
hola,HELLO,translate_sp_eng_upper,translate_sp_eng+uppercase
adiós,GOODBYE,translate_sp_eng_upper,translate_sp_eng+uppercase
gracias,THANK YOU,translate_sp_eng_upper,translate_sp_eng+uppercase
por favor,PLEASE,translate_sp_eng_upper,translate_sp_eng+uppercase
sí,YES,translate_sp_eng_upper,translate_sp_eng+uppercase
agua,WATER,translate_sp_eng_upper,translate_sp_eng+uppercase
casa,HOUSE,translate_sp_eng_upper,translate_sp_eng+uppercase
gato,CAT,translate_sp_eng_upper,translate_sp_eng+uppercase
perro,DOG,translate_sp_eng_upper,translate_sp_eng+uppercase
buenos días,GOOD MORNING,translate_sp_eng_upper,translate_sp_eng+uppercase
buenas tardes,GOOD EVENING,translate_sp_eng_upper,translate_sp_eng+uppercase
buenas noches,GOOD NIGHT,translate_sp_eng_upper,translate_sp_eng+uppercase
cómo estás,HOW ARE YOU,translate_sp_eng_upper,translate_sp_eng+uppercase
te quiero,I LOVE YOU,translate_sp_eng_upper,translate_sp_eng+uppercase
amigo,FRIEND,translate_sp_eng_upper,translate_sp_eng+uppercase
familia,FAMILY,translate_sp_eng_upper,translate_sp_eng+uppercase
comida,FOOD,translate_sp_eng_upper,translate_sp_eng+uppercase
libro,BOOK,translate_sp_eng_upper,translate_sp_eng+uppercase
coche,CAR,translate_sp_eng_upper,translate_sp_eng+uppercase
árbol,TREE,translate_sp_eng_upper,translate_sp_eng+uppercase
flor,FLOWER,translate_sp_eng_upper,translate_sp_eng+uppercase
sol,SUN,translate_sp_eng_upper,translate_sp_eng+uppercase
luna,MOON,translate_sp_eng_upper,translate_sp_eng+uppercase
estrella,STAR,translate_sp_eng_upper,translate_sp_eng+uppercase
pan,BREAD,translate_sp_eng_upper,translate_sp_eng+uppercase
queso,CHEESE,translate_sp_eng_upper,translate_sp_eng+uppercase
vino,WINE,translate_sp_eng_upper,translate_sp_eng+uppercase
té,TEA,translate_sp_eng_upper,translate_sp_eng+uppercase
leche,MILK,translate_sp_eng_upper,translate_sp_eng+uppercase
azúcar,SUGAR,translate_sp_eng_upper,translate_sp_eng+uppercase
sal,SALT,translate_sp_eng_upper,translate_sp_eng+uppercase
pimienta,PEPPER,translate_sp_eng_upper,translate_sp_eng+uppercase
mesa,TABLE,translate_sp_eng_upper,translate_sp_eng+uppercase
silla,CHAIR,translate_sp_eng_upper,translate_sp_eng+uppercase
puerta,DOOR,translate_sp_eng_upper,translate_sp_eng+uppercase
ventana,WINDOW,translate_sp_eng_upper,translate_sp_eng+uppercase
calle,STREET,translate_sp_eng_upper,translate_sp_eng+uppercase
ciudad,CITY,translate_sp_eng_upper,translate_sp_eng+uppercase
país,COUNTRY,translate_sp_eng_upper,translate_sp_eng+uppercase
mundo,WORLD,translate_sp_eng_upper,translate_sp_eng+uppercase
tiempo,TIME,translate_sp_eng_upper,translate_sp_eng+uppercase
día,DAY,translate_sp_eng_upper,translate_sp_eng+uppercase
noche,NIGHT,translate_sp_eng_upper,translate_sp_eng+uppercase
semana,WEEK,translate_sp_eng_upper,translate_sp_eng+uppercase
mes,MONTH,translate_sp_eng_upper,translate_sp_eng+uppercase
año,YEAR,translate_sp_eng_upper,translate_sp_eng+uppercase
hoy,TODAY,translate_sp_eng_upper,translate_sp_eng+uppercase
mañana,TOMORROW,translate_sp_eng_upper,translate_sp_eng+uppercase
ayer,YESTERDAY,translate_sp_eng_upper,translate_sp_eng+uppercase
niño,CHILD,translate_sp_eng_upper,translate_sp_eng+uppercase
escuela,SCHOOL,translate_sp_eng_upper,translate_sp_eng+uppercase
estudiante,STUDENT,translate_sp_eng_upper,translate_sp_eng+uppercase
profesor,TEACHER,translate_sp_eng_upper,translate_sp_eng+uppercase
manzana,APPLE,translate_sp_eng_upper,translate_sp_eng+uppercase
naranja,ORANGE,translate_sp_eng_upper,translate_sp_eng+uppercase
pez,FISH,translate_sp_eng_upper,translate_sp_eng+uppercase
pájaro,BIRD,translate_sp_eng_upper,translate_sp_eng+uppercase
caballo,HORSE,translate_sp_eng_upper,translate_sp_eng+uppercase
carta,LETTER,translate_sp_eng_upper,translate_sp_eng+uppercase
palabra,WORD,translate_sp_eng_upper,translate_sp_eng+uppercase
frase,SENTENCE,translate_sp_eng_upper,translate_sp_eng+uppercase
página,PAGE,translate_sp_eng_upper,translate_sp_eng+uppercase
música,MUSIC,translate_sp_eng_upper,translate_sp_eng+uppercase
canción,SONG,translate_sp_eng_upper,translate_sp_eng+uppercase
baile,DANCE,translate_sp_eng_upper,translate_sp_eng+uppercase
juego,GAME,translate_sp_eng_upper,translate_sp_eng+uppercase
deporte,SPORT,translate_sp_eng_upper,translate_sp_eng+uppercase
pelota,BALL,translate_sp_eng_upper,translate_sp_eng+uppercase
mano,HAND,translate_sp_eng_upper,translate_sp_eng+uppercase
pie,FOOT,translate_sp_eng_upper,translate_sp_eng+uppercase
cabeza,HEAD,translate_sp_eng_upper,translate_sp_eng+uppercase
ojo,EYE,translate_sp_eng_upper,translate_sp_eng+uppercase
oreja,EAR,translate_sp_eng_upper,translate_sp_eng+uppercase
nariz,NOSE,translate_sp_eng_upper,translate_sp_eng+uppercase
boca,MOUTH,translate_sp_eng_upper,translate_sp_eng+uppercase
corazón,HEART,translate_sp_eng_upper,translate_sp_eng+uppercase
cerebro,BRAIN,translate_sp_eng_upper,translate_sp_eng+uppercase
cuerpo,BODY,translate_sp_eng_upper,translate_sp_eng+uppercase
rojo,RED,translate_sp_eng_upper,translate_sp_eng+uppercase
azul,BLUE,translate_sp_eng_upper,translate_sp_eng+uppercase
verde,GREEN,translate_sp_eng_upper,translate_sp_eng+uppercase
amarillo,YELLOW,translate_sp_eng_upper,translate_sp_eng+uppercase
negro,BLACK,translate_sp_eng_upper,translate_sp_eng+uppercase
blanco,WHITE,translate_sp_eng_upper,translate_sp_eng+uppercase
morado,PURPLE,translate_sp_eng_upper,translate_sp_eng+uppercase
rosa,PINK,translate_sp_eng_upper,translate_sp_eng+uppercase
gris,GRAY,translate_sp_eng_upper,translate_sp_eng+uppercase
marrón,BROWN,translate_sp_eng_upper,translate_sp_eng+uppercase
grande,BIG,translate_sp_eng_upper,translate_sp_eng+uppercase
pequeño,SMALL,translate_sp_eng_upper,translate_sp_eng+uppercase
caliente,HOT,translate_sp_eng_upper,translate_sp_eng+uppercase
frío,COLD,translate_sp_eng_upper,translate_sp_eng+uppercase
nuevo,NEW,translate_sp_eng_upper,translate_sp_eng+uppercase
viejo,OLD,translate_sp_eng_upper,translate_sp_eng+uppercase
bueno,GOOD,translate_sp_eng_upper,translate_sp_eng+uppercase
malo,BAD,translate_sp_eng_upper,translate_sp_eng+uppercase
feliz,HAPPY,translate_sp_eng_upper,translate_sp_eng+uppercase
triste,SAD,translate_sp_eng_upper,translate_sp_eng+uppercase
rápido,FAST,translate_sp_eng_upper,translate_sp_eng+uppercase
lento,SLOW,translate_sp_eng_upper,translate_sp_eng+uppercase
fuerte,STRONG,translate_sp_eng_upper,translate_sp_eng+uppercase
débil,WEAK,translate_sp_eng_upper,translate_sp_eng+uppercase
hermoso,BEAUTIFUL,translate_sp_eng_upper,translate_sp_eng+uppercase
feo,UGLY,translate_sp_eng_upper,translate_sp_eng+uppercase
joven,YOUNG,translate_sp_eng_upper,translate_sp_eng+uppercase
rico,RICH,translate_sp_eng_upper,translate_sp_eng+uppercase
pobre,POOR,translate_sp_eng_upper,translate_sp_eng+uppercase
limpio,CLEAN,translate_sp_eng_upper,translate_sp_eng+uppercase
sucio,DIRTY,translate_sp_eng_upper,translate_sp_eng+uppercase
fácil,EASY,translate_sp_eng_upper,translate_sp_eng+uppercase
difícil,DIFFICULT,translate_sp_eng_upper,translate_sp_eng+uppercase
largo,LONG,translate_sp_eng_upper,translate_sp_eng+uppercase
corto,SHORT,translate_sp_eng_upper,translate_sp_eng+uppercase
alto,HIGH,translate_sp_eng_upper,translate_sp_eng+uppercase
bajo,LOW,translate_sp_eng_upper,translate_sp_eng+uppercase
ancho,WIDE,translate_sp_eng_upper,translate_sp_eng+uppercase
estrecho,NARROW,translate_sp_eng_upper,translate_sp_eng+uppercase
pesado,HEAVY,translate_sp_eng_upper,translate_sp_eng+uppercase
ligero,LIGHT,translate_sp_eng_upper,translate_sp_eng+uppercase
lleno,FULL,translate_sp_eng_upper,translate_sp_eng+uppercase
vacío,EMPTY,translate_sp_eng_upper,translate_sp_eng+uppercase
derecho,RIGHT,translate_sp_eng_upper,translate_sp_eng+uppercase
izquierdo,LEFT,translate_sp_eng_upper,translate_sp_eng+uppercase
arriba,UP,translate_sp_eng_upper,translate_sp_eng+uppercase
abajo,DOWN,translate_sp_eng_upper,translate_sp_eng+uppercase
dentro,INSIDE,translate_sp_eng_upper,translate_sp_eng+uppercase
fuera,OUTSIDE,translate_sp_eng_upper,translate_sp_eng+uppercase
frente,FRONT,translate_sp_eng_upper,translate_sp_eng+uppercase
atrás,BACK,translate_sp_eng_upper,translate_sp_eng+uppercase
cerca,NEAR,translate_sp_eng_upper,translate_sp_eng+uppercase
lejos,FAR,translate_sp_eng_upper,translate_sp_eng+uppercase
primero,FIRST,translate_sp_eng_upper,translate_sp_eng+uppercase
último,LAST,translate_sp_eng_upper,translate_sp_eng+uppercase
abierto,OPEN,translate_sp_eng_upper,translate_sp_eng+uppercase
cerrado,CLOSED,translate_sp_eng_upper,translate_sp_eng+uppercase
uno,ONE,translate_sp_eng_upper,translate_sp_eng+uppercase
dos,TWO,translate_sp_eng_upper,translate_sp_eng+uppercase
tres,THREE,translate_sp_eng_upper,translate_sp_eng+uppercase
cuatro,FOUR,translate_sp_eng_upper,translate_sp_eng+uppercase
cinco,FIVE,translate_sp_eng_upper,translate_sp_eng+uppercase
seis,SIX,translate_sp_eng_upper,translate_sp_eng+uppercase
siete,SEVEN,translate_sp_eng_upper,translate_sp_eng+uppercase
ocho,EIGHT,translate_sp_eng_upper,translate_sp_eng+uppercase
nueve,NINE,translate_sp_eng_upper,translate_sp_eng+uppercase
diez,TEN,translate_sp_eng_upper,translate_sp_eng+uppercase
cien,HUNDRED,translate_sp_eng_upper,translate_sp_eng+uppercase
mil,THOUSAND,translate_sp_eng_upper,translate_sp_eng+uppercase
hermano,BROTHER,translate_sp_eng_upper,translate_sp_eng+uppercase
hermana,SISTER,translate_sp_eng_upper,translate_sp_eng+uppercase
padre,FATHER,translate_sp_eng_upper,translate_sp_eng+uppercase
madre,MOTHER,translate_sp_eng_upper,translate_sp_eng+uppercase
hijo,SON,translate_sp_eng_upper,translate_sp_eng+uppercase
hija,DAUGHTER,translate_sp_eng_upper,translate_sp_eng+uppercase
esposo,HUSBAND,translate_sp_eng_upper,translate_sp_eng+uppercase
esposa,WIFE,translate_sp_eng_upper,translate_sp_eng+uppercase
abuelo,GRANDFATHER,translate_sp_eng_upper,translate_sp_eng+uppercase
abuela,GRANDMOTHER,translate_sp_eng_upper,translate_sp_eng+uppercase
tío,UNCLE,translate_sp_eng_upper,translate_sp_eng+uppercase
tía,AUNT,translate_sp_eng_upper,translate_sp_eng+uppercase
primo,COUSIN,translate_sp_eng_upper,translate_sp_eng+uppercase
rey,KING,translate_sp_eng_upper,translate_sp_eng+uppercase
reina,QUEEN,translate_sp_eng_upper,translate_sp_eng+uppercase
príncipe,PRINCE,translate_sp_eng_upper,translate_sp_eng+uppercase
princesa,PRINCESS,translate_sp_eng_upper,translate_sp_eng+uppercase
hombre,MAN,translate_sp_eng_upper,translate_sp_eng+uppercase
mujer,WOMAN,translate_sp_eng_upper,translate_sp_eng+uppercase
niña,GIRL,translate_sp_eng_upper,translate_sp_eng+uppercase
bebé,BABY,translate_sp_eng_upper,translate_sp_eng+uppercase
médico,DOCTOR,translate_sp_eng_upper,translate_sp_eng+uppercase
enfermera,NURSE,translate_sp_eng_upper,translate_sp_eng+uppercase
abogado,LAWYER,translate_sp_eng_upper,translate_sp_eng+uppercase
policía,POLICE,translate_sp_eng_upper,translate_sp_eng+uppercase
soldado,SOLDIER,translate_sp_eng_upper,translate_sp_eng+uppercase
granjero,FARMER,translate_sp_eng_upper,translate_sp_eng+uppercase
trabajador,WORKER,translate_sp_eng_upper,translate_sp_eng+uppercase
artista,ARTIST,translate_sp_eng_upper,translate_sp_eng+uppercase
músico,MUSICIAN,translate_sp_eng_upper,translate_sp_eng+uppercase
cantante,SINGER,translate_sp_eng_upper,translate_sp_eng+uppercase
hola,hello,translate_sp_eng_lower,translate_sp_eng+lowercase
adiós,goodbye,translate_sp_eng_lower,translate_sp_eng+lowercase
gracias,thank you,translate_sp_eng_lower,translate_sp_eng+lowercase
por favor,please,translate_sp_eng_lower,translate_sp_eng+lowercase
sí,yes,translate_sp_eng_lower,translate_sp_eng+lowercase
agua,water,translate_sp_eng_lower,translate_sp_eng+lowercase
casa,house,translate_sp_eng_lower,translate_sp_eng+lowercase
gato,cat,translate_sp_eng_lower,translate_sp_eng+lowercase
perro,dog,translate_sp_eng_lower,translate_sp_eng+lowercase
buenos días,good morning,translate_sp_eng_lower,translate_sp_eng+lowercase
buenas tardes,good evening,translate_sp_eng_lower,translate_sp_eng+lowercase
buenas noches,good night,translate_sp_eng_lower,translate_sp_eng+lowercase
cómo estás,how are you,translate_sp_eng_lower,translate_sp_eng+lowercase
te quiero,i love you,translate_sp_eng_lower,translate_sp_eng+lowercase
amigo,friend,translate_sp_eng_lower,translate_sp_eng+lowercase
familia,family,translate_sp_eng_lower,translate_sp_eng+lowercase
comida,food,translate_sp_eng_lower,translate_sp_eng+lowercase
libro,book,translate_sp_eng_lower,translate_sp_eng+lowercase
coche,car,translate_sp_eng_lower,translate_sp_eng+lowercase
árbol,tree,translate_sp_eng_lower,translate_sp_eng+lowercase
flor,flower,translate_sp_eng_lower,translate_sp_eng+lowercase
sol,sun,translate_sp_eng_lower,translate_sp_eng+lowercase
luna,moon,translate_sp_eng_lower,translate_sp_eng+lowercase
estrella,star,translate_sp_eng_lower,translate_sp_eng+lowercase
pan,bread,translate_sp_eng_lower,translate_sp_eng+lowercase
queso,cheese,translate_sp_eng_lower,translate_sp_eng+lowercase
vino,wine,translate_sp_eng_lower,translate_sp_eng+lowercase
té,tea,translate_sp_eng_lower,translate_sp_eng+lowercase
leche,milk,translate_sp_eng_lower,translate_sp_eng+lowercase
azúcar,sugar,translate_sp_eng_lower,translate_sp_eng+lowercase
sal,salt,translate_sp_eng_lower,translate_sp_eng+lowercase
pimienta,pepper,translate_sp_eng_lower,translate_sp_eng+lowercase
mesa,table,translate_sp_eng_lower,translate_sp_eng+lowercase
silla,chair,translate_sp_eng_lower,translate_sp_eng+lowercase
puerta,door,translate_sp_eng_lower,translate_sp_eng+lowercase
ventana,window,translate_sp_eng_lower,translate_sp_eng+lowercase
calle,street,translate_sp_eng_lower,translate_sp_eng+lowercase
ciudad,city,translate_sp_eng_lower,translate_sp_eng+lowercase
país,country,translate_sp_eng_lower,translate_sp_eng+lowercase
mundo,world,translate_sp_eng_lower,translate_sp_eng+lowercase
tiempo,time,translate_sp_eng_lower,translate_sp_eng+lowercase
día,day,translate_sp_eng_lower,translate_sp_eng+lowercase
noche,night,translate_sp_eng_lower,translate_sp_eng+lowercase
semana,week,translate_sp_eng_lower,translate_sp_eng+lowercase
mes,month,translate_sp_eng_lower,translate_sp_eng+lowercase
año,year,translate_sp_eng_lower,translate_sp_eng+lowercase
hoy,today,translate_sp_eng_lower,translate_sp_eng+lowercase
mañana,tomorrow,translate_sp_eng_lower,translate_sp_eng+lowercase
ayer,yesterday,translate_sp_eng_lower,translate_sp_eng+lowercase
niño,child,translate_sp_eng_lower,translate_sp_eng+lowercase
escuela,school,translate_sp_eng_lower,translate_sp_eng+lowercase
estudiante,student,translate_sp_eng_lower,translate_sp_eng+lowercase
profesor,teacher,translate_sp_eng_lower,translate_sp_eng+lowercase
manzana,apple,translate_sp_eng_lower,translate_sp_eng+lowercase
naranja,orange,translate_sp_eng_lower,translate_sp_eng+lowercase
pez,fish,translate_sp_eng_lower,translate_sp_eng+lowercase
pájaro,bird,translate_sp_eng_lower,translate_sp_eng+lowercase
caballo,horse,translate_sp_eng_lower,translate_sp_eng+lowercase
carta,letter,translate_sp_eng_lower,translate_sp_eng+lowercase
palabra,word,translate_sp_eng_lower,translate_sp_eng+lowercase
frase,sentence,translate_sp_eng_lower,translate_sp_eng+lowercase
página,page,translate_sp_eng_lower,translate_sp_eng+lowercase
música,music,translate_sp_eng_lower,translate_sp_eng+lowercase
canción,song,translate_sp_eng_lower,translate_sp_eng+lowercase
baile,dance,translate_sp_eng_lower,translate_sp_eng+lowercase
juego,game,translate_sp_eng_lower,translate_sp_eng+lowercase
deporte,sport,translate_sp_eng_lower,translate_sp_eng+lowercase
pelota,ball,translate_sp_eng_lower,translate_sp_eng+lowercase
mano,hand,translate_sp_eng_lower,translate_sp_eng+lowercase
pie,foot,translate_sp_eng_lower,translate_sp_eng+lowercase
cabeza,head,translate_sp_eng_lower,translate_sp_eng+lowercase
ojo,eye,translate_sp_eng_lower,translate_sp_eng+lowercase
oreja,ear,translate_sp_eng_lower,translate_sp_eng+lowercase
nariz,nose,translate_sp_eng_lower,translate_sp_eng+lowercase
boca,mouth,translate_sp_eng_lower,translate_sp_eng+lowercase
corazón,heart,translate_sp_eng_lower,translate_sp_eng+lowercase
cerebro,brain,translate_sp_eng_lower,translate_sp_eng+lowercase
cuerpo,body,translate_sp_eng_lower,translate_sp_eng+lowercase
rojo,red,translate_sp_eng_lower,translate_sp_eng+lowercase
azul,blue,translate_sp_eng_lower,translate_sp_eng+lowercase
verde,green,translate_sp_eng_lower,translate_sp_eng+lowercase
amarillo,yellow,translate_sp_eng_lower,translate_sp_eng+lowercase
negro,black,translate_sp_eng_lower,translate_sp_eng+lowercase
blanco,white,translate_sp_eng_lower,translate_sp_eng+lowercase
morado,purple,translate_sp_eng_lower,translate_sp_eng+lowercase
rosa,pink,translate_sp_eng_lower,translate_sp_eng+lowercase
gris,gray,translate_sp_eng_lower,translate_sp_eng+lowercase
marrón,brown,translate_sp_eng_lower,translate_sp_eng+lowercase
grande,big,translate_sp_eng_lower,translate_sp_eng+lowercase
pequeño,small,translate_sp_eng_lower,translate_sp_eng+lowercase
caliente,hot,translate_sp_eng_lower,translate_sp_eng+lowercase
frío,cold,translate_sp_eng_lower,translate_sp_eng+lowercase
nuevo,new,translate_sp_eng_lower,translate_sp_eng+lowercase
viejo,old,translate_sp_eng_lower,translate_sp_eng+lowercase
bueno,good,translate_sp_eng_lower,translate_sp_eng+lowercase
malo,bad,translate_sp_eng_lower,translate_sp_eng+lowercase
feliz,happy,translate_sp_eng_lower,translate_sp_eng+lowercase
triste,sad,translate_sp_eng_lower,translate_sp_eng+lowercase
rápido,fast,translate_sp_eng_lower,translate_sp_eng+lowercase
lento,slow,translate_sp_eng_lower,translate_sp_eng+lowercase
fuerte,strong,translate_sp_eng_lower,translate_sp_eng+lowercase
débil,weak,translate_sp_eng_lower,translate_sp_eng+lowercase
hermoso,beautiful,translate_sp_eng_lower,translate_sp_eng+lowercase
feo,ugly,translate_sp_eng_lower,translate_sp_eng+lowercase
joven,young,translate_sp_eng_lower,translate_sp_eng+lowercase
rico,rich,translate_sp_eng_lower,translate_sp_eng+lowercase
pobre,poor,translate_sp_eng_lower,translate_sp_eng+lowercase
limpio,clean,translate_sp_eng_lower,translate_sp_eng+lowercase
sucio,dirty,translate_sp_eng_lower,translate_sp_eng+lowercase
fácil,easy,translate_sp_eng_lower,translate_sp_eng+lowercase
difícil,difficult,translate_sp_eng_lower,translate_sp_eng+lowercase
largo,long,translate_sp_eng_lower,translate_sp_eng+lowercase
corto,short,translate_sp_eng_lower,translate_sp_eng+lowercase
alto,high,translate_sp_eng_lower,translate_sp_eng+lowercase
bajo,low,translate_sp_eng_lower,translate_sp_eng+lowercase
ancho,wide,translate_sp_eng_lower,translate_sp_eng+lowercase
estrecho,narrow,translate_sp_eng_lower,translate_sp_eng+lowercase
pesado,heavy,translate_sp_eng_lower,translate_sp_eng+lowercase
ligero,light,translate_sp_eng_lower,translate_sp_eng+lowercase
lleno,full,translate_sp_eng_lower,translate_sp_eng+lowercase
vacío,empty,translate_sp_eng_lower,translate_sp_eng+lowercase
derecho,right,translate_sp_eng_lower,translate_sp_eng+lowercase
izquierdo,left,translate_sp_eng_lower,translate_sp_eng+lowercase
arriba,up,translate_sp_eng_lower,translate_sp_eng+lowercase
abajo,down,translate_sp_eng_lower,translate_sp_eng+lowercase
dentro,inside,translate_sp_eng_lower,translate_sp_eng+lowercase
fuera,outside,translate_sp_eng_lower,translate_sp_eng+lowercase
frente,front,translate_sp_eng_lower,translate_sp_eng+lowercase
atrás,back,translate_sp_eng_lower,translate_sp_eng+lowercase
cerca,near,translate_sp_eng_lower,translate_sp_eng+lowercase
lejos,far,translate_sp_eng_lower,translate_sp_eng+lowercase
primero,first,translate_sp_eng_lower,translate_sp_eng+lowercase
último,last,translate_sp_eng_lower,translate_sp_eng+lowercase
abierto,open,translate_sp_eng_lower,translate_sp_eng+lowercase
cerrado,closed,translate_sp_eng_lower,translate_sp_eng+lowercase
uno,one,translate_sp_eng_lower,translate_sp_eng+lowercase
dos,two,translate_sp_eng_lower,translate_sp_eng+lowercase
tres,three,translate_sp_eng_lower,translate_sp_eng+lowercase
cuatro,four,translate_sp_eng_lower,translate_sp_eng+lowercase
cinco,five,translate_sp_eng_lower,translate_sp_eng+lowercase
seis,six,translate_sp_eng_lower,translate_sp_eng+lowercase
siete,seven,translate_sp_eng_lower,translate_sp_eng+lowercase
ocho,eight,translate_sp_eng_lower,translate_sp_eng+lowercase
nueve,nine,translate_sp_eng_lower,translate_sp_eng+lowercase
diez,ten,translate_sp_eng_lower,translate_sp_eng+lowercase
cien,hundred,translate_sp_eng_lower,translate_sp_eng+lowercase
mil,thousand,translate_sp_eng_lower,translate_sp_eng+lowercase
hermano,brother,translate_sp_eng_lower,translate_sp_eng+lowercase
hermana,sister,translate_sp_eng_lower,translate_sp_eng+lowercase
padre,father,translate_sp_eng_lower,translate_sp_eng+lowercase
madre,mother,translate_sp_eng_lower,translate_sp_eng+lowercase
hijo,son,translate_sp_eng_lower,translate_sp_eng+lowercase
hija,daughter,translate_sp_eng_lower,translate_sp_eng+lowercase
esposo,husband,translate_sp_eng_lower,translate_sp_eng+lowercase
esposa,wife,translate_sp_eng_lower,translate_sp_eng+lowercase
abuelo,grandfather,translate_sp_eng_lower,translate_sp_eng+lowercase
abuela,grandmother,translate_sp_eng_lower,translate_sp_eng+lowercase
tío,uncle,translate_sp_eng_lower,translate_sp_eng+lowercase
tía,aunt,translate_sp_eng_lower,translate_sp_eng+lowercase
primo,cousin,translate_sp_eng_lower,translate_sp_eng+lowercase
rey,king,translate_sp_eng_lower,translate_sp_eng+lowercase
reina,queen,translate_sp_eng_lower,translate_sp_eng+lowercase
príncipe,prince,translate_sp_eng_lower,translate_sp_eng+lowercase
princesa,princess,translate_sp_eng_lower,translate_sp_eng+lowercase
hombre,man,translate_sp_eng_lower,translate_sp_eng+lowercase
mujer,woman,translate_sp_eng_lower,translate_sp_eng+lowercase
niña,girl,translate_sp_eng_lower,translate_sp_eng+lowercase
bebé,baby,translate_sp_eng_lower,translate_sp_eng+lowercase
médico,doctor,translate_sp_eng_lower,translate_sp_eng+lowercase
enfermera,nurse,translate_sp_eng_lower,translate_sp_eng+lowercase
abogado,lawyer,translate_sp_eng_lower,translate_sp_eng+lowercase
policía,police,translate_sp_eng_lower,translate_sp_eng+lowercase
soldado,soldier,translate_sp_eng_lower,translate_sp_eng+lowercase
granjero,farmer,translate_sp_eng_lower,translate_sp_eng+lowercase
trabajador,worker,translate_sp_eng_lower,translate_sp_eng+lowercase
artista,artist,translate_sp_eng_lower,translate_sp_eng+lowercase
músico,musician,translate_sp_eng_lower,translate_sp_eng+lowercase
cantante,singer,translate_sp_eng_lower,translate_sp_eng+lowercase
hola,olleh,translate_sp_eng_reverse,translate_sp_eng+reverse
adiós,eybdoog,translate_sp_eng_reverse,translate_sp_eng+reverse
gracias,uoy knaht,translate_sp_eng_reverse,translate_sp_eng+reverse
por favor,esaelp,translate_sp_eng_reverse,translate_sp_eng+reverse
sí,sey,translate_sp_eng_reverse,translate_sp_eng+reverse
agua,retaw,translate_sp_eng_reverse,translate_sp_eng+reverse
casa,esuoh,translate_sp_eng_reverse,translate_sp_eng+reverse
gato,tac,translate_sp_eng_reverse,translate_sp_eng+reverse
perro,god,translate_sp_eng_reverse,translate_sp_eng+reverse
buenos días,gninrom doog,translate_sp_eng_reverse,translate_sp_eng+reverse
buenas tardes,gnineve doog,translate_sp_eng_reverse,translate_sp_eng+reverse
buenas noches,thgin doog,translate_sp_eng_reverse,translate_sp_eng+reverse
cómo estás,uoy era woh,translate_sp_eng_reverse,translate_sp_eng+reverse
te quiero,uoy evol I,translate_sp_eng_reverse,translate_sp_eng+reverse
amigo,dneirf,translate_sp_eng_reverse,translate_sp_eng+reverse
familia,ylimaf,translate_sp_eng_reverse,translate_sp_eng+reverse
comida,doof,translate_sp_eng_reverse,translate_sp_eng+reverse
libro,koob,translate_sp_eng_reverse,translate_sp_eng+reverse
coche,rac,translate_sp_eng_reverse,translate_sp_eng+reverse
árbol,eert,translate_sp_eng_reverse,translate_sp_eng+reverse
flor,rewolf,translate_sp_eng_reverse,translate_sp_eng+reverse
sol,nus,translate_sp_eng_reverse,translate_sp_eng+reverse
luna,noom,translate_sp_eng_reverse,translate_sp_eng+reverse
estrella,rats,translate_sp_eng_reverse,translate_sp_eng+reverse
pan,daerb,translate_sp_eng_reverse,translate_sp_eng+reverse
queso,eseehc,translate_sp_eng_reverse,translate_sp_eng+reverse
vino,eniw,translate_sp_eng_reverse,translate_sp_eng+reverse
té,aet,translate_sp_eng_reverse,translate_sp_eng+reverse
leche,klim,translate_sp_eng_reverse,translate_sp_eng+reverse
azúcar,ragus,translate_sp_eng_reverse,translate_sp_eng+reverse
sal,tlas,translate_sp_eng_reverse,translate_sp_eng+reverse
pimienta,reppep,translate_sp_eng_reverse,translate_sp_eng+reverse
mesa,elbat,translate_sp_eng_reverse,translate_sp_eng+reverse
silla,riahc,translate_sp_eng_reverse,translate_sp_eng+reverse
puerta,rood,translate_sp_eng_reverse,translate_sp_eng+reverse
ventana,wodniw,translate_sp_eng_reverse,translate_sp_eng+reverse
calle,teerts,translate_sp_eng_reverse,translate_sp_eng+reverse
ciudad,ytic,translate_sp_eng_reverse,translate_sp_eng+reverse
país,yrtnuoc,translate_sp_eng_reverse,translate_sp_eng+reverse
mundo,dlrow,translate_sp_eng_reverse,translate_sp_eng+reverse
tiempo,emit,translate_sp_eng_reverse,translate_sp_eng+reverse
día,yad,translate_sp_eng_reverse,translate_sp_eng+reverse
noche,thgin,translate_sp_eng_reverse,translate_sp_eng+reverse
semana,keew,translate_sp_eng_reverse,translate_sp_eng+reverse
mes,htnom,translate_sp_eng_reverse,translate_sp_eng+reverse
año,raey,translate_sp_eng_reverse,translate_sp_eng+reverse
hoy,yadot,translate_sp_eng_reverse,translate_sp_eng+reverse
mañana,worromot,translate_sp_eng_reverse,translate_sp_eng+reverse
ayer,yadretsey,translate_sp_eng_reverse,translate_sp_eng+reverse
niño,dlihc,translate_sp_eng_reverse,translate_sp_eng+reverse
escuela,loohcs,translate_sp_eng_reverse,translate_sp_eng+reverse
estudiante,tneduts,translate_sp_eng_reverse,translate_sp_eng+reverse
profesor,rehcaet,translate_sp_eng_reverse,translate_sp_eng+reverse
manzana,elppa,translate_sp_eng_reverse,translate_sp_eng+reverse
naranja,egnaro,translate_sp_eng_reverse,translate_sp_eng+reverse
pez,hsif,translate_sp_eng_reverse,translate_sp_eng+reverse
pájaro,drib,translate_sp_eng_reverse,translate_sp_eng+reverse
caballo,esroh,translate_sp_eng_reverse,translate_sp_eng+reverse
carta,rettel,translate_sp_eng_reverse,translate_sp_eng+reverse
palabra,drow,translate_sp_eng_reverse,translate_sp_eng+reverse
frase,ecnetnes,translate_sp_eng_reverse,translate_sp_eng+reverse
página,egap,translate_sp_eng_reverse,translate_sp_eng+reverse
música,cisum,translate_sp_eng_reverse,translate_sp_eng+reverse
canción,gnos,translate_sp_eng_reverse,translate_sp_eng+reverse
baile,ecnad,translate_sp_eng_reverse,translate_sp_eng+reverse
juego,emag,translate_sp_eng_reverse,translate_sp_eng+reverse
deporte,trops,translate_sp_eng_reverse,translate_sp_eng+reverse
pelota,llab,translate_sp_eng_reverse,translate_sp_eng+reverse
mano,dnah,translate_sp_eng_reverse,translate_sp_eng+reverse
pie,toof,translate_sp_eng_reverse,translate_sp_eng+reverse
cabeza,daeh,translate_sp_eng_reverse,translate_sp_eng+reverse
ojo,eye,translate_sp_eng_reverse,translate_sp_eng+reverse
oreja,rae,translate_sp_eng_reverse,translate_sp_eng+reverse
nariz,eson,translate_sp_eng_reverse,translate_sp_eng+reverse
boca,htuom,translate_sp_eng_reverse,translate_sp_eng+reverse
corazón,traeh,translate_sp_eng_reverse,translate_sp_eng+reverse
cerebro,niarb,translate_sp_eng_reverse,translate_sp_eng+reverse
cuerpo,ydob,translate_sp_eng_reverse,translate_sp_eng+reverse
rojo,der,translate_sp_eng_reverse,translate_sp_eng+reverse
azul,eulb,translate_sp_eng_reverse,translate_sp_eng+reverse
verde,neerg,translate_sp_eng_reverse,translate_sp_eng+reverse
amarillo,wolley,translate_sp_eng_reverse,translate_sp_eng+reverse
negro,kcalb,translate_sp_eng_reverse,translate_sp_eng+reverse
blanco,etihw,translate_sp_eng_reverse,translate_sp_eng+reverse
morado,elprup,translate_sp_eng_reverse,translate_sp_eng+reverse
rosa,knip,translate_sp_eng_reverse,translate_sp_eng+reverse
gris,yarg,translate_sp_eng_reverse,translate_sp_eng+reverse
marrón,nworb,translate_sp_eng_reverse,translate_sp_eng+reverse
grande,gib,translate_sp_eng_reverse,translate_sp_eng+reverse
pequeño,llams,translate_sp_eng_reverse,translate_sp_eng+reverse
caliente,toh,translate_sp_eng_reverse,translate_sp_eng+reverse
frío,dloc,translate_sp_eng_reverse,translate_sp_eng+reverse
nuevo,wen,translate_sp_eng_reverse,translate_sp_eng+reverse
viejo,dlo,translate_sp_eng_reverse,translate_sp_eng+reverse
bueno,doog,translate_sp_eng_reverse,translate_sp_eng+reverse
malo,dab,translate_sp_eng_reverse,translate_sp_eng+reverse
feliz,yppah,translate_sp_eng_reverse,translate_sp_eng+reverse
triste,das,translate_sp_eng_reverse,translate_sp_eng+reverse
rápido,tsaf,translate_sp_eng_reverse,translate_sp_eng+reverse
lento,wols,translate_sp_eng_reverse,translate_sp_eng+reverse
fuerte,gnorts,translate_sp_eng_reverse,translate_sp_eng+reverse
débil,kaew,translate_sp_eng_reverse,translate_sp_eng+reverse
hermoso,lufituaeb,translate_sp_eng_reverse,translate_sp_eng+reverse
feo,ylgu,translate_sp_eng_reverse,translate_sp_eng+reverse
joven,gnuoy,translate_sp_eng_reverse,translate_sp_eng+reverse
rico,hcir,translate_sp_eng_reverse,translate_sp_eng+reverse
pobre,roop,translate_sp_eng_reverse,translate_sp_eng+reverse
limpio,naelc,translate_sp_eng_reverse,translate_sp_eng+reverse
sucio,ytrid,translate_sp_eng_reverse,translate_sp_eng+reverse
fácil,ysae,translate_sp_eng_reverse,translate_sp_eng+reverse
difícil,tluciffid,translate_sp_eng_reverse,translate_sp_eng+reverse
largo,gnol,translate_sp_eng_reverse,translate_sp_eng+reverse
corto,trohs,translate_sp_eng_reverse,translate_sp_eng+reverse
alto,hgih,translate_sp_eng_reverse,translate_sp_eng+reverse
bajo,wol,translate_sp_eng_reverse,translate_sp_eng+reverse
ancho,ediw,translate_sp_eng_reverse,translate_sp_eng+reverse
estrecho,worran,translate_sp_eng_reverse,translate_sp_eng+reverse
pesado,yvaeh,translate_sp_eng_reverse,translate_sp_eng+reverse
ligero,thgil,translate_sp_eng_reverse,translate_sp_eng+reverse
lleno,lluf,translate_sp_eng_reverse,translate_sp_eng+reverse
vacío,ytpme,translate_sp_eng_reverse,translate_sp_eng+reverse
derecho,thgir,translate_sp_eng_reverse,translate_sp_eng+reverse
izquierdo,tfel,translate_sp_eng_reverse,translate_sp_eng+reverse
arriba,pu,translate_sp_eng_reverse,translate_sp_eng+reverse
abajo,nwod,translate_sp_eng_reverse,translate_sp_eng+reverse
dentro,edisni,translate_sp_eng_reverse,translate_sp_eng+reverse
fuera,edistuo,translate_sp_eng_reverse,translate_sp_eng+reverse
frente,tnorf,translate_sp_eng_reverse,translate_sp_eng+reverse
atrás,kcab,translate_sp_eng_reverse,translate_sp_eng+reverse
cerca,raen,translate_sp_eng_reverse,translate_sp_eng+reverse
lejos,raf,translate_sp_eng_reverse,translate_sp_eng+reverse
primero,tsrif,translate_sp_eng_reverse,translate_sp_eng+reverse
último,tsal,translate_sp_eng_reverse,translate_sp_eng+reverse
abierto,nepo,translate_sp_eng_reverse,translate_sp_eng+reverse
cerrado,desolc,translate_sp_eng_reverse,translate_sp_eng+reverse
uno,eno,translate_sp_eng_reverse,translate_sp_eng+reverse
dos,owt,translate_sp_eng_reverse,translate_sp_eng+reverse
tres,eerht,translate_sp_eng_reverse,translate_sp_eng+reverse
cuatro,ruof,translate_sp_eng_reverse,translate_sp_eng+reverse
cinco,evif,translate_sp_eng_reverse,translate_sp_eng+reverse
seis,xis,translate_sp_eng_reverse,translate_sp_eng+reverse
siete,neves,translate_sp_eng_reverse,translate_sp_eng+reverse
ocho,thgie,translate_sp_eng_reverse,translate_sp_eng+reverse
nueve,enin,translate_sp_eng_reverse,translate_sp_eng+reverse
diez,net,translate_sp_eng_reverse,translate_sp_eng+reverse
cien,derdnuh,translate_sp_eng_reverse,translate_sp_eng+reverse
mil,dnasuoht,translate_sp_eng_reverse,translate_sp_eng+reverse
hermano,rehtorb,translate_sp_eng_reverse,translate_sp_eng+reverse
hermana,retsis,translate_sp_eng_reverse,translate_sp_eng+reverse
padre,rehtaf,translate_sp_eng_reverse,translate_sp_eng+reverse
madre,rehtom,translate_sp_eng_reverse,translate_sp_eng+reverse
hijo,nos,translate_sp_eng_reverse,translate_sp_eng+reverse
hija,rethguad,translate_sp_eng_reverse,translate_sp_eng+reverse
esposo,dnabsuh,translate_sp_eng_reverse,translate_sp_eng+reverse
esposa,efiw,translate_sp_eng_reverse,translate_sp_eng+reverse
abuelo,rehtafdnarg,translate_sp_eng_reverse,translate_sp_eng+reverse
abuela,rehtomdnarg,translate_sp_eng_reverse,translate_sp_eng+reverse
tío,elcnu,translate_sp_eng_reverse,translate_sp_eng+reverse
tía,tnua,translate_sp_eng_reverse,translate_sp_eng+reverse
primo,nisuoc,translate_sp_eng_reverse,translate_sp_eng+reverse
rey,gnik,translate_sp_eng_reverse,translate_sp_eng+reverse
reina,neeuq,translate_sp_eng_reverse,translate_sp_eng+reverse
príncipe,ecnirp,translate_sp_eng_reverse,translate_sp_eng+reverse
princesa,ssecnirp,translate_sp_eng_reverse,translate_sp_eng+reverse
hombre,nam,translate_sp_eng_reverse,translate_sp_eng+reverse
mujer,namow,translate_sp_eng_reverse,translate_sp_eng+reverse
niña,lrig,translate_sp_eng_reverse,translate_sp_eng+reverse
bebé,ybab,translate_sp_eng_reverse,translate_sp_eng+reverse
médico,rotcod,translate_sp_eng_reverse,translate_sp_eng+reverse
enfermera,esrun,translate_sp_eng_reverse,translate_sp_eng+reverse
abogado,reywal,translate_sp_eng_reverse,translate_sp_eng+reverse
policía,ecilop,translate_sp_eng_reverse,translate_sp_eng+reverse
soldado,reidlos,translate_sp_eng_reverse,translate_sp_eng+reverse
granjero,remraf,translate_sp_eng_reverse,translate_sp_eng+reverse
trabajador,rekrow,translate_sp_eng_reverse,translate_sp_eng+reverse
artista,tsitra,translate_sp_eng_reverse,translate_sp_eng+reverse
músico,naicisum,translate_sp_eng_reverse,translate_sp_eng+reverse
cantante,regnis,translate_sp_eng_reverse,translate_sp_eng+reverse
hola,h,translate_sp_eng_first,translate_sp_eng+first_letter
adiós,g,translate_sp_eng_first,translate_sp_eng+first_letter
gracias,t,translate_sp_eng_first,translate_sp_eng+first_letter
por favor,p,translate_sp_eng_first,translate_sp_eng+first_letter
sí,y,translate_sp_eng_first,translate_sp_eng+first_letter
agua,w,translate_sp_eng_first,translate_sp_eng+first_letter
casa,h,translate_sp_eng_first,translate_sp_eng+first_letter
gato,c,translate_sp_eng_first,translate_sp_eng+first_letter
perro,d,translate_sp_eng_first,translate_sp_eng+first_letter
buenos días,g,translate_sp_eng_first,translate_sp_eng+first_letter
buenas tardes,g,translate_sp_eng_first,translate_sp_eng+first_letter
buenas noches,g,translate_sp_eng_first,translate_sp_eng+first_letter
cómo estás,h,translate_sp_eng_first,translate_sp_eng+first_letter
te quiero,I,translate_sp_eng_first,translate_sp_eng+first_letter
amigo,f,translate_sp_eng_first,translate_sp_eng+first_letter
familia,f,translate_sp_eng_first,translate_sp_eng+first_letter
comida,f,translate_sp_eng_first,translate_sp_eng+first_letter
libro,b,translate_sp_eng_first,translate_sp_eng+first_letter
coche,c,translate_sp_eng_first,translate_sp_eng+first_letter
árbol,t,translate_sp_eng_first,translate_sp_eng+first_letter
flor,f,translate_sp_eng_first,translate_sp_eng+first_letter
sol,s,translate_sp_eng_first,translate_sp_eng+first_letter
luna,m,translate_sp_eng_first,translate_sp_eng+first_letter
estrella,s,translate_sp_eng_first,translate_sp_eng+first_letter
pan,b,translate_sp_eng_first,translate_sp_eng+first_letter
queso,c,translate_sp_eng_first,translate_sp_eng+first_letter
vino,w,translate_sp_eng_first,translate_sp_eng+first_letter
té,t,translate_sp_eng_first,translate_sp_eng+first_letter
leche,m,translate_sp_eng_first,translate_sp_eng+first_letter
azúcar,s,translate_sp_eng_first,translate_sp_eng+first_letter
sal,s,translate_sp_eng_first,translate_sp_eng+first_letter
pimienta,p,translate_sp_eng_first,translate_sp_eng+first_letter
mesa,t,translate_sp_eng_first,translate_sp_eng+first_letter
silla,c,translate_sp_eng_first,translate_sp_eng+first_letter
puerta,d,translate_sp_eng_first,translate_sp_eng+first_letter
ventana,w,translate_sp_eng_first,translate_sp_eng+first_letter
calle,s,translate_sp_eng_first,translate_sp_eng+first_letter
ciudad,c,translate_sp_eng_first,translate_sp_eng+first_letter
país,c,translate_sp_eng_first,translate_sp_eng+first_letter
mundo,w,translate_sp_eng_first,translate_sp_eng+first_letter
tiempo,t,translate_sp_eng_first,translate_sp_eng+first_letter
día,d,translate_sp_eng_first,translate_sp_eng+first_letter
noche,n,translate_sp_eng_first,translate_sp_eng+first_letter
semana,w,translate_sp_eng_first,translate_sp_eng+first_letter
mes,m,translate_sp_eng_first,translate_sp_eng+first_letter
año,y,translate_sp_eng_first,translate_sp_eng+first_letter
hoy,t,translate_sp_eng_first,translate_sp_eng+first_letter
mañana,t,translate_sp_eng_first,translate_sp_eng+first_letter
ayer,y,translate_sp_eng_first,translate_sp_eng+first_letter
niño,c,translate_sp_eng_first,translate_sp_eng+first_letter
escuela,s,translate_sp_eng_first,translate_sp_eng+first_letter
estudiante,s,translate_sp_eng_first,translate_sp_eng+first_letter
profesor,t,translate_sp_eng_first,translate_sp_eng+first_letter
manzana,a,translate_sp_eng_first,translate_sp_eng+first_letter
naranja,o,translate_sp_eng_first,translate_sp_eng+first_letter
pez,f,translate_sp_eng_first,translate_sp_eng+first_letter
pájaro,b,translate_sp_eng_first,translate_sp_eng+first_letter
caballo,h,translate_sp_eng_first,translate_sp_eng+first_letter
carta,l,translate_sp_eng_first,translate_sp_eng+first_letter
palabra,w,translate_sp_eng_first,translate_sp_eng+first_letter
frase,s,translate_sp_eng_first,translate_sp_eng+first_letter
página,p,translate_sp_eng_first,translate_sp_eng+first_letter
música,m,translate_sp_eng_first,translate_sp_eng+first_letter
canción,s,translate_sp_eng_first,translate_sp_eng+first_letter
baile,d,translate_sp_eng_first,translate_sp_eng+first_letter
juego,g,translate_sp_eng_first,translate_sp_eng+first_letter
deporte,s,translate_sp_eng_first,translate_sp_eng+first_letter
pelota,b,translate_sp_eng_first,translate_sp_eng+first_letter
mano,h,translate_sp_eng_first,translate_sp_eng+first_letter
pie,f,translate_sp_eng_first,translate_sp_eng+first_letter
cabeza,h,translate_sp_eng_first,translate_sp_eng+first_letter
ojo,e,translate_sp_eng_first,translate_sp_eng+first_letter
oreja,e,translate_sp_eng_first,translate_sp_eng+first_letter
nariz,n,translate_sp_eng_first,translate_sp_eng+first_letter
boca,m,translate_sp_eng_first,translate_sp_eng+first_letter
corazón,h,translate_sp_eng_first,translate_sp_eng+first_letter
cerebro,b,translate_sp_eng_first,translate_sp_eng+first_letter
cuerpo,b,translate_sp_eng_first,translate_sp_eng+first_letter
rojo,r,translate_sp_eng_first,translate_sp_eng+first_letter
azul,b,translate_sp_eng_first,translate_sp_eng+first_letter
verde,g,translate_sp_eng_first,translate_sp_eng+first_letter
amarillo,y,translate_sp_eng_first,translate_sp_eng+first_letter
negro,b,translate_sp_eng_first,translate_sp_eng+first_letter
blanco,w,translate_sp_eng_first,translate_sp_eng+first_letter
morado,p,translate_sp_eng_first,translate_sp_eng+first_letter
rosa,p,translate_sp_eng_first,translate_sp_eng+first_letter
gris,g,translate_sp_eng_first,translate_sp_eng+first_letter
marrón,b,translate_sp_eng_first,translate_sp_eng+first_letter
grande,b,translate_sp_eng_first,translate_sp_eng+first_letter
pequeño,s,translate_sp_eng_first,translate_sp_eng+first_letter
caliente,h,translate_sp_eng_first,translate_sp_eng+first_letter
frío,c,translate_sp_eng_first,translate_sp_eng+first_letter
nuevo,n,translate_sp_eng_first,translate_sp_eng+first_letter
viejo,o,translate_sp_eng_first,translate_sp_eng+first_letter
bueno,g,translate_sp_eng_first,translate_sp_eng+first_letter
malo,b,translate_sp_eng_first,translate_sp_eng+first_letter
feliz,h,translate_sp_eng_first,translate_sp_eng+first_letter
triste,s,translate_sp_eng_first,translate_sp_eng+first_letter
rápido,f,translate_sp_eng_first,translate_sp_eng+first_letter
lento,s,translate_sp_eng_first,translate_sp_eng+first_letter
fuerte,s,translate_sp_eng_first,translate_sp_eng+first_letter
débil,w,translate_sp_eng_first,translate_sp_eng+first_letter
hermoso,b,translate_sp_eng_first,translate_sp_eng+first_letter
feo,u,translate_sp_eng_first,translate_sp_eng+first_letter
joven,y,translate_sp_eng_first,translate_sp_eng+first_letter
rico,r,translate_sp_eng_first,translate_sp_eng+first_letter
pobre,p,translate_sp_eng_first,translate_sp_eng+first_letter
limpio,c,translate_sp_eng_first,translate_sp_eng+first_letter
sucio,d,translate_sp_eng_first,translate_sp_eng+first_letter
fácil,e,translate_sp_eng_first,translate_sp_eng+first_letter
difícil,d,translate_sp_eng_first,translate_sp_eng+first_letter
largo,l,translate_sp_eng_first,translate_sp_eng+first_letter
corto,s,translate_sp_eng_first,translate_sp_eng+first_letter
alto,h,translate_sp_eng_first,translate_sp_eng+first_letter
bajo,l,translate_sp_eng_first,translate_sp_eng+first_letter
ancho,w,translate_sp_eng_first,translate_sp_eng+first_letter
estrecho,n,translate_sp_eng_first,translate_sp_eng+first_letter
pesado,h,translate_sp_eng_first,translate_sp_eng+first_letter
ligero,l,translate_sp_eng_first,translate_sp_eng+first_letter
lleno,f,translate_sp_eng_first,translate_sp_eng+first_letter
vacío,e,translate_sp_eng_first,translate_sp_eng+first_letter
derecho,r,translate_sp_eng_first,translate_sp_eng+first_letter
izquierdo,l,translate_sp_eng_first,translate_sp_eng+first_letter
arriba,u,translate_sp_eng_first,translate_sp_eng+first_letter
abajo,d,translate_sp_eng_first,translate_sp_eng+first_letter
dentro,i,translate_sp_eng_first,translate_sp_eng+first_letter
fuera,o,translate_sp_eng_first,translate_sp_eng+first_letter
frente,f,translate_sp_eng_first,translate_sp_eng+first_letter
atrás,b,translate_sp_eng_first,translate_sp_eng+first_letter
cerca,n,translate_sp_eng_first,translate_sp_eng+first_letter
lejos,f,translate_sp_eng_first,translate_sp_eng+first_letter
primero,f,translate_sp_eng_first,translate_sp_eng+first_letter
último,l,translate_sp_eng_first,translate_sp_eng+first_letter
abierto,o,translate_sp_eng_first,translate_sp_eng+first_letter
cerrado,c,translate_sp_eng_first,translate_sp_eng+first_letter
uno,o,translate_sp_eng_first,translate_sp_eng+first_letter
dos,t,translate_sp_eng_first,translate_sp_eng+first_letter
tres,t,translate_sp_eng_first,translate_sp_eng+first_letter
cuatro,f,translate_sp_eng_first,translate_sp_eng+first_letter
cinco,f,translate_sp_eng_first,translate_sp_eng+first_letter
seis,s,translate_sp_eng_first,translate_sp_eng+first_letter
siete,s,translate_sp_eng_first,translate_sp_eng+first_letter
ocho,e,translate_sp_eng_first,translate_sp_eng+first_letter
nueve,n,translate_sp_eng_first,translate_sp_eng+first_letter
diez,t,translate_sp_eng_first,translate_sp_eng+first_letter
cien,h,translate_sp_eng_first,translate_sp_eng+first_letter
mil,t,translate_sp_eng_first,translate_sp_eng+first_letter
hermano,b,translate_sp_eng_first,translate_sp_eng+first_letter
hermana,s,translate_sp_eng_first,translate_sp_eng+first_letter
padre,f,translate_sp_eng_first,translate_sp_eng+first_letter
madre,m,translate_sp_eng_first,translate_sp_eng+first_letter
hijo,s,translate_sp_eng_first,translate_sp_eng+first_letter
hija,d,translate_sp_eng_first,translate_sp_eng+first_letter
esposo,h,translate_sp_eng_first,translate_sp_eng+first_letter
esposa,w,translate_sp_eng_first,translate_sp_eng+first_letter
abuelo,g,translate_sp_eng_first,translate_sp_eng+first_letter
abuela,g,translate_sp_eng_first,translate_sp_eng+first_letter
tío,u,translate_sp_eng_first,translate_sp_eng+first_letter
tía,a,translate_sp_eng_first,translate_sp_eng+first_letter
primo,c,translate_sp_eng_first,translate_sp_eng+first_letter
rey,k,translate_sp_eng_first,translate_sp_eng+first_letter
reina,q,translate_sp_eng_first,translate_sp_eng+first_letter
príncipe,p,translate_sp_eng_first,translate_sp_eng+first_letter
princesa,p,translate_sp_eng_first,translate_sp_eng+first_letter
hombre,m,translate_sp_eng_first,translate_sp_eng+first_letter
mujer,w,translate_sp_eng_first,translate_sp_eng+first_letter
niña,g,translate_sp_eng_first,translate_sp_eng+first_letter
bebé,b,translate_sp_eng_first,translate_sp_eng+first_letter
médico,d,translate_sp_eng_first,translate_sp_eng+first_letter
enfermera,n,translate_sp_eng_first,translate_sp_eng+first_letter
abogado,l,translate_sp_eng_first,translate_sp_eng+first_letter
policía,p,translate_sp_eng_first,translate_sp_eng+first_letter
soldado,s,translate_sp_eng_first,translate_sp_eng+first_letter
granjero,f,translate_sp_eng_first,translate_sp_eng+first_letter
trabajador,w,translate_sp_eng_first,translate_sp_eng+first_letter
artista,a,translate_sp_eng_first,translate_sp_eng+first_letter
músico,m,translate_sp_eng_first,translate_sp_eng+first_letter
cantante,s,translate_sp_eng_first,translate_sp_eng+first_letter
hola,o,translate_sp_eng_last,translate_sp_eng+last_letter
adiós,e,translate_sp_eng_last,translate_sp_eng+last_letter
gracias,u,translate_sp_eng_last,translate_sp_eng+last_letter
por favor,e,translate_sp_eng_last,translate_sp_eng+last_letter
sí,s,translate_sp_eng_last,translate_sp_eng+last_letter
agua,r,translate_sp_eng_last,translate_sp_eng+last_letter
casa,e,translate_sp_eng_last,translate_sp_eng+last_letter
gato,t,translate_sp_eng_last,translate_sp_eng+last_letter
perro,g,translate_sp_eng_last,translate_sp_eng+last_letter
buenos días,g,translate_sp_eng_last,translate_sp_eng+last_letter
buenas tardes,g,translate_sp_eng_last,translate_sp_eng+last_letter
buenas noches,t,translate_sp_eng_last,translate_sp_eng+last_letter
cómo estás,u,translate_sp_eng_last,translate_sp_eng+last_letter
te quiero,u,translate_sp_eng_last,translate_sp_eng+last_letter
amigo,d,translate_sp_eng_last,translate_sp_eng+last_letter
familia,y,translate_sp_eng_last,translate_sp_eng+last_letter
comida,d,translate_sp_eng_last,translate_sp_eng+last_letter
libro,k,translate_sp_eng_last,translate_sp_eng+last_letter
coche,r,translate_sp_eng_last,translate_sp_eng+last_letter
árbol,e,translate_sp_eng_last,translate_sp_eng+last_letter
flor,r,translate_sp_eng_last,translate_sp_eng+last_letter
sol,n,translate_sp_eng_last,translate_sp_eng+last_letter
luna,n,translate_sp_eng_last,translate_sp_eng+last_letter
estrella,r,translate_sp_eng_last,translate_sp_eng+last_letter
pan,d,translate_sp_eng_last,translate_sp_eng+last_letter
queso,e,translate_sp_eng_last,translate_sp_eng+last_letter
vino,e,translate_sp_eng_last,translate_sp_eng+last_letter
té,a,translate_sp_eng_last,translate_sp_eng+last_letter
leche,k,translate_sp_eng_last,translate_sp_eng+last_letter
azúcar,r,translate_sp_eng_last,translate_sp_eng+last_letter
sal,t,translate_sp_eng_last,translate_sp_eng+last_letter
pimienta,r,translate_sp_eng_last,translate_sp_eng+last_letter
mesa,e,translate_sp_eng_last,translate_sp_eng+last_letter
silla,r,translate_sp_eng_last,translate_sp_eng+last_letter
puerta,r,translate_sp_eng_last,translate_sp_eng+last_letter
ventana,w,translate_sp_eng_last,translate_sp_eng+last_letter
calle,t,translate_sp_eng_last,translate_sp_eng+last_letter
ciudad,y,translate_sp_eng_last,translate_sp_eng+last_letter
país,y,translate_sp_eng_last,translate_sp_eng+last_letter
mundo,d,translate_sp_eng_last,translate_sp_eng+last_letter
tiempo,e,translate_sp_eng_last,translate_sp_eng+last_letter
día,y,translate_sp_eng_last,translate_sp_eng+last_letter
noche,t,translate_sp_eng_last,translate_sp_eng+last_letter
semana,k,translate_sp_eng_last,translate_sp_eng+last_letter
mes,h,translate_sp_eng_last,translate_sp_eng+last_letter
año,r,translate_sp_eng_last,translate_sp_eng+last_letter
hoy,y,translate_sp_eng_last,translate_sp_eng+last_letter
mañana,w,translate_sp_eng_last,translate_sp_eng+last_letter
ayer,y,translate_sp_eng_last,translate_sp_eng+last_letter
niño,d,translate_sp_eng_last,translate_sp_eng+last_letter
escuela,l,translate_sp_eng_last,translate_sp_eng+last_letter
estudiante,t,translate_sp_eng_last,translate_sp_eng+last_letter
profesor,r,translate_sp_eng_last,translate_sp_eng+last_letter
manzana,e,translate_sp_eng_last,translate_sp_eng+last_letter
naranja,e,translate_sp_eng_last,translate_sp_eng+last_letter
pez,h,translate_sp_eng_last,translate_sp_eng+last_letter
pájaro,d,translate_sp_eng_last,translate_sp_eng+last_letter
caballo,e,translate_sp_eng_last,translate_sp_eng+last_letter
carta,r,translate_sp_eng_last,translate_sp_eng+last_letter
palabra,d,translate_sp_eng_last,translate_sp_eng+last_letter
frase,e,translate_sp_eng_last,translate_sp_eng+last_letter
página,e,translate_sp_eng_last,translate_sp_eng+last_letter
música,c,translate_sp_eng_last,translate_sp_eng+last_letter
canción,g,translate_sp_eng_last,translate_sp_eng+last_letter
baile,e,translate_sp_eng_last,translate_sp_eng+last_letter
juego,e,translate_sp_eng_last,translate_sp_eng+last_letter
deporte,t,translate_sp_eng_last,translate_sp_eng+last_letter
pelota,l,translate_sp_eng_last,translate_sp_eng+last_letter
mano,d,translate_sp_eng_last,translate_sp_eng+last_letter
pie,t,translate_sp_eng_last,translate_sp_eng+last_letter
cabeza,d,translate_sp_eng_last,translate_sp_eng+last_letter
ojo,e,translate_sp_eng_last,translate_sp_eng+last_letter
oreja,r,translate_sp_eng_last,translate_sp_eng+last_letter
nariz,e,translate_sp_eng_last,translate_sp_eng+last_letter
boca,h,translate_sp_eng_last,translate_sp_eng+last_letter
corazón,t,translate_sp_eng_last,translate_sp_eng+last_letter
cerebro,n,translate_sp_eng_last,translate_sp_eng+last_letter
cuerpo,y,translate_sp_eng_last,translate_sp_eng+last_letter
rojo,d,translate_sp_eng_last,translate_sp_eng+last_letter
azul,e,translate_sp_eng_last,translate_sp_eng+last_letter
verde,n,translate_sp_eng_last,translate_sp_eng+last_letter
amarillo,w,translate_sp_eng_last,translate_sp_eng+last_letter
negro,k,translate_sp_eng_last,translate_sp_eng+last_letter
blanco,e,translate_sp_eng_last,translate_sp_eng+last_letter
morado,e,translate_sp_eng_last,translate_sp_eng+last_letter
rosa,k,translate_sp_eng_last,translate_sp_eng+last_letter
gris,y,translate_sp_eng_last,translate_sp_eng+last_letter
marrón,n,translate_sp_eng_last,translate_sp_eng+last_letter
grande,g,translate_sp_eng_last,translate_sp_eng+last_letter
pequeño,l,translate_sp_eng_last,translate_sp_eng+last_letter
caliente,t,translate_sp_eng_last,translate_sp_eng+last_letter
frío,d,translate_sp_eng_last,translate_sp_eng+last_letter
nuevo,w,translate_sp_eng_last,translate_sp_eng+last_letter
viejo,d,translate_sp_eng_last,translate_sp_eng+last_letter
bueno,d,translate_sp_eng_last,translate_sp_eng+last_letter
malo,d,translate_sp_eng_last,translate_sp_eng+last_letter
feliz,y,translate_sp_eng_last,translate_sp_eng+last_letter
triste,d,translate_sp_eng_last,translate_sp_eng+last_letter
rápido,t,translate_sp_eng_last,translate_sp_eng+last_letter
lento,w,translate_sp_eng_last,translate_sp_eng+last_letter
fuerte,g,translate_sp_eng_last,translate_sp_eng+last_letter
débil,k,translate_sp_eng_last,translate_sp_eng+last_letter
hermoso,l,translate_sp_eng_last,translate_sp_eng+last_letter
feo,y,translate_sp_eng_last,translate_sp_eng+last_letter
joven,g,translate_sp_eng_last,translate_sp_eng+last_letter
rico,h,translate_sp_eng_last,translate_sp_eng+last_letter
pobre,r,translate_sp_eng_last,translate_sp_eng+last_letter
limpio,n,translate_sp_eng_last,translate_sp_eng+last_letter
sucio,y,translate_sp_eng_last,translate_sp_eng+last_letter
fácil,y,translate_sp_eng_last,translate_sp_eng+last_letter
difícil,t,translate_sp_eng_last,translate_sp_eng+last_letter
largo,g,translate_sp_eng_last,translate_sp_eng+last_letter
corto,t,translate_sp_eng_last,translate_sp_eng+last_letter
alto,h,translate_sp_eng_last,translate_sp_eng+last_letter
bajo,w,translate_sp_eng_last,translate_sp_eng+last_letter
ancho,e,translate_sp_eng_last,translate_sp_eng+last_letter
estrecho,w,translate_sp_eng_last,translate_sp_eng+last_letter
pesado,y,translate_sp_eng_last,translate_sp_eng+last_letter
ligero,t,translate_sp_eng_last,translate_sp_eng+last_letter
lleno,l,translate_sp_eng_last,translate_sp_eng+last_letter
vacío,y,translate_sp_eng_last,translate_sp_eng+last_letter
derecho,t,translate_sp_eng_last,translate_sp_eng+last_letter
izquierdo,t,translate_sp_eng_last,translate_sp_eng+last_letter
arriba,p,translate_sp_eng_last,translate_sp_eng+last_letter
abajo,n,translate_sp_eng_last,translate_sp_eng+last_letter
dentro,e,translate_sp_eng_last,translate_sp_eng+last_letter
fuera,e,translate_sp_eng_last,translate_sp_eng+last_letter
frente,t,translate_sp_eng_last,translate_sp_eng+last_letter
atrás,k,translate_sp_eng_last,translate_sp_eng+last_letter
cerca,r,translate_sp_eng_last,translate_sp_eng+last_letter
lejos,r,translate_sp_eng_last,translate_sp_eng+last_letter
primero,t,translate_sp_eng_last,translate_sp_eng+last_letter
último,t,translate_sp_eng_last,translate_sp_eng+last_letter
abierto,n,translate_sp_eng_last,translate_sp_eng+last_letter
cerrado,d,translate_sp_eng_last,translate_sp_eng+last_letter
uno,e,translate_sp_eng_last,translate_sp_eng+last_letter
dos,o,translate_sp_eng_last,translate_sp_eng+last_letter
tres,e,translate_sp_eng_last,translate_sp_eng+last_letter
cuatro,r,translate_sp_eng_last,translate_sp_eng+last_letter
cinco,e,translate_sp_eng_last,translate_sp_eng+last_letter
seis,x,translate_sp_eng_last,translate_sp_eng+last_letter
siete,n,translate_sp_eng_last,translate_sp_eng+last_letter
ocho,t,translate_sp_eng_last,translate_sp_eng+last_letter
nueve,e,translate_sp_eng_last,translate_sp_eng+last_letter
diez,n,translate_sp_eng_last,translate_sp_eng+last_letter
cien,d,translate_sp_eng_last,translate_sp_eng+last_letter
mil,d,translate_sp_eng_last,translate_sp_eng+last_letter
hermano,r,translate_sp_eng_last,translate_sp_eng+last_letter
hermana,r,translate_sp_eng_last,translate_sp_eng+last_letter
padre,r,translate_sp_eng_last,translate_sp_eng+last_letter
madre,r,translate_sp_eng_last,translate_sp_eng+last_letter
hijo,n,translate_sp_eng_last,translate_sp_eng+last_letter
hija,r,translate_sp_eng_last,translate_sp_eng+last_letter
esposo,d,translate_sp_eng_last,translate_sp_eng+last_letter
esposa,e,translate_sp_eng_last,translate_sp_eng+last_letter
abuelo,r,translate_sp_eng_last,translate_sp_eng+last_letter
abuela,r,translate_sp_eng_last,translate_sp_eng+last_letter
tío,e,translate_sp_eng_last,translate_sp_eng+last_letter
tía,t,translate_sp_eng_last,translate_sp_eng+last_letter
primo,n,translate_sp_eng_last,translate_sp_eng+last_letter
rey,g,translate_sp_eng_last,translate_sp_eng+last_letter
reina,n,translate_sp_eng_last,translate_sp_eng+last_letter
príncipe,e,translate_sp_eng_last,translate_sp_eng+last_letter
princesa,s,translate_sp_eng_last,translate_sp_eng+last_letter
hombre,n,translate_sp_eng_last,translate_sp_eng+last_letter
mujer,n,translate_sp_eng_last,translate_sp_eng+last_letter
niña,l,translate_sp_eng_last,translate_sp_eng+last_letter
bebé,y,translate_sp_eng_last,translate_sp_eng+last_letter
médico,r,translate_sp_eng_last,translate_sp_eng+last_letter
enfermera,e,translate_sp_eng_last,translate_sp_eng+last_letter
abogado,r,translate_sp_eng_last,translate_sp_eng+last_letter
policía,e,translate_sp_eng_last,translate_sp_eng+last_letter
soldado,r,translate_sp_eng_last,translate_sp_eng+last_letter
granjero,r,translate_sp_eng_last,translate_sp_eng+last_letter
trabajador,r,translate_sp_eng_last,translate_sp_eng+last_letter
artista,t,translate_sp_eng_last,translate_sp_eng+last_letter
músico,n,translate_sp_eng_last,translate_sp_eng+last_letter
cantante,r,translate_sp_eng_last,translate_sp_eng+last_letter
run,RUNNING,gerund_upper,present_to_gerund+uppercase
swim,SWIMMING,gerund_upper,present_to_gerund+uppercase
walk,WALKING,gerund_upper,present_to_gerund+uppercase
jump,JUMPING,gerund_upper,present_to_gerund+uppercase
dance,DANCING,gerund_upper,present_to_gerund+uppercase
sing,SINGING,gerund_upper,present_to_gerund+uppercase
read,READING,gerund_upper,present_to_gerund+uppercase
write,WRITING,gerund_upper,present_to_gerund+uppercase
sleep,SLEEPING,gerund_upper,present_to_gerund+uppercase
eat,EATING,gerund_upper,present_to_gerund+uppercase
drink,DRINKING,gerund_upper,present_to_gerund+uppercase
talk,TALKING,gerund_upper,present_to_gerund+uppercase
listen,LISTENING,gerund_upper,present_to_gerund+uppercase
think,THINKING,gerund_upper,present_to_gerund+uppercase
work,WORKING,gerund_upper,present_to_gerund+uppercase
play,PLAYING,gerund_upper,present_to_gerund+uppercase
study,STUDYING,gerund_upper,present_to_gerund+uppercase
learn,LEARNING,gerund_upper,present_to_gerund+uppercase
teach,TEACHING,gerund_upper,present_to_gerund+uppercase
build,BUILDING,gerund_upper,present_to_gerund+uppercase
create,CREATING,gerund_upper,present_to_gerund+uppercase
paint,PAINTING,gerund_upper,present_to_gerund+uppercase
draw,DRAWING,gerund_upper,present_to_gerund+uppercase
cook,COOKING,gerund_upper,present_to_gerund+uppercase
bake,BAKING,gerund_upper,present_to_gerund+uppercase
clean,CLEANING,gerund_upper,present_to_gerund+uppercase
wash,WASHING,gerund_upper,present_to_gerund+uppercase
drive,DRIVING,gerund_upper,present_to_gerund+uppercase
fly,FLYING,gerund_upper,present_to_gerund+uppercase
sail,SAILING,gerund_upper,present_to_gerund+uppercase
climb,CLIMBING,gerund_upper,present_to_gerund+uppercase
hike,HIKING,gerund_upper,present_to_gerund+uppercase
bike,BIKING,gerund_upper,present_to_gerund+uppercase
ski,SKIING,gerund_upper,present_to_gerund+uppercase
skate,SKATING,gerund_upper,present_to_gerund+uppercase
fish,FISHING,gerund_upper,present_to_gerund+uppercase
hunt,HUNTING,gerund_upper,present_to_gerund+uppercase
camp,CAMPING,gerund_upper,present_to_gerund+uppercase
travel,TRAVELING,gerund_upper,present_to_gerund+uppercase
explore,EXPLORING,gerund_upper,present_to_gerund+uppercase
laugh,LAUGHING,gerund_upper,present_to_gerund+uppercase
smile,SMILING,gerund_upper,present_to_gerund+uppercase
cry,CRYING,gerund_upper,present_to_gerund+uppercase
shout,SHOUTING,gerund_upper,present_to_gerund+uppercase
whisper,WHISPERING,gerund_upper,present_to_gerund+uppercase
love,LOVING,gerund_upper,present_to_gerund+uppercase
hate,HATING,gerund_upper,present_to_gerund+uppercase
help,HELPING,gerund_upper,present_to_gerund+uppercase
share,SHARING,gerund_upper,present_to_gerund+uppercase
care,CARING,gerund_upper,present_to_gerund+uppercase
meet,MEETING,gerund_upper,present_to_gerund+uppercase
see,SEEING,gerund_upper,present_to_gerund+uppercase
hear,HEARING,gerund_upper,present_to_gerund+uppercase
feel,FEELING,gerund_upper,present_to_gerund+uppercase
smell,SMELLING,gerund_upper,present_to_gerund+uppercase
taste,TASTING,gerund_upper,present_to_gerund+uppercase
touch,TOUCHING,gerund_upper,present_to_gerund+uppercase
hold,HOLDING,gerund_upper,present_to_gerund+uppercase
carry,CARRYING,gerund_upper,present_to_gerund+uppercase
throw,THROWING,gerund_upper,present_to_gerund+uppercase
catch,CATCHING,gerund_upper,present_to_gerund+uppercase
push,PUSHING,gerund_upper,present_to_gerund+uppercase
pull,PULLING,gerund_upper,present_to_gerund+uppercase
open,OPENING,gerund_upper,present_to_gerund+uppercase
close,CLOSING,gerund_upper,present_to_gerund+uppercase
start,STARTING,gerund_upper,present_to_gerund+uppercase
stop,STOPPING,gerund_upper,present_to_gerund+uppercase
begin,BEGINNING,gerund_upper,present_to_gerund+uppercase
end,ENDING,gerund_upper,present_to_gerund+uppercase
finish,FINISHING,gerund_upper,present_to_gerund+uppercase
stand,STANDING,gerund_upper,present_to_gerund+uppercase
sit,SITTING,gerund_upper,present_to_gerund+uppercase
lie,LYING,gerund_upper,present_to_gerund+uppercase
kneel,KNEELING,gerund_upper,present_to_gerund+uppercase
bend,BENDING,gerund_upper,present_to_gerund+uppercase
stretch,STRETCHING,gerund_upper,present_to_gerund+uppercase
relax,RELAXING,gerund_upper,present_to_gerund+uppercase
rest,RESTING,gerund_upper,present_to_gerund+uppercase
wait,WAITING,gerund_upper,present_to_gerund+uppercase
move,MOVING,gerund_upper,present_to_gerund+uppercase
live,LIVING,gerund_upper,present_to_gerund+uppercase
give,GIVING,gerund_upper,present_to_gerund+uppercase
take,TAKING,gerund_upper,present_to_gerund+uppercase
make,MAKING,gerund_upper,present_to_gerund+uppercase
come,COMING,gerund_upper,present_to_gerund+uppercase
leave,LEAVING,gerund_upper,present_to_gerund+uppercase
arrive,ARRIVING,gerund_upper,present_to_gerund+uppercase
believe,BELIEVING,gerund_upper,present_to_gerund+uppercase
achieve,ACHIEVING,gerund_upper,present_to_gerund+uppercase
receive,RECEIVING,gerund_upper,present_to_gerund+uppercase
decide,DECIDING,gerund_upper,present_to_gerund+uppercase
hope,HOPING,gerund_upper,present_to_gerund+uppercase
change,CHANGING,gerund_upper,present_to_gerund+uppercase
manage,MANAGING,gerund_upper,present_to_gerund+uppercase
improve,IMPROVING,gerund_upper,present_to_gerund+uppercase
practice,PRACTICING,gerund_upper,present_to_gerund+uppercase
notice,NOTICING,gerund_upper,present_to_gerund+uppercase
realize,REALIZING,gerund_upper,present_to_gerund+uppercase
organize,ORGANIZING,gerund_upper,present_to_gerund+uppercase
recognize,RECOGNIZING,gerund_upper,present_to_gerund+uppercase
apologize,APOLOGIZING,gerund_upper,present_to_gerund+uppercase
criticize,CRITICIZING,gerund_upper,present_to_gerund+uppercase
advertise,ADVERTISING,gerund_upper,present_to_gerund+uppercase
exercise,EXERCISING,gerund_upper,present_to_gerund+uppercase
surprise,SURPRISING,gerund_upper,present_to_gerund+uppercase
promise,PROMISING,gerund_upper,present_to_gerund+uppercase
imagine,IMAGINING,gerund_upper,present_to_gerund+uppercase
examine,EXAMINING,gerund_upper,present_to_gerund+uppercase
determine,DETERMINING,gerund_upper,present_to_gerund+uppercase
continue,CONTINUING,gerund_upper,present_to_gerund+uppercase
argue,ARGUING,gerund_upper,present_to_gerund+uppercase
issue,ISSUING,gerund_upper,present_to_gerund+uppercase
rescue,RESCUING,gerund_upper,present_to_gerund+uppercase
pursue,PURSUING,gerund_upper,present_to_gerund+uppercase
value,VALUING,gerund_upper,present_to_gerund+uppercase
invite,INVITING,gerund_upper,present_to_gerund+uppercase
excite,EXCITING,gerund_upper,present_to_gerund+uppercase
unite,UNITING,gerund_upper,present_to_gerund+uppercase
compete,COMPETING,gerund_upper,present_to_gerund+uppercase
complete,COMPLETING,gerund_upper,present_to_gerund+uppercase
delete,DELETING,gerund_upper,present_to_gerund+uppercase
greet,GREETING,gerund_upper,present_to_gerund+uppercase
repeat,REPEATING,gerund_upper,present_to_gerund+uppercase
defeat,DEFEATING,gerund_upper,present_to_gerund+uppercase
treat,TREATING,gerund_upper,present_to_gerund+uppercase
relate,RELATING,gerund_upper,present_to_gerund+uppercase
celebrate,CELEBRATING,gerund_upper,present_to_gerund+uppercase
demonstrate,DEMONSTRATING,gerund_upper,present_to_gerund+uppercase
hesitate,HESITATING,gerund_upper,present_to_gerund+uppercase
appreciate,APPRECIATING,gerund_upper,present_to_gerund+uppercase
communicate,COMMUNICATING,gerund_upper,present_to_gerund+uppercase
educate,EDUCATING,gerund_upper,present_to_gerund+uppercase
investigate,INVESTIGATING,gerund_upper,present_to_gerund+uppercase
concentrate,CONCENTRATING,gerund_upper,present_to_gerund+uppercase
cooperate,COOPERATING,gerund_upper,present_to_gerund+uppercase
decorate,DECORATING,gerund_upper,present_to_gerund+uppercase
operate,OPERATING,gerund_upper,present_to_gerund+uppercase
separate,SEPARATING,gerund_upper,present_to_gerund+uppercase
participate,PARTICIPATING,gerund_upper,present_to_gerund+uppercase
navigate,NAVIGATING,gerund_upper,present_to_gerund+uppercase
motivate,MOTIVATING,gerund_upper,present_to_gerund+uppercase
activate,ACTIVATING,gerund_upper,present_to_gerund+uppercase
illustrate,ILLUSTRATING,gerund_upper,present_to_gerund+uppercase
calculate,CALCULATING,gerund_upper,present_to_gerund+uppercase
translate,TRANSLATING,gerund_upper,present_to_gerund+uppercase
accelerate,ACCELERATING,gerund_upper,present_to_gerund+uppercase
dominate,DOMINATING,gerund_upper,present_to_gerund+uppercase
eliminate,ELIMINATING,gerund_upper,present_to_gerund+uppercase
fascinate,FASCINATING,gerund_upper,present_to_gerund+uppercase
generate,GENERATING,gerund_upper,present_to_gerund+uppercase
imitate,IMITATING,gerund_upper,present_to_gerund+uppercase
irritate,IRRITATING,gerund_upper,present_to_gerund+uppercase
meditate,MEDITATING,gerund_upper,present_to_gerund+uppercase
negotiate,NEGOTIATING,gerund_upper,present_to_gerund+uppercase
penetrate,PENETRATING,gerund_upper,present_to_gerund+uppercase
radiate,RADIATING,gerund_upper,present_to_gerund+uppercase
rotate,ROTATING,gerund_upper,present_to_gerund+uppercase
stimulate,STIMULATING,gerund_upper,present_to_gerund+uppercase
tolerate,TOLERATING,gerund_upper,present_to_gerund+uppercase
validate,VALIDATING,gerund_upper,present_to_gerund+uppercase
vibrate,VIBRATING,gerund_upper,present_to_gerund+uppercase
anticipate,ANTICIPATING,gerund_upper,present_to_gerund+uppercase
contemplate,CONTEMPLATING,gerund_upper,present_to_gerund+uppercase
coordinate,COORDINATING,gerund_upper,present_to_gerund+uppercase
cultivate,CULTIVATING,gerund_upper,present_to_gerund+uppercase
dedicate,DEDICATING,gerund_upper,present_to_gerund+uppercase
designate,DESIGNATING,gerund_upper,present_to_gerund+uppercase
deviate,DEVIATING,gerund_upper,present_to_gerund+uppercase
escalate,ESCALATING,gerund_upper,present_to_gerund+uppercase
evaluate,EVALUATING,gerund_upper,present_to_gerund+uppercase
evaporate,EVAPORATING,gerund_upper,present_to_gerund+uppercase
exaggerate,EXAGGERATING,gerund_upper,present_to_gerund+uppercase
hibernate,HIBERNATING,gerund_upper,present_to_gerund+uppercase
incorporate,INCORPORATING,gerund_upper,present_to_gerund+uppercase
innovate,INNOVATING,gerund_upper,present_to_gerund+uppercase
integrate,INTEGRATING,gerund_upper,present_to_gerund+uppercase
initiate,INITIATING,gerund_upper,present_to_gerund+uppercase
terminate,TERMINATING,gerund_upper,present_to_gerund+uppercase
run,running,gerund_lower,present_to_gerund+lowercase
swim,swimming,gerund_lower,present_to_gerund+lowercase
walk,walking,gerund_lower,present_to_gerund+lowercase
jump,jumping,gerund_lower,present_to_gerund+lowercase
dance,dancing,gerund_lower,present_to_gerund+lowercase
sing,singing,gerund_lower,present_to_gerund+lowercase
read,reading,gerund_lower,present_to_gerund+lowercase
write,writing,gerund_lower,present_to_gerund+lowercase
sleep,sleeping,gerund_lower,present_to_gerund+lowercase
eat,eating,gerund_lower,present_to_gerund+lowercase
drink,drinking,gerund_lower,present_to_gerund+lowercase
talk,talking,gerund_lower,present_to_gerund+lowercase
listen,listening,gerund_lower,present_to_gerund+lowercase
think,thinking,gerund_lower,present_to_gerund+lowercase
work,working,gerund_lower,present_to_gerund+lowercase
play,playing,gerund_lower,present_to_gerund+lowercase
study,studying,gerund_lower,present_to_gerund+lowercase
learn,learning,gerund_lower,present_to_gerund+lowercase
teach,teaching,gerund_lower,present_to_gerund+lowercase
build,building,gerund_lower,present_to_gerund+lowercase
create,creating,gerund_lower,present_to_gerund+lowercase
paint,painting,gerund_lower,present_to_gerund+lowercase
draw,drawing,gerund_lower,present_to_gerund+lowercase
cook,cooking,gerund_lower,present_to_gerund+lowercase
bake,baking,gerund_lower,present_to_gerund+lowercase
clean,cleaning,gerund_lower,present_to_gerund+lowercase
wash,washing,gerund_lower,present_to_gerund+lowercase
drive,driving,gerund_lower,present_to_gerund+lowercase
fly,flying,gerund_lower,present_to_gerund+lowercase
sail,sailing,gerund_lower,present_to_gerund+lowercase
climb,climbing,gerund_lower,present_to_gerund+lowercase
hike,hiking,gerund_lower,present_to_gerund+lowercase
bike,biking,gerund_lower,present_to_gerund+lowercase
ski,skiing,gerund_lower,present_to_gerund+lowercase
skate,skating,gerund_lower,present_to_gerund+lowercase
fish,fishing,gerund_lower,present_to_gerund+lowercase
hunt,hunting,gerund_lower,present_to_gerund+lowercase
camp,camping,gerund_lower,present_to_gerund+lowercase
travel,traveling,gerund_lower,present_to_gerund+lowercase
explore,exploring,gerund_lower,present_to_gerund+lowercase
laugh,laughing,gerund_lower,present_to_gerund+lowercase
smile,smiling,gerund_lower,present_to_gerund+lowercase
cry,crying,gerund_lower,present_to_gerund+lowercase
shout,shouting,gerund_lower,present_to_gerund+lowercase
whisper,whispering,gerund_lower,present_to_gerund+lowercase
love,loving,gerund_lower,present_to_gerund+lowercase
hate,hating,gerund_lower,present_to_gerund+lowercase
help,helping,gerund_lower,present_to_gerund+lowercase
share,sharing,gerund_lower,present_to_gerund+lowercase
care,caring,gerund_lower,present_to_gerund+lowercase
meet,meeting,gerund_lower,present_to_gerund+lowercase
see,seeing,gerund_lower,present_to_gerund+lowercase
hear,hearing,gerund_lower,present_to_gerund+lowercase
feel,feeling,gerund_lower,present_to_gerund+lowercase
smell,smelling,gerund_lower,present_to_gerund+lowercase
taste,tasting,gerund_lower,present_to_gerund+lowercase
touch,touching,gerund_lower,present_to_gerund+lowercase
hold,holding,gerund_lower,present_to_gerund+lowercase
carry,carrying,gerund_lower,present_to_gerund+lowercase
throw,throwing,gerund_lower,present_to_gerund+lowercase
catch,catching,gerund_lower,present_to_gerund+lowercase
push,pushing,gerund_lower,present_to_gerund+lowercase
pull,pulling,gerund_lower,present_to_gerund+lowercase
open,opening,gerund_lower,present_to_gerund+lowercase
close,closing,gerund_lower,present_to_gerund+lowercase
start,starting,gerund_lower,present_to_gerund+lowercase
stop,stopping,gerund_lower,present_to_gerund+lowercase
begin,beginning,gerund_lower,present_to_gerund+lowercase
end,ending,gerund_lower,present_to_gerund+lowercase
finish,finishing,gerund_lower,present_to_gerund+lowercase
stand,standing,gerund_lower,present_to_gerund+lowercase
sit,sitting,gerund_lower,present_to_gerund+lowercase
lie,lying,gerund_lower,present_to_gerund+lowercase
kneel,kneeling,gerund_lower,present_to_gerund+lowercase
bend,bending,gerund_lower,present_to_gerund+lowercase
stretch,stretching,gerund_lower,present_to_gerund+lowercase
relax,relaxing,gerund_lower,present_to_gerund+lowercase
rest,resting,gerund_lower,present_to_gerund+lowercase
wait,waiting,gerund_lower,present_to_gerund+lowercase
move,moving,gerund_lower,present_to_gerund+lowercase
live,living,gerund_lower,present_to_gerund+lowercase
give,giving,gerund_lower,present_to_gerund+lowercase
take,taking,gerund_lower,present_to_gerund+lowercase
make,making,gerund_lower,present_to_gerund+lowercase
come,coming,gerund_lower,present_to_gerund+lowercase
leave,leaving,gerund_lower,present_to_gerund+lowercase
arrive,arriving,gerund_lower,present_to_gerund+lowercase
believe,believing,gerund_lower,present_to_gerund+lowercase
achieve,achieving,gerund_lower,present_to_gerund+lowercase
receive,receiving,gerund_lower,present_to_gerund+lowercase
decide,deciding,gerund_lower,present_to_gerund+lowercase
hope,hoping,gerund_lower,present_to_gerund+lowercase
change,changing,gerund_lower,present_to_gerund+lowercase
manage,managing,gerund_lower,present_to_gerund+lowercase
improve,improving,gerund_lower,present_to_gerund+lowercase
practice,practicing,gerund_lower,present_to_gerund+lowercase
notice,noticing,gerund_lower,present_to_gerund+lowercase
realize,realizing,gerund_lower,present_to_gerund+lowercase
organize,organizing,gerund_lower,present_to_gerund+lowercase
recognize,recognizing,gerund_lower,present_to_gerund+lowercase
apologize,apologizing,gerund_lower,present_to_gerund+lowercase
criticize,criticizing,gerund_lower,present_to_gerund+lowercase
advertise,advertising,gerund_lower,present_to_gerund+lowercase
exercise,exercising,gerund_lower,present_to_gerund+lowercase
surprise,surprising,gerund_lower,present_to_gerund+lowercase
promise,promising,gerund_lower,present_to_gerund+lowercase
imagine,imagining,gerund_lower,present_to_gerund+lowercase
examine,examining,gerund_lower,present_to_gerund+lowercase
determine,determining,gerund_lower,present_to_gerund+lowercase
continue,continuing,gerund_lower,present_to_gerund+lowercase
argue,arguing,gerund_lower,present_to_gerund+lowercase
issue,issuing,gerund_lower,present_to_gerund+lowercase
rescue,rescuing,gerund_lower,present_to_gerund+lowercase
pursue,pursuing,gerund_lower,present_to_gerund+lowercase
value,valuing,gerund_lower,present_to_gerund+lowercase
invite,inviting,gerund_lower,present_to_gerund+lowercase
excite,exciting,gerund_lower,present_to_gerund+lowercase
unite,uniting,gerund_lower,present_to_gerund+lowercase
compete,competing,gerund_lower,present_to_gerund+lowercase
complete,completing,gerund_lower,present_to_gerund+lowercase
delete,deleting,gerund_lower,present_to_gerund+lowercase
greet,greeting,gerund_lower,present_to_gerund+lowercase
repeat,repeating,gerund_lower,present_to_gerund+lowercase
defeat,defeating,gerund_lower,present_to_gerund+lowercase
treat,treating,gerund_lower,present_to_gerund+lowercase
relate,relating,gerund_lower,present_to_gerund+lowercase
celebrate,celebrating,gerund_lower,present_to_gerund+lowercase
demonstrate,demonstrating,gerund_lower,present_to_gerund+lowercase
hesitate,hesitating,gerund_lower,present_to_gerund+lowercase
appreciate,appreciating,gerund_lower,present_to_gerund+lowercase
communicate,communicating,gerund_lower,present_to_gerund+lowercase
educate,educating,gerund_lower,present_to_gerund+lowercase
investigate,investigating,gerund_lower,present_to_gerund+lowercase
concentrate,concentrating,gerund_lower,present_to_gerund+lowercase
cooperate,cooperating,gerund_lower,present_to_gerund+lowercase
decorate,decorating,gerund_lower,present_to_gerund+lowercase
operate,operating,gerund_lower,present_to_gerund+lowercase
separate,separating,gerund_lower,present_to_gerund+lowercase
participate,participating,gerund_lower,present_to_gerund+lowercase
navigate,navigating,gerund_lower,present_to_gerund+lowercase
motivate,motivating,gerund_lower,present_to_gerund+lowercase
activate,activating,gerund_lower,present_to_gerund+lowercase
illustrate,illustrating,gerund_lower,present_to_gerund+lowercase
calculate,calculating,gerund_lower,present_to_gerund+lowercase
translate,translating,gerund_lower,present_to_gerund+lowercase
accelerate,accelerating,gerund_lower,present_to_gerund+lowercase
dominate,dominating,gerund_lower,present_to_gerund+lowercase
eliminate,eliminating,gerund_lower,present_to_gerund+lowercase
fascinate,fascinating,gerund_lower,present_to_gerund+lowercase
generate,generating,gerund_lower,present_to_gerund+lowercase
imitate,imitating,gerund_lower,present_to_gerund+lowercase
irritate,irritating,gerund_lower,present_to_gerund+lowercase
meditate,meditating,gerund_lower,present_to_gerund+lowercase
negotiate,negotiating,gerund_lower,present_to_gerund+lowercase
penetrate,penetrating,gerund_lower,present_to_gerund+lowercase
radiate,radiating,gerund_lower,present_to_gerund+lowercase
rotate,rotating,gerund_lower,present_to_gerund+lowercase
stimulate,stimulating,gerund_lower,present_to_gerund+lowercase
tolerate,tolerating,gerund_lower,present_to_gerund+lowercase
validate,validating,gerund_lower,present_to_gerund+lowercase
vibrate,vibrating,gerund_lower,present_to_gerund+lowercase
anticipate,anticipating,gerund_lower,present_to_gerund+lowercase
contemplate,contemplating,gerund_lower,present_to_gerund+lowercase
coordinate,coordinating,gerund_lower,present_to_gerund+lowercase
cultivate,cultivating,gerund_lower,present_to_gerund+lowercase
dedicate,dedicating,gerund_lower,present_to_gerund+lowercase
designate,designating,gerund_lower,present_to_gerund+lowercase
deviate,deviating,gerund_lower,present_to_gerund+lowercase
escalate,escalating,gerund_lower,present_to_gerund+lowercase
evaluate,evaluating,gerund_lower,present_to_gerund+lowercase
evaporate,evaporating,gerund_lower,present_to_gerund+lowercase
exaggerate,exaggerating,gerund_lower,present_to_gerund+lowercase
hibernate,hibernating,gerund_lower,present_to_gerund+lowercase
incorporate,incorporating,gerund_lower,present_to_gerund+lowercase
innovate,innovating,gerund_lower,present_to_gerund+lowercase
integrate,integrating,gerund_lower,present_to_gerund+lowercase
initiate,initiating,gerund_lower,present_to_gerund+lowercase
terminate,terminating,gerund_lower,present_to_gerund+lowercase
run,gninnur,gerund_reverse,present_to_gerund+reverse
swim,gnimmiws,gerund_reverse,present_to_gerund+reverse
walk,gniklaw,gerund_reverse,present_to_gerund+reverse
jump,gnipmuj,gerund_reverse,present_to_gerund+reverse
dance,gnicnad,gerund_reverse,present_to_gerund+reverse
sing,gnignis,gerund_reverse,present_to_gerund+reverse
read,gnidaer,gerund_reverse,present_to_gerund+reverse
write,gnitirw,gerund_reverse,present_to_gerund+reverse
sleep,gnipeels,gerund_reverse,present_to_gerund+reverse
eat,gnitae,gerund_reverse,present_to_gerund+reverse
drink,gniknird,gerund_reverse,present_to_gerund+reverse
talk,gniklat,gerund_reverse,present_to_gerund+reverse
listen,gninetsil,gerund_reverse,present_to_gerund+reverse
think,gnikniht,gerund_reverse,present_to_gerund+reverse
work,gnikrow,gerund_reverse,present_to_gerund+reverse
play,gniyalp,gerund_reverse,present_to_gerund+reverse
study,gniyduts,gerund_reverse,present_to_gerund+reverse
learn,gninrael,gerund_reverse,present_to_gerund+reverse
teach,gnihcaet,gerund_reverse,present_to_gerund+reverse
build,gnidliub,gerund_reverse,present_to_gerund+reverse
create,gnitaerc,gerund_reverse,present_to_gerund+reverse
paint,gnitniap,gerund_reverse,present_to_gerund+reverse
draw,gniward,gerund_reverse,present_to_gerund+reverse
cook,gnikooc,gerund_reverse,present_to_gerund+reverse
bake,gnikab,gerund_reverse,present_to_gerund+reverse
clean,gninaelc,gerund_reverse,present_to_gerund+reverse
wash,gnihsaw,gerund_reverse,present_to_gerund+reverse
drive,gnivird,gerund_reverse,present_to_gerund+reverse
fly,gniylf,gerund_reverse,present_to_gerund+reverse
sail,gnilias,gerund_reverse,present_to_gerund+reverse
climb,gnibmilc,gerund_reverse,present_to_gerund+reverse
hike,gnikih,gerund_reverse,present_to_gerund+reverse
bike,gnikib,gerund_reverse,present_to_gerund+reverse
ski,gniiks,gerund_reverse,present_to_gerund+reverse
skate,gnitaks,gerund_reverse,present_to_gerund+reverse
fish,gnihsif,gerund_reverse,present_to_gerund+reverse
hunt,gnitnuh,gerund_reverse,present_to_gerund+reverse
camp,gnipmac,gerund_reverse,present_to_gerund+reverse
travel,gnilevart,gerund_reverse,present_to_gerund+reverse
explore,gnirolpxe,gerund_reverse,present_to_gerund+reverse
laugh,gnihgual,gerund_reverse,present_to_gerund+reverse
smile,gnilims,gerund_reverse,present_to_gerund+reverse
cry,gniyrc,gerund_reverse,present_to_gerund+reverse
shout,gnituohs,gerund_reverse,present_to_gerund+reverse
whisper,gnirepsihw,gerund_reverse,present_to_gerund+reverse
love,gnivol,gerund_reverse,present_to_gerund+reverse
hate,gnitah,gerund_reverse,present_to_gerund+reverse
help,gnipleh,gerund_reverse,present_to_gerund+reverse
share,gnirahs,gerund_reverse,present_to_gerund+reverse
care,gnirac,gerund_reverse,present_to_gerund+reverse
meet,gniteem,gerund_reverse,present_to_gerund+reverse
see,gniees,gerund_reverse,present_to_gerund+reverse
hear,gniraeh,gerund_reverse,present_to_gerund+reverse
feel,gnileef,gerund_reverse,present_to_gerund+reverse
smell,gnillems,gerund_reverse,present_to_gerund+reverse
taste,gnitsat,gerund_reverse,present_to_gerund+reverse
touch,gnihcuot,gerund_reverse,present_to_gerund+reverse
hold,gnidloh,gerund_reverse,present_to_gerund+reverse
carry,gniyrrac,gerund_reverse,present_to_gerund+reverse
throw,gniworht,gerund_reverse,present_to_gerund+reverse
catch,gnihctac,gerund_reverse,present_to_gerund+reverse
push,gnihsup,gerund_reverse,present_to_gerund+reverse
pull,gnillup,gerund_reverse,present_to_gerund+reverse
open,gninepo,gerund_reverse,present_to_gerund+reverse
close,gnisolc,gerund_reverse,present_to_gerund+reverse
start,gnitrats,gerund_reverse,present_to_gerund+reverse
stop,gnippots,gerund_reverse,present_to_gerund+reverse
begin,gninnigeb,gerund_reverse,present_to_gerund+reverse
end,gnidne,gerund_reverse,present_to_gerund+reverse
finish,gnihsinif,gerund_reverse,present_to_gerund+reverse
stand,gnidnats,gerund_reverse,present_to_gerund+reverse
sit,gnittis,gerund_reverse,present_to_gerund+reverse
lie,gniyl,gerund_reverse,present_to_gerund+reverse
kneel,gnileenk,gerund_reverse,present_to_gerund+reverse
bend,gnidneb,gerund_reverse,present_to_gerund+reverse
stretch,gnihcterts,gerund_reverse,present_to_gerund+reverse
relax,gnixaler,gerund_reverse,present_to_gerund+reverse
rest,gnitser,gerund_reverse,present_to_gerund+reverse
wait,gnitiaw,gerund_reverse,present_to_gerund+reverse
move,gnivom,gerund_reverse,present_to_gerund+reverse
live,gnivil,gerund_reverse,present_to_gerund+reverse
give,gnivig,gerund_reverse,present_to_gerund+reverse
take,gnikat,gerund_reverse,present_to_gerund+reverse
make,gnikam,gerund_reverse,present_to_gerund+reverse
come,gnimoc,gerund_reverse,present_to_gerund+reverse
leave,gnivael,gerund_reverse,present_to_gerund+reverse
arrive,gnivirra,gerund_reverse,present_to_gerund+reverse
believe,gniveileb,gerund_reverse,present_to_gerund+reverse
achieve,gniveihca,gerund_reverse,present_to_gerund+reverse
receive,gniviecer,gerund_reverse,present_to_gerund+reverse
decide,gnidiced,gerund_reverse,present_to_gerund+reverse
hope,gnipoh,gerund_reverse,present_to_gerund+reverse
change,gnignahc,gerund_reverse,present_to_gerund+reverse
manage,gniganam,gerund_reverse,present_to_gerund+reverse
improve,gnivorpmi,gerund_reverse,present_to_gerund+reverse
practice,gnicitcarp,gerund_reverse,present_to_gerund+reverse
notice,gniciton,gerund_reverse,present_to_gerund+reverse
realize,gnizilaer,gerund_reverse,present_to_gerund+reverse
organize,gnizinagro,gerund_reverse,present_to_gerund+reverse
recognize,gnizingocer,gerund_reverse,present_to_gerund+reverse
apologize,gnizigolopa,gerund_reverse,present_to_gerund+reverse
criticize,gnizicitirc,gerund_reverse,present_to_gerund+reverse
advertise,gnisitrevda,gerund_reverse,present_to_gerund+reverse
exercise,gnisicrexe,gerund_reverse,present_to_gerund+reverse
surprise,gnisirprus,gerund_reverse,present_to_gerund+reverse
promise,gnisimorp,gerund_reverse,present_to_gerund+reverse
imagine,gninigami,gerund_reverse,present_to_gerund+reverse
examine,gninimaxe,gerund_reverse,present_to_gerund+reverse
determine,gninimreted,gerund_reverse,present_to_gerund+reverse
continue,gniunitnoc,gerund_reverse,present_to_gerund+reverse
argue,gniugra,gerund_reverse,present_to_gerund+reverse
issue,gniussi,gerund_reverse,present_to_gerund+reverse
rescue,gniucser,gerund_reverse,present_to_gerund+reverse
pursue,gniusrup,gerund_reverse,present_to_gerund+reverse
value,gniulav,gerund_reverse,present_to_gerund+reverse
invite,gnitivni,gerund_reverse,present_to_gerund+reverse
excite,gniticxe,gerund_reverse,present_to_gerund+reverse
unite,gnitinu,gerund_reverse,present_to_gerund+reverse
compete,gnitepmoc,gerund_reverse,present_to_gerund+reverse
complete,gnitelpmoc,gerund_reverse,present_to_gerund+reverse
delete,gniteled,gerund_reverse,present_to_gerund+reverse
greet,gniteerg,gerund_reverse,present_to_gerund+reverse
repeat,gnitaeper,gerund_reverse,present_to_gerund+reverse
defeat,gnitaefed,gerund_reverse,present_to_gerund+reverse
treat,gnitaert,gerund_reverse,present_to_gerund+reverse
relate,gnitaler,gerund_reverse,present_to_gerund+reverse
celebrate,gnitarbelec,gerund_reverse,present_to_gerund+reverse
demonstrate,gnitartsnomed,gerund_reverse,present_to_gerund+reverse
hesitate,gnitatiseh,gerund_reverse,present_to_gerund+reverse
appreciate,gnitaicerppa,gerund_reverse,present_to_gerund+reverse
communicate,gnitacinummoc,gerund_reverse,present_to_gerund+reverse
educate,gnitacude,gerund_reverse,present_to_gerund+reverse
investigate,gnitagitsevni,gerund_reverse,present_to_gerund+reverse
concentrate,gnitartnecnoc,gerund_reverse,present_to_gerund+reverse
cooperate,gnitarepooc,gerund_reverse,present_to_gerund+reverse
decorate,gnitaroced,gerund_reverse,present_to_gerund+reverse
operate,gnitarepo,gerund_reverse,present_to_gerund+reverse
separate,gnitarapes,gerund_reverse,present_to_gerund+reverse
participate,gnitapicitrap,gerund_reverse,present_to_gerund+reverse
navigate,gnitagivan,gerund_reverse,present_to_gerund+reverse
motivate,gnitavitom,gerund_reverse,present_to_gerund+reverse
activate,gnitavitca,gerund_reverse,present_to_gerund+reverse
illustrate,gnitartsulli,gerund_reverse,present_to_gerund+reverse
calculate,gnitaluclac,gerund_reverse,present_to_gerund+reverse
translate,gnitalsnart,gerund_reverse,present_to_gerund+reverse
accelerate,gnitarelecca,gerund_reverse,present_to_gerund+reverse
dominate,gnitanimod,gerund_reverse,present_to_gerund+reverse
eliminate,gnitanimile,gerund_reverse,present_to_gerund+reverse
fascinate,gnitanicsaf,gerund_reverse,present_to_gerund+reverse
generate,gnitareneg,gerund_reverse,present_to_gerund+reverse
imitate,gnitatimi,gerund_reverse,present_to_gerund+reverse
irritate,gnitatirri,gerund_reverse,present_to_gerund+reverse
meditate,gnitatidem,gerund_reverse,present_to_gerund+reverse
negotiate,gnitaitogen,gerund_reverse,present_to_gerund+reverse
penetrate,gnitartenep,gerund_reverse,present_to_gerund+reverse
radiate,gnitaidar,gerund_reverse,present_to_gerund+reverse
rotate,gnitator,gerund_reverse,present_to_gerund+reverse
stimulate,gnitalumits,gerund_reverse,present_to_gerund+reverse
tolerate,gnitarelot,gerund_reverse,present_to_gerund+reverse
validate,gnitadilav,gerund_reverse,present_to_gerund+reverse
vibrate,gnitarbiv,gerund_reverse,present_to_gerund+reverse
anticipate,gnitapicitna,gerund_reverse,present_to_gerund+reverse
contemplate,gnitalpmetnoc,gerund_reverse,present_to_gerund+reverse
coordinate,gnitanidrooc,gerund_reverse,present_to_gerund+reverse
cultivate,gnitavitluc,gerund_reverse,present_to_gerund+reverse
dedicate,gnitacided,gerund_reverse,present_to_gerund+reverse
designate,gnitangised,gerund_reverse,present_to_gerund+reverse
deviate,gnitaived,gerund_reverse,present_to_gerund+reverse
escalate,gnitalacse,gerund_reverse,present_to_gerund+reverse
evaluate,gnitaulave,gerund_reverse,present_to_gerund+reverse
evaporate,gnitaropave,gerund_reverse,present_to_gerund+reverse
exaggerate,gnitareggaxe,gerund_reverse,present_to_gerund+reverse
hibernate,gnitanrebih,gerund_reverse,present_to_gerund+reverse
incorporate,gnitaroprocni,gerund_reverse,present_to_gerund+reverse
innovate,gnitavonni,gerund_reverse,present_to_gerund+reverse
integrate,gnitargetni,gerund_reverse,present_to_gerund+reverse
initiate,gnitaitini,gerund_reverse,present_to_gerund+reverse
terminate,gnitanimret,gerund_reverse,present_to_gerund+reverse
run,r,gerund_first,present_to_gerund+first_letter
swim,s,gerund_first,present_to_gerund+first_letter
walk,w,gerund_first,present_to_gerund+first_letter
jump,j,gerund_first,present_to_gerund+first_letter
dance,d,gerund_first,present_to_gerund+first_letter
sing,s,gerund_first,present_to_gerund+first_letter
read,r,gerund_first,present_to_gerund+first_letter
write,w,gerund_first,present_to_gerund+first_letter
sleep,s,gerund_first,present_to_gerund+first_letter
eat,e,gerund_first,present_to_gerund+first_letter
drink,d,gerund_first,present_to_gerund+first_letter
talk,t,gerund_first,present_to_gerund+first_letter
listen,l,gerund_first,present_to_gerund+first_letter
think,t,gerund_first,present_to_gerund+first_letter
work,w,gerund_first,present_to_gerund+first_letter
play,p,gerund_first,present_to_gerund+first_letter
study,s,gerund_first,present_to_gerund+first_letter
learn,l,gerund_first,present_to_gerund+first_letter
teach,t,gerund_first,present_to_gerund+first_letter
build,b,gerund_first,present_to_gerund+first_letter
create,c,gerund_first,present_to_gerund+first_letter
paint,p,gerund_first,present_to_gerund+first_letter
draw,d,gerund_first,present_to_gerund+first_letter
cook,c,gerund_first,present_to_gerund+first_letter
bake,b,gerund_first,present_to_gerund+first_letter
clean,c,gerund_first,present_to_gerund+first_letter
wash,w,gerund_first,present_to_gerund+first_letter
drive,d,gerund_first,present_to_gerund+first_letter
fly,f,gerund_first,present_to_gerund+first_letter
sail,s,gerund_first,present_to_gerund+first_letter
climb,c,gerund_first,present_to_gerund+first_letter
hike,h,gerund_first,present_to_gerund+first_letter
bike,b,gerund_first,present_to_gerund+first_letter
ski,s,gerund_first,present_to_gerund+first_letter
skate,s,gerund_first,present_to_gerund+first_letter
fish,f,gerund_first,present_to_gerund+first_letter
hunt,h,gerund_first,present_to_gerund+first_letter
camp,c,gerund_first,present_to_gerund+first_letter
travel,t,gerund_first,present_to_gerund+first_letter
explore,e,gerund_first,present_to_gerund+first_letter
laugh,l,gerund_first,present_to_gerund+first_letter
smile,s,gerund_first,present_to_gerund+first_letter
cry,c,gerund_first,present_to_gerund+first_letter
shout,s,gerund_first,present_to_gerund+first_letter
whisper,w,gerund_first,present_to_gerund+first_letter
love,l,gerund_first,present_to_gerund+first_letter
hate,h,gerund_first,present_to_gerund+first_letter
help,h,gerund_first,present_to_gerund+first_letter
share,s,gerund_first,present_to_gerund+first_letter
care,c,gerund_first,present_to_gerund+first_letter
meet,m,gerund_first,present_to_gerund+first_letter
see,s,gerund_first,present_to_gerund+first_letter
hear,h,gerund_first,present_to_gerund+first_letter
feel,f,gerund_first,present_to_gerund+first_letter
smell,s,gerund_first,present_to_gerund+first_letter
taste,t,gerund_first,present_to_gerund+first_letter
touch,t,gerund_first,present_to_gerund+first_letter
hold,h,gerund_first,present_to_gerund+first_letter
carry,c,gerund_first,present_to_gerund+first_letter
throw,t,gerund_first,present_to_gerund+first_letter
catch,c,gerund_first,present_to_gerund+first_letter
push,p,gerund_first,present_to_gerund+first_letter
pull,p,gerund_first,present_to_gerund+first_letter
open,o,gerund_first,present_to_gerund+first_letter
close,c,gerund_first,present_to_gerund+first_letter
start,s,gerund_first,present_to_gerund+first_letter
stop,s,gerund_first,present_to_gerund+first_letter
begin,b,gerund_first,present_to_gerund+first_letter
end,e,gerund_first,present_to_gerund+first_letter
finish,f,gerund_first,present_to_gerund+first_letter
stand,s,gerund_first,present_to_gerund+first_letter
sit,s,gerund_first,present_to_gerund+first_letter
lie,l,gerund_first,present_to_gerund+first_letter
kneel,k,gerund_first,present_to_gerund+first_letter
bend,b,gerund_first,present_to_gerund+first_letter
stretch,s,gerund_first,present_to_gerund+first_letter
relax,r,gerund_first,present_to_gerund+first_letter
rest,r,gerund_first,present_to_gerund+first_letter
wait,w,gerund_first,present_to_gerund+first_letter
move,m,gerund_first,present_to_gerund+first_letter
live,l,gerund_first,present_to_gerund+first_letter
give,g,gerund_first,present_to_gerund+first_letter
take,t,gerund_first,present_to_gerund+first_letter
make,m,gerund_first,present_to_gerund+first_letter
come,c,gerund_first,present_to_gerund+first_letter
leave,l,gerund_first,present_to_gerund+first_letter
arrive,a,gerund_first,present_to_gerund+first_letter
believe,b,gerund_first,present_to_gerund+first_letter
achieve,a,gerund_first,present_to_gerund+first_letter
receive,r,gerund_first,present_to_gerund+first_letter
decide,d,gerund_first,present_to_gerund+first_letter
hope,h,gerund_first,present_to_gerund+first_letter
change,c,gerund_first,present_to_gerund+first_letter
manage,m,gerund_first,present_to_gerund+first_letter
improve,i,gerund_first,present_to_gerund+first_letter
practice,p,gerund_first,present_to_gerund+first_letter
notice,n,gerund_first,present_to_gerund+first_letter
realize,r,gerund_first,present_to_gerund+first_letter
organize,o,gerund_first,present_to_gerund+first_letter
recognize,r,gerund_first,present_to_gerund+first_letter
apologize,a,gerund_first,present_to_gerund+first_letter
criticize,c,gerund_first,present_to_gerund+first_letter
advertise,a,gerund_first,present_to_gerund+first_letter
exercise,e,gerund_first,present_to_gerund+first_letter
surprise,s,gerund_first,present_to_gerund+first_letter
promise,p,gerund_first,present_to_gerund+first_letter
imagine,i,gerund_first,present_to_gerund+first_letter
examine,e,gerund_first,present_to_gerund+first_letter
determine,d,gerund_first,present_to_gerund+first_letter
continue,c,gerund_first,present_to_gerund+first_letter
argue,a,gerund_first,present_to_gerund+first_letter
issue,i,gerund_first,present_to_gerund+first_letter
rescue,r,gerund_first,present_to_gerund+first_letter
pursue,p,gerund_first,present_to_gerund+first_letter
value,v,gerund_first,present_to_gerund+first_letter
invite,i,gerund_first,present_to_gerund+first_letter
excite,e,gerund_first,present_to_gerund+first_letter
unite,u,gerund_first,present_to_gerund+first_letter
compete,c,gerund_first,present_to_gerund+first_letter
complete,c,gerund_first,present_to_gerund+first_letter
delete,d,gerund_first,present_to_gerund+first_letter
greet,g,gerund_first,present_to_gerund+first_letter
repeat,r,gerund_first,present_to_gerund+first_letter
defeat,d,gerund_first,present_to_gerund+first_letter
treat,t,gerund_first,present_to_gerund+first_letter
relate,r,gerund_first,present_to_gerund+first_letter
celebrate,c,gerund_first,present_to_gerund+first_letter
demonstrate,d,gerund_first,present_to_gerund+first_letter
hesitate,h,gerund_first,present_to_gerund+first_letter
appreciate,a,gerund_first,present_to_gerund+first_letter
communicate,c,gerund_first,present_to_gerund+first_letter
educate,e,gerund_first,present_to_gerund+first_letter
investigate,i,gerund_first,present_to_gerund+first_letter
concentrate,c,gerund_first,present_to_gerund+first_letter
cooperate,c,gerund_first,present_to_gerund+first_letter
decorate,d,gerund_first,present_to_gerund+first_letter
operate,o,gerund_first,present_to_gerund+first_letter
separate,s,gerund_first,present_to_gerund+first_letter
participate,p,gerund_first,present_to_gerund+first_letter
navigate,n,gerund_first,present_to_gerund+first_letter
motivate,m,gerund_first,present_to_gerund+first_letter
activate,a,gerund_first,present_to_gerund+first_letter
illustrate,i,gerund_first,present_to_gerund+first_letter
calculate,c,gerund_first,present_to_gerund+first_letter
translate,t,gerund_first,present_to_gerund+first_letter
accelerate,a,gerund_first,present_to_gerund+first_letter
dominate,d,gerund_first,present_to_gerund+first_letter
eliminate,e,gerund_first,present_to_gerund+first_letter
fascinate,f,gerund_first,present_to_gerund+first_letter
generate,g,gerund_first,present_to_gerund+first_letter
imitate,i,gerund_first,present_to_gerund+first_letter
irritate,i,gerund_first,present_to_gerund+first_letter
meditate,m,gerund_first,present_to_gerund+first_letter
negotiate,n,gerund_first,present_to_gerund+first_letter
penetrate,p,gerund_first,present_to_gerund+first_letter
radiate,r,gerund_first,present_to_gerund+first_letter
rotate,r,gerund_first,present_to_gerund+first_letter
stimulate,s,gerund_first,present_to_gerund+first_letter
tolerate,t,gerund_first,present_to_gerund+first_letter
validate,v,gerund_first,present_to_gerund+first_letter
vibrate,v,gerund_first,present_to_gerund+first_letter
anticipate,a,gerund_first,present_to_gerund+first_letter
contemplate,c,gerund_first,present_to_gerund+first_letter
coordinate,c,gerund_first,present_to_gerund+first_letter
cultivate,c,gerund_first,present_to_gerund+first_letter
dedicate,d,gerund_first,present_to_gerund+first_letter
designate,d,gerund_first,present_to_gerund+first_letter
deviate,d,gerund_first,present_to_gerund+first_letter
escalate,e,gerund_first,present_to_gerund+first_letter
evaluate,e,gerund_first,present_to_gerund+first_letter
evaporate,e,gerund_first,present_to_gerund+first_letter
exaggerate,e,gerund_first,present_to_gerund+first_letter
hibernate,h,gerund_first,present_to_gerund+first_letter
incorporate,i,gerund_first,present_to_gerund+first_letter
innovate,i,gerund_first,present_to_gerund+first_letter
integrate,i,gerund_first,present_to_gerund+first_letter
initiate,i,gerund_first,present_to_gerund+first_letter
terminate,t,gerund_first,present_to_gerund+first_letter
run,g,gerund_last,present_to_gerund+last_letter
swim,g,gerund_last,present_to_gerund+last_letter
walk,g,gerund_last,present_to_gerund+last_letter
jump,g,gerund_last,present_to_gerund+last_letter
dance,g,gerund_last,present_to_gerund+last_letter
sing,g,gerund_last,present_to_gerund+last_letter
read,g,gerund_last,present_to_gerund+last_letter
write,g,gerund_last,present_to_gerund+last_letter
sleep,g,gerund_last,present_to_gerund+last_letter
eat,g,gerund_last,present_to_gerund+last_letter
drink,g,gerund_last,present_to_gerund+last_letter
talk,g,gerund_last,present_to_gerund+last_letter
listen,g,gerund_last,present_to_gerund+last_letter
think,g,gerund_last,present_to_gerund+last_letter
work,g,gerund_last,present_to_gerund+last_letter
play,g,gerund_last,present_to_gerund+last_letter
study,g,gerund_last,present_to_gerund+last_letter
learn,g,gerund_last,present_to_gerund+last_letter
teach,g,gerund_last,present_to_gerund+last_letter
build,g,gerund_last,present_to_gerund+last_letter
create,g,gerund_last,present_to_gerund+last_letter
paint,g,gerund_last,present_to_gerund+last_letter
draw,g,gerund_last,present_to_gerund+last_letter
cook,g,gerund_last,present_to_gerund+last_letter
bake,g,gerund_last,present_to_gerund+last_letter
clean,g,gerund_last,present_to_gerund+last_letter
wash,g,gerund_last,present_to_gerund+last_letter
drive,g,gerund_last,present_to_gerund+last_letter
fly,g,gerund_last,present_to_gerund+last_letter
sail,g,gerund_last,present_to_gerund+last_letter
climb,g,gerund_last,present_to_gerund+last_letter
hike,g,gerund_last,present_to_gerund+last_letter
bike,g,gerund_last,present_to_gerund+last_letter
ski,g,gerund_last,present_to_gerund+last_letter
skate,g,gerund_last,present_to_gerund+last_letter
fish,g,gerund_last,present_to_gerund+last_letter
hunt,g,gerund_last,present_to_gerund+last_letter
camp,g,gerund_last,present_to_gerund+last_letter
travel,g,gerund_last,present_to_gerund+last_letter
explore,g,gerund_last,present_to_gerund+last_letter
laugh,g,gerund_last,present_to_gerund+last_letter
smile,g,gerund_last,present_to_gerund+last_letter
cry,g,gerund_last,present_to_gerund+last_letter
shout,g,gerund_last,present_to_gerund+last_letter
whisper,g,gerund_last,present_to_gerund+last_letter
love,g,gerund_last,present_to_gerund+last_letter
hate,g,gerund_last,present_to_gerund+last_letter
help,g,gerund_last,present_to_gerund+last_letter
share,g,gerund_last,present_to_gerund+last_letter
care,g,gerund_last,present_to_gerund+last_letter
meet,g,gerund_last,present_to_gerund+last_letter
see,g,gerund_last,present_to_gerund+last_letter
hear,g,gerund_last,present_to_gerund+last_letter
feel,g,gerund_last,present_to_gerund+last_letter
smell,g,gerund_last,present_to_gerund+last_letter
taste,g,gerund_last,present_to_gerund+last_letter
touch,g,gerund_last,present_to_gerund+last_letter
hold,g,gerund_last,present_to_gerund+last_letter
carry,g,gerund_last,present_to_gerund+last_letter
throw,g,gerund_last,present_to_gerund+last_letter
catch,g,gerund_last,present_to_gerund+last_letter
push,g,gerund_last,present_to_gerund+last_letter
pull,g,gerund_last,present_to_gerund+last_letter
open,g,gerund_last,present_to_gerund+last_letter
close,g,gerund_last,present_to_gerund+last_letter
start,g,gerund_last,present_to_gerund+last_letter
stop,g,gerund_last,present_to_gerund+last_letter
begin,g,gerund_last,present_to_gerund+last_letter
end,g,gerund_last,present_to_gerund+last_letter
finish,g,gerund_last,present_to_gerund+last_letter
stand,g,gerund_last,present_to_gerund+last_letter
sit,g,gerund_last,present_to_gerund+last_letter
lie,g,gerund_last,present_to_gerund+last_letter
kneel,g,gerund_last,present_to_gerund+last_letter
bend,g,gerund_last,present_to_gerund+last_letter
stretch,g,gerund_last,present_to_gerund+last_letter
relax,g,gerund_last,present_to_gerund+last_letter
rest,g,gerund_last,present_to_gerund+last_letter
wait,g,gerund_last,present_to_gerund+last_letter
move,g,gerund_last,present_to_gerund+last_letter
live,g,gerund_last,present_to_gerund+last_letter
give,g,gerund_last,present_to_gerund+last_letter
take,g,gerund_last,present_to_gerund+last_letter
make,g,gerund_last,present_to_gerund+last_letter
come,g,gerund_last,present_to_gerund+last_letter
leave,g,gerund_last,present_to_gerund+last_letter
arrive,g,gerund_last,present_to_gerund+last_letter
believe,g,gerund_last,present_to_gerund+last_letter
achieve,g,gerund_last,present_to_gerund+last_letter
receive,g,gerund_last,present_to_gerund+last_letter
decide,g,gerund_last,present_to_gerund+last_letter
hope,g,gerund_last,present_to_gerund+last_letter
change,g,gerund_last,present_to_gerund+last_letter
manage,g,gerund_last,present_to_gerund+last_letter
improve,g,gerund_last,present_to_gerund+last_letter
practice,g,gerund_last,present_to_gerund+last_letter
notice,g,gerund_last,present_to_gerund+last_letter
realize,g,gerund_last,present_to_gerund+last_letter
organize,g,gerund_last,present_to_gerund+last_letter
recognize,g,gerund_last,present_to_gerund+last_letter
apologize,g,gerund_last,present_to_gerund+last_letter
criticize,g,gerund_last,present_to_gerund+last_letter
advertise,g,gerund_last,present_to_gerund+last_letter
exercise,g,gerund_last,present_to_gerund+last_letter
surprise,g,gerund_last,present_to_gerund+last_letter
promise,g,gerund_last,present_to_gerund+last_letter
imagine,g,gerund_last,present_to_gerund+last_letter
examine,g,gerund_last,present_to_gerund+last_letter
determine,g,gerund_last,present_to_gerund+last_letter
continue,g,gerund_last,present_to_gerund+last_letter
argue,g,gerund_last,present_to_gerund+last_letter
issue,g,gerund_last,present_to_gerund+last_letter
rescue,g,gerund_last,present_to_gerund+last_letter
pursue,g,gerund_last,present_to_gerund+last_letter
value,g,gerund_last,present_to_gerund+last_letter
invite,g,gerund_last,present_to_gerund+last_letter
excite,g,gerund_last,present_to_gerund+last_letter
unite,g,gerund_last,present_to_gerund+last_letter
compete,g,gerund_last,present_to_gerund+last_letter
complete,g,gerund_last,present_to_gerund+last_letter
delete,g,gerund_last,present_to_gerund+last_letter
greet,g,gerund_last,present_to_gerund+last_letter
repeat,g,gerund_last,present_to_gerund+last_letter
defeat,g,gerund_last,present_to_gerund+last_letter
treat,g,gerund_last,present_to_gerund+last_letter
relate,g,gerund_last,present_to_gerund+last_letter
celebrate,g,gerund_last,present_to_gerund+last_letter
demonstrate,g,gerund_last,present_to_gerund+last_letter
hesitate,g,gerund_last,present_to_gerund+last_letter
appreciate,g,gerund_last,present_to_gerund+last_letter
communicate,g,gerund_last,present_to_gerund+last_letter
educate,g,gerund_last,present_to_gerund+last_letter
investigate,g,gerund_last,present_to_gerund+last_letter
concentrate,g,gerund_last,present_to_gerund+last_letter
cooperate,g,gerund_last,present_to_gerund+last_letter
decorate,g,gerund_last,present_to_gerund+last_letter
operate,g,gerund_last,present_to_gerund+last_letter
separate,g,gerund_last,present_to_gerund+last_letter
participate,g,gerund_last,present_to_gerund+last_letter
navigate,g,gerund_last,present_to_gerund+last_letter
motivate,g,gerund_last,present_to_gerund+last_letter
activate,g,gerund_last,present_to_gerund+last_letter
illustrate,g,gerund_last,present_to_gerund+last_letter
calculate,g,gerund_last,present_to_gerund+last_letter
translate,g,gerund_last,present_to_gerund+last_letter
accelerate,g,gerund_last,present_to_gerund+last_letter
dominate,g,gerund_last,present_to_gerund+last_letter
eliminate,g,gerund_last,present_to_gerund+last_letter
fascinate,g,gerund_last,present_to_gerund+last_letter
generate,g,gerund_last,present_to_gerund+last_letter
imitate,g,gerund_last,present_to_gerund+last_letter
irritate,g,gerund_last,present_to_gerund+last_letter
meditate,g,gerund_last,present_to_gerund+last_letter
negotiate,g,gerund_last,present_to_gerund+last_letter
penetrate,g,gerund_last,present_to_gerund+last_letter
radiate,g,gerund_last,present_to_gerund+last_letter
rotate,g,gerund_last,present_to_gerund+last_letter
stimulate,g,gerund_last,present_to_gerund+last_letter
tolerate,g,gerund_last,present_to_gerund+last_letter
validate,g,gerund_last,present_to_gerund+last_letter
vibrate,g,gerund_last,present_to_gerund+last_letter
anticipate,g,gerund_last,present_to_gerund+last_letter
contemplate,g,gerund_last,present_to_gerund+last_letter
coordinate,g,gerund_last,present_to_gerund+last_letter
cultivate,g,gerund_last,present_to_gerund+last_letter
dedicate,g,gerund_last,present_to_gerund+last_letter
designate,g,gerund_last,present_to_gerund+last_letter
deviate,g,gerund_last,present_to_gerund+last_letter
escalate,g,gerund_last,present_to_gerund+last_letter
evaluate,g,gerund_last,present_to_gerund+last_letter
evaporate,g,gerund_last,present_to_gerund+last_letter
exaggerate,g,gerund_last,present_to_gerund+last_letter
hibernate,g,gerund_last,present_to_gerund+last_letter
incorporate,g,gerund_last,present_to_gerund+last_letter
innovate,g,gerund_last,present_to_gerund+last_letter
integrate,g,gerund_last,present_to_gerund+last_letter
initiate,g,gerund_last,present_to_gerund+last_letter
terminate,g,gerund_last,present_to_gerund+last_letter
child,CHILDREN,plural_upper,singular_to_plural+uppercase
mouse,MICE,plural_upper,singular_to_plural+uppercase
foot,FEET,plural_upper,singular_to_plural+uppercase
tooth,TEETH,plural_upper,singular_to_plural+uppercase
woman,WOMEN,plural_upper,singular_to_plural+uppercase
man,MEN,plural_upper,singular_to_plural+uppercase
person,PEOPLE,plural_upper,singular_to_plural+uppercase
bird,BIRDS,plural_upper,singular_to_plural+uppercase
sheep,SHEEP,plural_upper,singular_to_plural+uppercase
deer,DEER,plural_upper,singular_to_plural+uppercase
goose,GEESE,plural_upper,singular_to_plural+uppercase
ox,OXEN,plural_upper,singular_to_plural+uppercase
computer,COMPUTERS,plural_upper,singular_to_plural+uppercase
phone,PHONES,plural_upper,singular_to_plural+uppercase
pen,PENS,plural_upper,singular_to_plural+uppercase
pencil,PENCILS,plural_upper,singular_to_plural+uppercase
paper,PAPERS,plural_upper,singular_to_plural+uppercase
cup,CUPS,plural_upper,singular_to_plural+uppercase
glass,GLASSES,plural_upper,singular_to_plural+uppercase
plate,PLATES,plural_upper,singular_to_plural+uppercase
knife,KNIVES,plural_upper,singular_to_plural+uppercase
fork,FORKS,plural_upper,singular_to_plural+uppercase
spoon,SPOONS,plural_upper,singular_to_plural+uppercase
apple,APPLES,plural_upper,singular_to_plural+uppercase
orange,ORANGES,plural_upper,singular_to_plural+uppercase
banana,BANANAS,plural_upper,singular_to_plural+uppercase
potato,POTATOES,plural_upper,singular_to_plural+uppercase
tomato,TOMATOES,plural_upper,singular_to_plural+uppercase
box,BOXES,plural_upper,singular_to_plural+uppercase
brush,BRUSHES,plural_upper,singular_to_plural+uppercase
watch,WATCHES,plural_upper,singular_to_plural+uppercase
beach,BEACHES,plural_upper,singular_to_plural+uppercase
class,CLASSES,plural_upper,singular_to_plural+uppercase
bus,BUSES,plural_upper,singular_to_plural+uppercase
kiss,KISSES,plural_upper,singular_to_plural+uppercase
dish,DISHES,plural_upper,singular_to_plural+uppercase
fox,FOXES,plural_upper,singular_to_plural+uppercase
church,CHURCHES,plural_upper,singular_to_plural+uppercase
baby,BABIES,plural_upper,singular_to_plural+uppercase
lady,LADIES,plural_upper,singular_to_plural+uppercase
story,STORIES,plural_upper,singular_to_plural+uppercase
party,PARTIES,plural_upper,singular_to_plural+uppercase
library,LIBRARIES,plural_upper,singular_to_plural+uppercase
berry,BERRIES,plural_upper,singular_to_plural+uppercase
butterfly,BUTTERFLIES,plural_upper,singular_to_plural+uppercase
leaf,LEAVES,plural_upper,singular_to_plural+uppercase
wolf,WOLVES,plural_upper,singular_to_plural+uppercase
life,LIVES,plural_upper,singular_to_plural+uppercase
wife,WIVES,plural_upper,singular_to_plural+uppercase
half,HALVES,plural_upper,singular_to_plural+uppercase
loaf,LOAVES,plural_upper,singular_to_plural+uppercase
shelf,SHELVES,plural_upper,singular_to_plural+uppercase
thief,THIEVES,plural_upper,singular_to_plural+uppercase
scarf,SCARVES,plural_upper,singular_to_plural+uppercase
calf,CALVES,plural_upper,singular_to_plural+uppercase
hero,HEROES,plural_upper,singular_to_plural+uppercase
echo,ECHOES,plural_upper,singular_to_plural+uppercase
cargo,CARGOES,plural_upper,singular_to_plural+uppercase
mosquito,MOSQUITOES,plural_upper,singular_to_plural+uppercase
volcano,VOLCANOES,plural_upper,singular_to_plural+uppercase
piano,PIANOS,plural_upper,singular_to_plural+uppercase
photo,PHOTOS,plural_upper,singular_to_plural+uppercase
video,VIDEOS,plural_upper,singular_to_plural+uppercase
radio,RADIOS,plural_upper,singular_to_plural+uppercase
studio,STUDIOS,plural_upper,singular_to_plural+uppercase
tree,TREES,plural_upper,singular_to_plural+uppercase
key,KEYS,plural_upper,singular_to_plural+uppercase
boy,BOYS,plural_upper,singular_to_plural+uppercase
toy,TOYS,plural_upper,singular_to_plural+uppercase
day,DAYS,plural_upper,singular_to_plural+uppercase
way,WAYS,plural_upper,singular_to_plural+uppercase
eye,EYES,plural_upper,singular_to_plural+uppercase
guy,GUYS,plural_upper,singular_to_plural+uppercase
ray,RAYS,plural_upper,singular_to_plural+uppercase
bay,BAYS,plural_upper,singular_to_plural+uppercase
arm,ARMS,plural_upper,singular_to_plural+uppercase
leg,LEGS,plural_upper,singular_to_plural+uppercase
ear,EARS,plural_upper,singular_to_plural+uppercase
hand,HANDS,plural_upper,singular_to_plural+uppercase
finger,FINGERS,plural_upper,singular_to_plural+uppercase
toe,TOES,plural_upper,singular_to_plural+uppercase
nose,NOSES,plural_upper,singular_to_plural+uppercase
bone,BONES,plural_upper,singular_to_plural+uppercase
muscle,MUSCLES,plural_upper,singular_to_plural+uppercase
nerve,NERVES,plural_upper,singular_to_plural+uppercase
vein,VEINS,plural_upper,singular_to_plural+uppercase
artery,ARTERIES,plural_upper,singular_to_plural+uppercase
lung,LUNGS,plural_upper,singular_to_plural+uppercase
kidney,KIDNEYS,plural_upper,singular_to_plural+uppercase
liver,LIVERS,plural_upper,singular_to_plural+uppercase
brain,BRAINS,plural_upper,singular_to_plural+uppercase
heart,HEARTS,plural_upper,singular_to_plural+uppercase
stomach,STOMACHS,plural_upper,singular_to_plural+uppercase
teacher,TEACHERS,plural_upper,singular_to_plural+uppercase
student,STUDENTS,plural_upper,singular_to_plural+uppercase
doctor,DOCTORS,plural_upper,singular_to_plural+uppercase
nurse,NURSES,plural_upper,singular_to_plural+uppercase
farmer,FARMERS,plural_upper,singular_to_plural+uppercase
worker,WORKERS,plural_upper,singular_to_plural+uppercase
driver,DRIVERS,plural_upper,singular_to_plural+uppercase
pilot,PILOTS,plural_upper,singular_to_plural+uppercase
singer,SINGERS,plural_upper,singular_to_plural+uppercase
dancer,DANCERS,plural_upper,singular_to_plural+uppercase
writer,WRITERS,plural_upper,singular_to_plural+uppercase
painter,PAINTERS,plural_upper,singular_to_plural+uppercase
player,PLAYERS,plural_upper,singular_to_plural+uppercase
swimmer,SWIMMERS,plural_upper,singular_to_plural+uppercase
runner,RUNNERS,plural_upper,singular_to_plural+uppercase
builder,BUILDERS,plural_upper,singular_to_plural+uppercase
soldier,SOLDIERS,plural_upper,singular_to_plural+uppercase
sailor,SAILORS,plural_upper,singular_to_plural+uppercase
officer,OFFICERS,plural_upper,singular_to_plural+uppercase
lawyer,LAWYERS,plural_upper,singular_to_plural+uppercase
engineer,ENGINEERS,plural_upper,singular_to_plural+uppercase
scientist,SCIENTISTS,plural_upper,singular_to_plural+uppercase
musician,MUSICIANS,plural_upper,singular_to_plural+uppercase
artist,ARTISTS,plural_upper,singular_to_plural+uppercase
actor,ACTORS,plural_upper,singular_to_plural+uppercase
actress,ACTRESSES,plural_upper,singular_to_plural+uppercase
chef,CHEFS,plural_upper,singular_to_plural+uppercase
baker,BAKERS,plural_upper,singular_to_plural+uppercase
butcher,BUTCHERS,plural_upper,singular_to_plural+uppercase
tailor,TAILORS,plural_upper,singular_to_plural+uppercase
clerk,CLERKS,plural_upper,singular_to_plural+uppercase
manager,MANAGERS,plural_upper,singular_to_plural+uppercase
director,DIRECTORS,plural_upper,singular_to_plural+uppercase
president,PRESIDENTS,plural_upper,singular_to_plural+uppercase
king,KINGS,plural_upper,singular_to_plural+uppercase
queen,QUEENS,plural_upper,singular_to_plural+uppercase
prince,PRINCES,plural_upper,singular_to_plural+uppercase
princess,PRINCESSES,plural_upper,singular_to_plural+uppercase
emperor,EMPERORS,plural_upper,singular_to_plural+uppercase
empress,EMPRESSES,plural_upper,singular_to_plural+uppercase
duke,DUKES,plural_upper,singular_to_plural+uppercase
duchess,DUCHESSES,plural_upper,singular_to_plural+uppercase
lord,LORDS,plural_upper,singular_to_plural+uppercase
knight,KNIGHTS,plural_upper,singular_to_plural+uppercase
heroine,HEROINES,plural_upper,singular_to_plural+uppercase
villain,VILLAINS,plural_upper,singular_to_plural+uppercase
self,SELVES,plural_upper,singular_to_plural+uppercase
elf,ELVES,plural_upper,singular_to_plural+uppercase
wharf,WHARVES,plural_upper,singular_to_plural+uppercase
belief,BELIEFS,plural_upper,singular_to_plural+uppercase
chief,CHIEFS,plural_upper,singular_to_plural+uppercase
cliff,CLIFFS,plural_upper,singular_to_plural+uppercase
proof,PROOFS,plural_upper,singular_to_plural+uppercase
roof,ROOFS,plural_upper,singular_to_plural+uppercase
safe,SAFES,plural_upper,singular_to_plural+uppercase
grief,GRIEFS,plural_upper,singular_to_plural+uppercase
reef,REEFS,plural_upper,singular_to_plural+uppercase
gulf,GULFS,plural_upper,singular_to_plural+uppercase
dwarf,DWARVES,plural_upper,singular_to_plural+uppercase
hoof,HOOVES,plural_upper,singular_to_plural+uppercase
datum,DATA,plural_upper,singular_to_plural+uppercase
medium,MEDIA,plural_upper,singular_to_plural+uppercase
curriculum,CURRICULA,plural_upper,singular_to_plural+uppercase
phenomenon,PHENOMENA,plural_upper,singular_to_plural+uppercase
criterion,CRITERIA,plural_upper,singular_to_plural+uppercase
analysis,ANALYSES,plural_upper,singular_to_plural+uppercase
basis,BASES,plural_upper,singular_to_plural+uppercase
crisis,CRISES,plural_upper,singular_to_plural+uppercase
thesis,THESES,plural_upper,singular_to_plural+uppercase
oasis,OASES,plural_upper,singular_to_plural+uppercase
axis,AXES,plural_upper,singular_to_plural+uppercase
parenthesis,PARENTHESES,plural_upper,singular_to_plural+uppercase
child,children,plural_lower,singular_to_plural+lowercase
mouse,mice,plural_lower,singular_to_plural+lowercase
foot,feet,plural_lower,singular_to_plural+lowercase
tooth,teeth,plural_lower,singular_to_plural+lowercase
woman,women,plural_lower,singular_to_plural+lowercase
man,men,plural_lower,singular_to_plural+lowercase
person,people,plural_lower,singular_to_plural+lowercase
bird,birds,plural_lower,singular_to_plural+lowercase
goose,geese,plural_lower,singular_to_plural+lowercase
ox,oxen,plural_lower,singular_to_plural+lowercase
computer,computers,plural_lower,singular_to_plural+lowercase
phone,phones,plural_lower,singular_to_plural+lowercase
pen,pens,plural_lower,singular_to_plural+lowercase
pencil,pencils,plural_lower,singular_to_plural+lowercase
paper,papers,plural_lower,singular_to_plural+lowercase
cup,cups,plural_lower,singular_to_plural+lowercase
glass,glasses,plural_lower,singular_to_plural+lowercase
plate,plates,plural_lower,singular_to_plural+lowercase
knife,knives,plural_lower,singular_to_plural+lowercase
fork,forks,plural_lower,singular_to_plural+lowercase
spoon,spoons,plural_lower,singular_to_plural+lowercase
apple,apples,plural_lower,singular_to_plural+lowercase
orange,oranges,plural_lower,singular_to_plural+lowercase
banana,bananas,plural_lower,singular_to_plural+lowercase
potato,potatoes,plural_lower,singular_to_plural+lowercase
tomato,tomatoes,plural_lower,singular_to_plural+lowercase
box,boxes,plural_lower,singular_to_plural+lowercase
brush,brushes,plural_lower,singular_to_plural+lowercase
watch,watches,plural_lower,singular_to_plural+lowercase
beach,beaches,plural_lower,singular_to_plural+lowercase
class,classes,plural_lower,singular_to_plural+lowercase
bus,buses,plural_lower,singular_to_plural+lowercase
kiss,kisses,plural_lower,singular_to_plural+lowercase
dish,dishes,plural_lower,singular_to_plural+lowercase
fox,foxes,plural_lower,singular_to_plural+lowercase
church,churches,plural_lower,singular_to_plural+lowercase
baby,babies,plural_lower,singular_to_plural+lowercase
lady,ladies,plural_lower,singular_to_plural+lowercase
story,stories,plural_lower,singular_to_plural+lowercase
party,parties,plural_lower,singular_to_plural+lowercase
library,libraries,plural_lower,singular_to_plural+lowercase
berry,berries,plural_lower,singular_to_plural+lowercase
butterfly,butterflies,plural_lower,singular_to_plural+lowercase
leaf,leaves,plural_lower,singular_to_plural+lowercase
wolf,wolves,plural_lower,singular_to_plural+lowercase
life,lives,plural_lower,singular_to_plural+lowercase
wife,wives,plural_lower,singular_to_plural+lowercase
half,halves,plural_lower,singular_to_plural+lowercase
loaf,loaves,plural_lower,singular_to_plural+lowercase
shelf,shelves,plural_lower,singular_to_plural+lowercase
thief,thieves,plural_lower,singular_to_plural+lowercase
scarf,scarves,plural_lower,singular_to_plural+lowercase
calf,calves,plural_lower,singular_to_plural+lowercase
hero,heroes,plural_lower,singular_to_plural+lowercase
echo,echoes,plural_lower,singular_to_plural+lowercase
cargo,cargoes,plural_lower,singular_to_plural+lowercase
mosquito,mosquitoes,plural_lower,singular_to_plural+lowercase
volcano,volcanoes,plural_lower,singular_to_plural+lowercase
piano,pianos,plural_lower,singular_to_plural+lowercase
photo,photos,plural_lower,singular_to_plural+lowercase
video,videos,plural_lower,singular_to_plural+lowercase
radio,radios,plural_lower,singular_to_plural+lowercase
studio,studios,plural_lower,singular_to_plural+lowercase
tree,trees,plural_lower,singular_to_plural+lowercase
key,keys,plural_lower,singular_to_plural+lowercase
boy,boys,plural_lower,singular_to_plural+lowercase
toy,toys,plural_lower,singular_to_plural+lowercase
day,days,plural_lower,singular_to_plural+lowercase
way,ways,plural_lower,singular_to_plural+lowercase
eye,eyes,plural_lower,singular_to_plural+lowercase
guy,guys,plural_lower,singular_to_plural+lowercase
ray,rays,plural_lower,singular_to_plural+lowercase
bay,bays,plural_lower,singular_to_plural+lowercase
arm,arms,plural_lower,singular_to_plural+lowercase
leg,legs,plural_lower,singular_to_plural+lowercase
ear,ears,plural_lower,singular_to_plural+lowercase
hand,hands,plural_lower,singular_to_plural+lowercase
finger,fingers,plural_lower,singular_to_plural+lowercase
toe,toes,plural_lower,singular_to_plural+lowercase
nose,noses,plural_lower,singular_to_plural+lowercase
bone,bones,plural_lower,singular_to_plural+lowercase
muscle,muscles,plural_lower,singular_to_plural+lowercase
nerve,nerves,plural_lower,singular_to_plural+lowercase
vein,veins,plural_lower,singular_to_plural+lowercase
artery,arteries,plural_lower,singular_to_plural+lowercase
lung,lungs,plural_lower,singular_to_plural+lowercase
kidney,kidneys,plural_lower,singular_to_plural+lowercase
liver,livers,plural_lower,singular_to_plural+lowercase
brain,brains,plural_lower,singular_to_plural+lowercase
heart,hearts,plural_lower,singular_to_plural+lowercase
stomach,stomachs,plural_lower,singular_to_plural+lowercase
teacher,teachers,plural_lower,singular_to_plural+lowercase
student,students,plural_lower,singular_to_plural+lowercase
doctor,doctors,plural_lower,singular_to_plural+lowercase
nurse,nurses,plural_lower,singular_to_plural+lowercase
farmer,farmers,plural_lower,singular_to_plural+lowercase
worker,workers,plural_lower,singular_to_plural+lowercase
driver,drivers,plural_lower,singular_to_plural+lowercase
pilot,pilots,plural_lower,singular_to_plural+lowercase
singer,singers,plural_lower,singular_to_plural+lowercase
dancer,dancers,plural_lower,singular_to_plural+lowercase
writer,writers,plural_lower,singular_to_plural+lowercase
painter,painters,plural_lower,singular_to_plural+lowercase
player,players,plural_lower,singular_to_plural+lowercase
swimmer,swimmers,plural_lower,singular_to_plural+lowercase
runner,runners,plural_lower,singular_to_plural+lowercase
builder,builders,plural_lower,singular_to_plural+lowercase
soldier,soldiers,plural_lower,singular_to_plural+lowercase
sailor,sailors,plural_lower,singular_to_plural+lowercase
officer,officers,plural_lower,singular_to_plural+lowercase
lawyer,lawyers,plural_lower,singular_to_plural+lowercase
engineer,engineers,plural_lower,singular_to_plural+lowercase
scientist,scientists,plural_lower,singular_to_plural+lowercase
musician,musicians,plural_lower,singular_to_plural+lowercase
artist,artists,plural_lower,singular_to_plural+lowercase
actor,actors,plural_lower,singular_to_plural+lowercase
actress,actresses,plural_lower,singular_to_plural+lowercase
chef,chefs,plural_lower,singular_to_plural+lowercase
baker,bakers,plural_lower,singular_to_plural+lowercase
butcher,butchers,plural_lower,singular_to_plural+lowercase
tailor,tailors,plural_lower,singular_to_plural+lowercase
clerk,clerks,plural_lower,singular_to_plural+lowercase
manager,managers,plural_lower,singular_to_plural+lowercase
director,directors,plural_lower,singular_to_plural+lowercase
president,presidents,plural_lower,singular_to_plural+lowercase
king,kings,plural_lower,singular_to_plural+lowercase
queen,queens,plural_lower,singular_to_plural+lowercase
prince,princes,plural_lower,singular_to_plural+lowercase
princess,princesses,plural_lower,singular_to_plural+lowercase
emperor,emperors,plural_lower,singular_to_plural+lowercase
empress,empresses,plural_lower,singular_to_plural+lowercase
duke,dukes,plural_lower,singular_to_plural+lowercase
duchess,duchesses,plural_lower,singular_to_plural+lowercase
lord,lords,plural_lower,singular_to_plural+lowercase
knight,knights,plural_lower,singular_to_plural+lowercase
heroine,heroines,plural_lower,singular_to_plural+lowercase
villain,villains,plural_lower,singular_to_plural+lowercase
self,selves,plural_lower,singular_to_plural+lowercase
elf,elves,plural_lower,singular_to_plural+lowercase
wharf,wharves,plural_lower,singular_to_plural+lowercase
belief,beliefs,plural_lower,singular_to_plural+lowercase
chief,chiefs,plural_lower,singular_to_plural+lowercase
cliff,cliffs,plural_lower,singular_to_plural+lowercase
proof,proofs,plural_lower,singular_to_plural+lowercase
roof,roofs,plural_lower,singular_to_plural+lowercase
safe,safes,plural_lower,singular_to_plural+lowercase
grief,griefs,plural_lower,singular_to_plural+lowercase
reef,reefs,plural_lower,singular_to_plural+lowercase
gulf,gulfs,plural_lower,singular_to_plural+lowercase
dwarf,dwarves,plural_lower,singular_to_plural+lowercase
hoof,hooves,plural_lower,singular_to_plural+lowercase
datum,data,plural_lower,singular_to_plural+lowercase
medium,media,plural_lower,singular_to_plural+lowercase
curriculum,curricula,plural_lower,singular_to_plural+lowercase
phenomenon,phenomena,plural_lower,singular_to_plural+lowercase
criterion,criteria,plural_lower,singular_to_plural+lowercase
analysis,analyses,plural_lower,singular_to_plural+lowercase
basis,bases,plural_lower,singular_to_plural+lowercase
crisis,crises,plural_lower,singular_to_plural+lowercase
thesis,theses,plural_lower,singular_to_plural+lowercase
oasis,oases,plural_lower,singular_to_plural+lowercase
axis,axes,plural_lower,singular_to_plural+lowercase
parenthesis,parentheses,plural_lower,singular_to_plural+lowercase
child,nerdlihc,plural_reverse,singular_to_plural+reverse
mouse,ecim,plural_reverse,singular_to_plural+reverse
foot,teef,plural_reverse,singular_to_plural+reverse
tooth,hteet,plural_reverse,singular_to_plural+reverse
woman,nemow,plural_reverse,singular_to_plural+reverse
man,nem,plural_reverse,singular_to_plural+reverse
person,elpoep,plural_reverse,singular_to_plural+reverse
bird,sdrib,plural_reverse,singular_to_plural+reverse
sheep,peehs,plural_reverse,singular_to_plural+reverse
deer,reed,plural_reverse,singular_to_plural+reverse
goose,eseeg,plural_reverse,singular_to_plural+reverse
ox,nexo,plural_reverse,singular_to_plural+reverse
computer,sretupmoc,plural_reverse,singular_to_plural+reverse
phone,senohp,plural_reverse,singular_to_plural+reverse
pen,snep,plural_reverse,singular_to_plural+reverse
pencil,slicnep,plural_reverse,singular_to_plural+reverse
paper,srepap,plural_reverse,singular_to_plural+reverse
cup,spuc,plural_reverse,singular_to_plural+reverse
glass,sessalg,plural_reverse,singular_to_plural+reverse
plate,setalp,plural_reverse,singular_to_plural+reverse
knife,sevink,plural_reverse,singular_to_plural+reverse
fork,skrof,plural_reverse,singular_to_plural+reverse
spoon,snoops,plural_reverse,singular_to_plural+reverse
apple,selppa,plural_reverse,singular_to_plural+reverse
orange,segnaro,plural_reverse,singular_to_plural+reverse
banana,sananab,plural_reverse,singular_to_plural+reverse
potato,seotatop,plural_reverse,singular_to_plural+reverse
tomato,seotamot,plural_reverse,singular_to_plural+reverse
box,sexob,plural_reverse,singular_to_plural+reverse
brush,sehsurb,plural_reverse,singular_to_plural+reverse
watch,sehctaw,plural_reverse,singular_to_plural+reverse
beach,sehcaeb,plural_reverse,singular_to_plural+reverse
class,sessalc,plural_reverse,singular_to_plural+reverse
bus,sesub,plural_reverse,singular_to_plural+reverse
kiss,sessik,plural_reverse,singular_to_plural+reverse
dish,sehsid,plural_reverse,singular_to_plural+reverse
fox,sexof,plural_reverse,singular_to_plural+reverse
church,sehcruhc,plural_reverse,singular_to_plural+reverse
baby,seibab,plural_reverse,singular_to_plural+reverse
lady,seidal,plural_reverse,singular_to_plural+reverse
story,seirots,plural_reverse,singular_to_plural+reverse
party,seitrap,plural_reverse,singular_to_plural+reverse
library,seirarbil,plural_reverse,singular_to_plural+reverse
berry,seirreb,plural_reverse,singular_to_plural+reverse
butterfly,seilfrettub,plural_reverse,singular_to_plural+reverse
leaf,sevael,plural_reverse,singular_to_plural+reverse
wolf,sevlow,plural_reverse,singular_to_plural+reverse
life,sevil,plural_reverse,singular_to_plural+reverse
wife,seviw,plural_reverse,singular_to_plural+reverse
half,sevlah,plural_reverse,singular_to_plural+reverse
loaf,sevaol,plural_reverse,singular_to_plural+reverse
shelf,sevlehs,plural_reverse,singular_to_plural+reverse
thief,seveiht,plural_reverse,singular_to_plural+reverse
scarf,sevracs,plural_reverse,singular_to_plural+reverse
calf,sevlac,plural_reverse,singular_to_plural+reverse
hero,seoreh,plural_reverse,singular_to_plural+reverse
echo,seohce,plural_reverse,singular_to_plural+reverse
cargo,seograc,plural_reverse,singular_to_plural+reverse
mosquito,seotiuqsom,plural_reverse,singular_to_plural+reverse
volcano,seonaclov,plural_reverse,singular_to_plural+reverse
piano,sonaip,plural_reverse,singular_to_plural+reverse
photo,sotohp,plural_reverse,singular_to_plural+reverse
video,soediv,plural_reverse,singular_to_plural+reverse
radio,soidar,plural_reverse,singular_to_plural+reverse
studio,soiduts,plural_reverse,singular_to_plural+reverse
tree,seert,plural_reverse,singular_to_plural+reverse
key,syek,plural_reverse,singular_to_plural+reverse
boy,syob,plural_reverse,singular_to_plural+reverse
toy,syot,plural_reverse,singular_to_plural+reverse
day,syad,plural_reverse,singular_to_plural+reverse
way,syaw,plural_reverse,singular_to_plural+reverse
eye,seye,plural_reverse,singular_to_plural+reverse
guy,syug,plural_reverse,singular_to_plural+reverse
ray,syar,plural_reverse,singular_to_plural+reverse
bay,syab,plural_reverse,singular_to_plural+reverse
arm,smra,plural_reverse,singular_to_plural+reverse
leg,sgel,plural_reverse,singular_to_plural+reverse
ear,srae,plural_reverse,singular_to_plural+reverse
hand,sdnah,plural_reverse,singular_to_plural+reverse
finger,sregnif,plural_reverse,singular_to_plural+reverse
toe,seot,plural_reverse,singular_to_plural+reverse
nose,seson,plural_reverse,singular_to_plural+reverse
bone,senob,plural_reverse,singular_to_plural+reverse
muscle,selcsum,plural_reverse,singular_to_plural+reverse
nerve,sevren,plural_reverse,singular_to_plural+reverse
vein,sniev,plural_reverse,singular_to_plural+reverse
artery,seiretra,plural_reverse,singular_to_plural+reverse
lung,sgnul,plural_reverse,singular_to_plural+reverse
kidney,syendik,plural_reverse,singular_to_plural+reverse
liver,srevil,plural_reverse,singular_to_plural+reverse
brain,sniarb,plural_reverse,singular_to_plural+reverse
heart,straeh,plural_reverse,singular_to_plural+reverse
stomach,shcamots,plural_reverse,singular_to_plural+reverse
teacher,srehcaet,plural_reverse,singular_to_plural+reverse
student,stneduts,plural_reverse,singular_to_plural+reverse
doctor,srotcod,plural_reverse,singular_to_plural+reverse
nurse,sesrun,plural_reverse,singular_to_plural+reverse
farmer,sremraf,plural_reverse,singular_to_plural+reverse
worker,srekrow,plural_reverse,singular_to_plural+reverse
driver,srevird,plural_reverse,singular_to_plural+reverse
pilot,stolip,plural_reverse,singular_to_plural+reverse
singer,sregnis,plural_reverse,singular_to_plural+reverse
dancer,srecnad,plural_reverse,singular_to_plural+reverse
writer,sretirw,plural_reverse,singular_to_plural+reverse
painter,sretniap,plural_reverse,singular_to_plural+reverse
player,sreyalp,plural_reverse,singular_to_plural+reverse
swimmer,sremmiws,plural_reverse,singular_to_plural+reverse
runner,srennur,plural_reverse,singular_to_plural+reverse
builder,sredliub,plural_reverse,singular_to_plural+reverse
soldier,sreidlos,plural_reverse,singular_to_plural+reverse
sailor,srolias,plural_reverse,singular_to_plural+reverse
officer,sreciffo,plural_reverse,singular_to_plural+reverse
lawyer,sreywal,plural_reverse,singular_to_plural+reverse
engineer,sreenigne,plural_reverse,singular_to_plural+reverse
scientist,stsitneics,plural_reverse,singular_to_plural+reverse
musician,snaicisum,plural_reverse,singular_to_plural+reverse
artist,stsitra,plural_reverse,singular_to_plural+reverse
actor,srotca,plural_reverse,singular_to_plural+reverse
actress,sessertca,plural_reverse,singular_to_plural+reverse
chef,sfehc,plural_reverse,singular_to_plural+reverse
baker,srekab,plural_reverse,singular_to_plural+reverse
butcher,srehctub,plural_reverse,singular_to_plural+reverse
tailor,sroliat,plural_reverse,singular_to_plural+reverse
clerk,skrelc,plural_reverse,singular_to_plural+reverse
manager,sreganam,plural_reverse,singular_to_plural+reverse
director,srotcerid,plural_reverse,singular_to_plural+reverse
president,stnediserp,plural_reverse,singular_to_plural+reverse
king,sgnik,plural_reverse,singular_to_plural+reverse
queen,sneeuq,plural_reverse,singular_to_plural+reverse
prince,secnirp,plural_reverse,singular_to_plural+reverse
princess,sessecnirp,plural_reverse,singular_to_plural+reverse
emperor,srorepme,plural_reverse,singular_to_plural+reverse
empress,sesserpme,plural_reverse,singular_to_plural+reverse
duke,sekud,plural_reverse,singular_to_plural+reverse
duchess,sessehcud,plural_reverse,singular_to_plural+reverse
lord,sdrol,plural_reverse,singular_to_plural+reverse
knight,sthgink,plural_reverse,singular_to_plural+reverse
heroine,senioreh,plural_reverse,singular_to_plural+reverse
villain,snialliv,plural_reverse,singular_to_plural+reverse
self,sevles,plural_reverse,singular_to_plural+reverse
elf,sevle,plural_reverse,singular_to_plural+reverse
wharf,sevrahw,plural_reverse,singular_to_plural+reverse
belief,sfeileb,plural_reverse,singular_to_plural+reverse
chief,sfeihc,plural_reverse,singular_to_plural+reverse
cliff,sffilc,plural_reverse,singular_to_plural+reverse
proof,sfoorp,plural_reverse,singular_to_plural+reverse
roof,sfoor,plural_reverse,singular_to_plural+reverse
safe,sefas,plural_reverse,singular_to_plural+reverse
grief,sfeirg,plural_reverse,singular_to_plural+reverse
reef,sfeer,plural_reverse,singular_to_plural+reverse
gulf,sflug,plural_reverse,singular_to_plural+reverse
dwarf,sevrawd,plural_reverse,singular_to_plural+reverse
hoof,sevooh,plural_reverse,singular_to_plural+reverse
datum,atad,plural_reverse,singular_to_plural+reverse
medium,aidem,plural_reverse,singular_to_plural+reverse
curriculum,alucirruc,plural_reverse,singular_to_plural+reverse
phenomenon,anemonehp,plural_reverse,singular_to_plural+reverse
criterion,airetirc,plural_reverse,singular_to_plural+reverse
analysis,sesylana,plural_reverse,singular_to_plural+reverse
basis,sesab,plural_reverse,singular_to_plural+reverse
crisis,sesirc,plural_reverse,singular_to_plural+reverse
thesis,seseht,plural_reverse,singular_to_plural+reverse
oasis,sesao,plural_reverse,singular_to_plural+reverse
axis,sexa,plural_reverse,singular_to_plural+reverse
parenthesis,sesehtnerap,plural_reverse,singular_to_plural+reverse
child,c,plural_first,singular_to_plural+first_letter
mouse,m,plural_first,singular_to_plural+first_letter
foot,f,plural_first,singular_to_plural+first_letter
tooth,t,plural_first,singular_to_plural+first_letter
woman,w,plural_first,singular_to_plural+first_letter
man,m,plural_first,singular_to_plural+first_letter
person,p,plural_first,singular_to_plural+first_letter
bird,b,plural_first,singular_to_plural+first_letter
sheep,s,plural_first,singular_to_plural+first_letter
deer,d,plural_first,singular_to_plural+first_letter
goose,g,plural_first,singular_to_plural+first_letter
ox,o,plural_first,singular_to_plural+first_letter
computer,c,plural_first,singular_to_plural+first_letter
phone,p,plural_first,singular_to_plural+first_letter
pen,p,plural_first,singular_to_plural+first_letter
pencil,p,plural_first,singular_to_plural+first_letter
paper,p,plural_first,singular_to_plural+first_letter
cup,c,plural_first,singular_to_plural+first_letter
glass,g,plural_first,singular_to_plural+first_letter
plate,p,plural_first,singular_to_plural+first_letter
knife,k,plural_first,singular_to_plural+first_letter
fork,f,plural_first,singular_to_plural+first_letter
spoon,s,plural_first,singular_to_plural+first_letter
apple,a,plural_first,singular_to_plural+first_letter
orange,o,plural_first,singular_to_plural+first_letter
banana,b,plural_first,singular_to_plural+first_letter
potato,p,plural_first,singular_to_plural+first_letter
tomato,t,plural_first,singular_to_plural+first_letter
box,b,plural_first,singular_to_plural+first_letter
brush,b,plural_first,singular_to_plural+first_letter
watch,w,plural_first,singular_to_plural+first_letter
beach,b,plural_first,singular_to_plural+first_letter
class,c,plural_first,singular_to_plural+first_letter
bus,b,plural_first,singular_to_plural+first_letter
kiss,k,plural_first,singular_to_plural+first_letter
dish,d,plural_first,singular_to_plural+first_letter
fox,f,plural_first,singular_to_plural+first_letter
church,c,plural_first,singular_to_plural+first_letter
baby,b,plural_first,singular_to_plural+first_letter
lady,l,plural_first,singular_to_plural+first_letter
story,s,plural_first,singular_to_plural+first_letter
party,p,plural_first,singular_to_plural+first_letter
library,l,plural_first,singular_to_plural+first_letter
berry,b,plural_first,singular_to_plural+first_letter
butterfly,b,plural_first,singular_to_plural+first_letter
leaf,l,plural_first,singular_to_plural+first_letter
wolf,w,plural_first,singular_to_plural+first_letter
life,l,plural_first,singular_to_plural+first_letter
wife,w,plural_first,singular_to_plural+first_letter
half,h,plural_first,singular_to_plural+first_letter
loaf,l,plural_first,singular_to_plural+first_letter
shelf,s,plural_first,singular_to_plural+first_letter
thief,t,plural_first,singular_to_plural+first_letter
scarf,s,plural_first,singular_to_plural+first_letter
calf,c,plural_first,singular_to_plural+first_letter
hero,h,plural_first,singular_to_plural+first_letter
echo,e,plural_first,singular_to_plural+first_letter
cargo,c,plural_first,singular_to_plural+first_letter
mosquito,m,plural_first,singular_to_plural+first_letter
volcano,v,plural_first,singular_to_plural+first_letter
piano,p,plural_first,singular_to_plural+first_letter
photo,p,plural_first,singular_to_plural+first_letter
video,v,plural_first,singular_to_plural+first_letter
radio,r,plural_first,singular_to_plural+first_letter
studio,s,plural_first,singular_to_plural+first_letter
tree,t,plural_first,singular_to_plural+first_letter
key,k,plural_first,singular_to_plural+first_letter
boy,b,plural_first,singular_to_plural+first_letter
toy,t,plural_first,singular_to_plural+first_letter
day,d,plural_first,singular_to_plural+first_letter
way,w,plural_first,singular_to_plural+first_letter
eye,e,plural_first,singular_to_plural+first_letter
guy,g,plural_first,singular_to_plural+first_letter
ray,r,plural_first,singular_to_plural+first_letter
bay,b,plural_first,singular_to_plural+first_letter
arm,a,plural_first,singular_to_plural+first_letter
leg,l,plural_first,singular_to_plural+first_letter
ear,e,plural_first,singular_to_plural+first_letter
hand,h,plural_first,singular_to_plural+first_letter
finger,f,plural_first,singular_to_plural+first_letter
toe,t,plural_first,singular_to_plural+first_letter
nose,n,plural_first,singular_to_plural+first_letter
bone,b,plural_first,singular_to_plural+first_letter
muscle,m,plural_first,singular_to_plural+first_letter
nerve,n,plural_first,singular_to_plural+first_letter
vein,v,plural_first,singular_to_plural+first_letter
artery,a,plural_first,singular_to_plural+first_letter
lung,l,plural_first,singular_to_plural+first_letter
kidney,k,plural_first,singular_to_plural+first_letter
liver,l,plural_first,singular_to_plural+first_letter
brain,b,plural_first,singular_to_plural+first_letter
heart,h,plural_first,singular_to_plural+first_letter
stomach,s,plural_first,singular_to_plural+first_letter
teacher,t,plural_first,singular_to_plural+first_letter
student,s,plural_first,singular_to_plural+first_letter
doctor,d,plural_first,singular_to_plural+first_letter
nurse,n,plural_first,singular_to_plural+first_letter
farmer,f,plural_first,singular_to_plural+first_letter
worker,w,plural_first,singular_to_plural+first_letter
driver,d,plural_first,singular_to_plural+first_letter
pilot,p,plural_first,singular_to_plural+first_letter
singer,s,plural_first,singular_to_plural+first_letter
dancer,d,plural_first,singular_to_plural+first_letter
writer,w,plural_first,singular_to_plural+first_letter
painter,p,plural_first,singular_to_plural+first_letter
player,p,plural_first,singular_to_plural+first_letter
swimmer,s,plural_first,singular_to_plural+first_letter
runner,r,plural_first,singular_to_plural+first_letter
builder,b,plural_first,singular_to_plural+first_letter
soldier,s,plural_first,singular_to_plural+first_letter
sailor,s,plural_first,singular_to_plural+first_letter
officer,o,plural_first,singular_to_plural+first_letter
lawyer,l,plural_first,singular_to_plural+first_letter
engineer,e,plural_first,singular_to_plural+first_letter
scientist,s,plural_first,singular_to_plural+first_letter
musician,m,plural_first,singular_to_plural+first_letter
artist,a,plural_first,singular_to_plural+first_letter
actor,a,plural_first,singular_to_plural+first_letter
actress,a,plural_first,singular_to_plural+first_letter
chef,c,plural_first,singular_to_plural+first_letter
baker,b,plural_first,singular_to_plural+first_letter
butcher,b,plural_first,singular_to_plural+first_letter
tailor,t,plural_first,singular_to_plural+first_letter
clerk,c,plural_first,singular_to_plural+first_letter
manager,m,plural_first,singular_to_plural+first_letter
director,d,plural_first,singular_to_plural+first_letter
president,p,plural_first,singular_to_plural+first_letter
king,k,plural_first,singular_to_plural+first_letter
queen,q,plural_first,singular_to_plural+first_letter
prince,p,plural_first,singular_to_plural+first_letter
princess,p,plural_first,singular_to_plural+first_letter
emperor,e,plural_first,singular_to_plural+first_letter
empress,e,plural_first,singular_to_plural+first_letter
duke,d,plural_first,singular_to_plural+first_letter
duchess,d,plural_first,singular_to_plural+first_letter
lord,l,plural_first,singular_to_plural+first_letter
knight,k,plural_first,singular_to_plural+first_letter
heroine,h,plural_first,singular_to_plural+first_letter
villain,v,plural_first,singular_to_plural+first_letter
self,s,plural_first,singular_to_plural+first_letter
elf,e,plural_first,singular_to_plural+first_letter
wharf,w,plural_first,singular_to_plural+first_letter
belief,b,plural_first,singular_to_plural+first_letter
chief,c,plural_first,singular_to_plural+first_letter
cliff,c,plural_first,singular_to_plural+first_letter
proof,p,plural_first,singular_to_plural+first_letter
roof,r,plural_first,singular_to_plural+first_letter
safe,s,plural_first,singular_to_plural+first_letter
grief,g,plural_first,singular_to_plural+first_letter
reef,r,plural_first,singular_to_plural+first_letter
gulf,g,plural_first,singular_to_plural+first_letter
dwarf,d,plural_first,singular_to_plural+first_letter
hoof,h,plural_first,singular_to_plural+first_letter
datum,d,plural_first,singular_to_plural+first_letter
medium,m,plural_first,singular_to_plural+first_letter
curriculum,c,plural_first,singular_to_plural+first_letter
phenomenon,p,plural_first,singular_to_plural+first_letter
criterion,c,plural_first,singular_to_plural+first_letter
analysis,a,plural_first,singular_to_plural+first_letter
basis,b,plural_first,singular_to_plural+first_letter
crisis,c,plural_first,singular_to_plural+first_letter
thesis,t,plural_first,singular_to_plural+first_letter
oasis,o,plural_first,singular_to_plural+first_letter
axis,a,plural_first,singular_to_plural+first_letter
parenthesis,p,plural_first,singular_to_plural+first_letter
child,n,plural_last,singular_to_plural+last_letter
mouse,e,plural_last,singular_to_plural+last_letter
foot,t,plural_last,singular_to_plural+last_letter
tooth,h,plural_last,singular_to_plural+last_letter
woman,n,plural_last,singular_to_plural+last_letter
man,n,plural_last,singular_to_plural+last_letter
person,e,plural_last,singular_to_plural+last_letter
bird,s,plural_last,singular_to_plural+last_letter
sheep,p,plural_last,singular_to_plural+last_letter
deer,r,plural_last,singular_to_plural+last_letter
goose,e,plural_last,singular_to_plural+last_letter
ox,n,plural_last,singular_to_plural+last_letter
computer,s,plural_last,singular_to_plural+last_letter
phone,s,plural_last,singular_to_plural+last_letter
pen,s,plural_last,singular_to_plural+last_letter
pencil,s,plural_last,singular_to_plural+last_letter
paper,s,plural_last,singular_to_plural+last_letter
cup,s,plural_last,singular_to_plural+last_letter
glass,s,plural_last,singular_to_plural+last_letter
plate,s,plural_last,singular_to_plural+last_letter
knife,s,plural_last,singular_to_plural+last_letter
fork,s,plural_last,singular_to_plural+last_letter
spoon,s,plural_last,singular_to_plural+last_letter
apple,s,plural_last,singular_to_plural+last_letter
orange,s,plural_last,singular_to_plural+last_letter
banana,s,plural_last,singular_to_plural+last_letter
potato,s,plural_last,singular_to_plural+last_letter
tomato,s,plural_last,singular_to_plural+last_letter
box,s,plural_last,singular_to_plural+last_letter
brush,s,plural_last,singular_to_plural+last_letter
watch,s,plural_last,singular_to_plural+last_letter
beach,s,plural_last,singular_to_plural+last_letter
class,s,plural_last,singular_to_plural+last_letter
bus,s,plural_last,singular_to_plural+last_letter
kiss,s,plural_last,singular_to_plural+last_letter
dish,s,plural_last,singular_to_plural+last_letter
fox,s,plural_last,singular_to_plural+last_letter
church,s,plural_last,singular_to_plural+last_letter
baby,s,plural_last,singular_to_plural+last_letter
lady,s,plural_last,singular_to_plural+last_letter
story,s,plural_last,singular_to_plural+last_letter
party,s,plural_last,singular_to_plural+last_letter
library,s,plural_last,singular_to_plural+last_letter
berry,s,plural_last,singular_to_plural+last_letter
butterfly,s,plural_last,singular_to_plural+last_letter
leaf,s,plural_last,singular_to_plural+last_letter
wolf,s,plural_last,singular_to_plural+last_letter
life,s,plural_last,singular_to_plural+last_letter
wife,s,plural_last,singular_to_plural+last_letter
half,s,plural_last,singular_to_plural+last_letter
loaf,s,plural_last,singular_to_plural+last_letter
shelf,s,plural_last,singular_to_plural+last_letter
thief,s,plural_last,singular_to_plural+last_letter
scarf,s,plural_last,singular_to_plural+last_letter
calf,s,plural_last,singular_to_plural+last_letter
hero,s,plural_last,singular_to_plural+last_letter
echo,s,plural_last,singular_to_plural+last_letter
cargo,s,plural_last,singular_to_plural+last_letter
mosquito,s,plural_last,singular_to_plural+last_letter
volcano,s,plural_last,singular_to_plural+last_letter
piano,s,plural_last,singular_to_plural+last_letter
photo,s,plural_last,singular_to_plural+last_letter
video,s,plural_last,singular_to_plural+last_letter
radio,s,plural_last,singular_to_plural+last_letter
studio,s,plural_last,singular_to_plural+last_letter
tree,s,plural_last,singular_to_plural+last_letter
key,s,plural_last,singular_to_plural+last_letter
boy,s,plural_last,singular_to_plural+last_letter
toy,s,plural_last,singular_to_plural+last_letter
day,s,plural_last,singular_to_plural+last_letter
way,s,plural_last,singular_to_plural+last_letter
eye,s,plural_last,singular_to_plural+last_letter
guy,s,plural_last,singular_to_plural+last_letter
ray,s,plural_last,singular_to_plural+last_letter
bay,s,plural_last,singular_to_plural+last_letter
arm,s,plural_last,singular_to_plural+last_letter
leg,s,plural_last,singular_to_plural+last_letter
ear,s,plural_last,singular_to_plural+last_letter
hand,s,plural_last,singular_to_plural+last_letter
finger,s,plural_last,singular_to_plural+last_letter
toe,s,plural_last,singular_to_plural+last_letter
nose,s,plural_last,singular_to_plural+last_letter
bone,s,plural_last,singular_to_plural+last_letter
muscle,s,plural_last,singular_to_plural+last_letter
nerve,s,plural_last,singular_to_plural+last_letter
vein,s,plural_last,singular_to_plural+last_letter
artery,s,plural_last,singular_to_plural+last_letter
lung,s,plural_last,singular_to_plural+last_letter
kidney,s,plural_last,singular_to_plural+last_letter
liver,s,plural_last,singular_to_plural+last_letter
brain,s,plural_last,singular_to_plural+last_letter
heart,s,plural_last,singular_to_plural+last_letter
stomach,s,plural_last,singular_to_plural+last_letter
teacher,s,plural_last,singular_to_plural+last_letter
student,s,plural_last,singular_to_plural+last_letter
doctor,s,plural_last,singular_to_plural+last_letter
nurse,s,plural_last,singular_to_plural+last_letter
farmer,s,plural_last,singular_to_plural+last_letter
worker,s,plural_last,singular_to_plural+last_letter
driver,s,plural_last,singular_to_plural+last_letter
pilot,s,plural_last,singular_to_plural+last_letter
singer,s,plural_last,singular_to_plural+last_letter
dancer,s,plural_last,singular_to_plural+last_letter
writer,s,plural_last,singular_to_plural+last_letter
painter,s,plural_last,singular_to_plural+last_letter
player,s,plural_last,singular_to_plural+last_letter
swimmer,s,plural_last,singular_to_plural+last_letter
runner,s,plural_last,singular_to_plural+last_letter
builder,s,plural_last,singular_to_plural+last_letter
soldier,s,plural_last,singular_to_plural+last_letter
sailor,s,plural_last,singular_to_plural+last_letter
officer,s,plural_last,singular_to_plural+last_letter
lawyer,s,plural_last,singular_to_plural+last_letter
engineer,s,plural_last,singular_to_plural+last_letter
scientist,s,plural_last,singular_to_plural+last_letter
musician,s,plural_last,singular_to_plural+last_letter
artist,s,plural_last,singular_to_plural+last_letter
actor,s,plural_last,singular_to_plural+last_letter
actress,s,plural_last,singular_to_plural+last_letter
chef,s,plural_last,singular_to_plural+last_letter
baker,s,plural_last,singular_to_plural+last_letter
butcher,s,plural_last,singular_to_plural+last_letter
tailor,s,plural_last,singular_to_plural+last_letter
clerk,s,plural_last,singular_to_plural+last_letter
manager,s,plural_last,singular_to_plural+last_letter
director,s,plural_last,singular_to_plural+last_letter
president,s,plural_last,singular_to_plural+last_letter
king,s,plural_last,singular_to_plural+last_letter
queen,s,plural_last,singular_to_plural+last_letter
prince,s,plural_last,singular_to_plural+last_letter
princess,s,plural_last,singular_to_plural+last_letter
emperor,s,plural_last,singular_to_plural+last_letter
empress,s,plural_last,singular_to_plural+last_letter
duke,s,plural_last,singular_to_plural+last_letter
duchess,s,plural_last,singular_to_plural+last_letter
lord,s,plural_last,singular_to_plural+last_letter
knight,s,plural_last,singular_to_plural+last_letter
heroine,s,plural_last,singular_to_plural+last_letter
villain,s,plural_last,singular_to_plural+last_letter
self,s,plural_last,singular_to_plural+last_letter
elf,s,plural_last,singular_to_plural+last_letter
wharf,s,plural_last,singular_to_plural+last_letter
belief,s,plural_last,singular_to_plural+last_letter
chief,s,plural_last,singular_to_plural+last_letter
cliff,s,plural_last,singular_to_plural+last_letter
proof,s,plural_last,singular_to_plural+last_letter
roof,s,plural_last,singular_to_plural+last_letter
safe,s,plural_last,singular_to_plural+last_letter
grief,s,plural_last,singular_to_plural+last_letter
reef,s,plural_last,singular_to_plural+last_letter
gulf,s,plural_last,singular_to_plural+last_letter
dwarf,s,plural_last,singular_to_plural+last_letter
hoof,s,plural_last,singular_to_plural+last_letter
datum,a,plural_last,singular_to_plural+last_letter
medium,a,plural_last,singular_to_plural+last_letter
curriculum,a,plural_last,singular_to_plural+last_letter
phenomenon,a,plural_last,singular_to_plural+last_letter
criterion,a,plural_last,singular_to_plural+last_letter
analysis,s,plural_last,singular_to_plural+last_letter
basis,s,plural_last,singular_to_plural+last_letter
crisis,s,plural_last,singular_to_plural+last_letter
thesis,s,plural_last,singular_to_plural+last_letter
oasis,s,plural_last,singular_to_plural+last_letter
axis,s,plural_last,singular_to_plural+last_letter
parenthesis,s,plural_last,singular_to_plural+last_letter
run,GNINNUR,gerund_upper_reverse,present_to_gerund+uppercase+reverse
swim,GNIMMIWS,gerund_upper_reverse,present_to_gerund+uppercase+reverse
walk,GNIKLAW,gerund_upper_reverse,present_to_gerund+uppercase+reverse
jump,GNIPMUJ,gerund_upper_reverse,present_to_gerund+uppercase+reverse
dance,GNICNAD,gerund_upper_reverse,present_to_gerund+uppercase+reverse
sing,GNIGNIS,gerund_upper_reverse,present_to_gerund+uppercase+reverse
read,GNIDAER,gerund_upper_reverse,present_to_gerund+uppercase+reverse
write,GNITIRW,gerund_upper_reverse,present_to_gerund+uppercase+reverse
sleep,GNIPEELS,gerund_upper_reverse,present_to_gerund+uppercase+reverse
eat,GNITAE,gerund_upper_reverse,present_to_gerund+uppercase+reverse
drink,GNIKNIRD,gerund_upper_reverse,present_to_gerund+uppercase+reverse
talk,GNIKLAT,gerund_upper_reverse,present_to_gerund+uppercase+reverse
listen,GNINETSIL,gerund_upper_reverse,present_to_gerund+uppercase+reverse
think,GNIKNIHT,gerund_upper_reverse,present_to_gerund+uppercase+reverse
work,GNIKROW,gerund_upper_reverse,present_to_gerund+uppercase+reverse
play,GNIYALP,gerund_upper_reverse,present_to_gerund+uppercase+reverse
study,GNIYDUTS,gerund_upper_reverse,present_to_gerund+uppercase+reverse
learn,GNINRAEL,gerund_upper_reverse,present_to_gerund+uppercase+reverse
teach,GNIHCAET,gerund_upper_reverse,present_to_gerund+uppercase+reverse
build,GNIDLIUB,gerund_upper_reverse,present_to_gerund+uppercase+reverse
create,GNITAERC,gerund_upper_reverse,present_to_gerund+uppercase+reverse
paint,GNITNIAP,gerund_upper_reverse,present_to_gerund+uppercase+reverse
draw,GNIWARD,gerund_upper_reverse,present_to_gerund+uppercase+reverse
cook,GNIKOOC,gerund_upper_reverse,present_to_gerund+uppercase+reverse
bake,GNIKAB,gerund_upper_reverse,present_to_gerund+uppercase+reverse
clean,GNINAELC,gerund_upper_reverse,present_to_gerund+uppercase+reverse
wash,GNIHSAW,gerund_upper_reverse,present_to_gerund+uppercase+reverse
drive,GNIVIRD,gerund_upper_reverse,present_to_gerund+uppercase+reverse
fly,GNIYLF,gerund_upper_reverse,present_to_gerund+uppercase+reverse
sail,GNILIAS,gerund_upper_reverse,present_to_gerund+uppercase+reverse
climb,GNIBMILC,gerund_upper_reverse,present_to_gerund+uppercase+reverse
hike,GNIKIH,gerund_upper_reverse,present_to_gerund+uppercase+reverse
bike,GNIKIB,gerund_upper_reverse,present_to_gerund+uppercase+reverse
ski,GNIIKS,gerund_upper_reverse,present_to_gerund+uppercase+reverse
skate,GNITAKS,gerund_upper_reverse,present_to_gerund+uppercase+reverse
fish,GNIHSIF,gerund_upper_reverse,present_to_gerund+uppercase+reverse
hunt,GNITNUH,gerund_upper_reverse,present_to_gerund+uppercase+reverse
camp,GNIPMAC,gerund_upper_reverse,present_to_gerund+uppercase+reverse
travel,GNILEVART,gerund_upper_reverse,present_to_gerund+uppercase+reverse
explore,GNIROLPXE,gerund_upper_reverse,present_to_gerund+uppercase+reverse
laugh,GNIHGUAL,gerund_upper_reverse,present_to_gerund+uppercase+reverse
smile,GNILIMS,gerund_upper_reverse,present_to_gerund+uppercase+reverse
cry,GNIYRC,gerund_upper_reverse,present_to_gerund+uppercase+reverse
shout,GNITUOHS,gerund_upper_reverse,present_to_gerund+uppercase+reverse
whisper,GNIREPSIHW,gerund_upper_reverse,present_to_gerund+uppercase+reverse
love,GNIVOL,gerund_upper_reverse,present_to_gerund+uppercase+reverse
hate,GNITAH,gerund_upper_reverse,present_to_gerund+uppercase+reverse
help,GNIPLEH,gerund_upper_reverse,present_to_gerund+uppercase+reverse
share,GNIRAHS,gerund_upper_reverse,present_to_gerund+uppercase+reverse
care,GNIRAC,gerund_upper_reverse,present_to_gerund+uppercase+reverse
meet,GNITEEM,gerund_upper_reverse,present_to_gerund+uppercase+reverse
see,GNIEES,gerund_upper_reverse,present_to_gerund+uppercase+reverse
hear,GNIRAEH,gerund_upper_reverse,present_to_gerund+uppercase+reverse
feel,GNILEEF,gerund_upper_reverse,present_to_gerund+uppercase+reverse
smell,GNILLEMS,gerund_upper_reverse,present_to_gerund+uppercase+reverse
taste,GNITSAT,gerund_upper_reverse,present_to_gerund+uppercase+reverse
touch,GNIHCUOT,gerund_upper_reverse,present_to_gerund+uppercase+reverse
hold,GNIDLOH,gerund_upper_reverse,present_to_gerund+uppercase+reverse
carry,GNIYRRAC,gerund_upper_reverse,present_to_gerund+uppercase+reverse
throw,GNIWORHT,gerund_upper_reverse,present_to_gerund+uppercase+reverse
catch,GNIHCTAC,gerund_upper_reverse,present_to_gerund+uppercase+reverse
push,GNIHSUP,gerund_upper_reverse,present_to_gerund+uppercase+reverse
pull,GNILLUP,gerund_upper_reverse,present_to_gerund+uppercase+reverse
open,GNINEPO,gerund_upper_reverse,present_to_gerund+uppercase+reverse
close,GNISOLC,gerund_upper_reverse,present_to_gerund+uppercase+reverse
start,GNITRATS,gerund_upper_reverse,present_to_gerund+uppercase+reverse
stop,GNIPPOTS,gerund_upper_reverse,present_to_gerund+uppercase+reverse
begin,GNINNIGEB,gerund_upper_reverse,present_to_gerund+uppercase+reverse
end,GNIDNE,gerund_upper_reverse,present_to_gerund+uppercase+reverse
finish,GNIHSINIF,gerund_upper_reverse,present_to_gerund+uppercase+reverse
stand,GNIDNATS,gerund_upper_reverse,present_to_gerund+uppercase+reverse
sit,GNITTIS,gerund_upper_reverse,present_to_gerund+uppercase+reverse
lie,GNIYL,gerund_upper_reverse,present_to_gerund+uppercase+reverse
kneel,GNILEENK,gerund_upper_reverse,present_to_gerund+uppercase+reverse
bend,GNIDNEB,gerund_upper_reverse,present_to_gerund+uppercase+reverse
stretch,GNIHCTERTS,gerund_upper_reverse,present_to_gerund+uppercase+reverse
relax,GNIXALER,gerund_upper_reverse,present_to_gerund+uppercase+reverse
rest,GNITSER,gerund_upper_reverse,present_to_gerund+uppercase+reverse
wait,GNITIAW,gerund_upper_reverse,present_to_gerund+uppercase+reverse
move,GNIVOM,gerund_upper_reverse,present_to_gerund+uppercase+reverse
live,GNIVIL,gerund_upper_reverse,present_to_gerund+uppercase+reverse
give,GNIVIG,gerund_upper_reverse,present_to_gerund+uppercase+reverse
take,GNIKAT,gerund_upper_reverse,present_to_gerund+uppercase+reverse
make,GNIKAM,gerund_upper_reverse,present_to_gerund+uppercase+reverse
come,GNIMOC,gerund_upper_reverse,present_to_gerund+uppercase+reverse
leave,GNIVAEL,gerund_upper_reverse,present_to_gerund+uppercase+reverse
arrive,GNIVIRRA,gerund_upper_reverse,present_to_gerund+uppercase+reverse
believe,GNIVEILEB,gerund_upper_reverse,present_to_gerund+uppercase+reverse
achieve,GNIVEIHCA,gerund_upper_reverse,present_to_gerund+uppercase+reverse
receive,GNIVIECER,gerund_upper_reverse,present_to_gerund+uppercase+reverse
decide,GNIDICED,gerund_upper_reverse,present_to_gerund+uppercase+reverse
hope,GNIPOH,gerund_upper_reverse,present_to_gerund+uppercase+reverse
change,GNIGNAHC,gerund_upper_reverse,present_to_gerund+uppercase+reverse
manage,GNIGANAM,gerund_upper_reverse,present_to_gerund+uppercase+reverse
improve,GNIVORPMI,gerund_upper_reverse,present_to_gerund+uppercase+reverse
practice,GNICITCARP,gerund_upper_reverse,present_to_gerund+uppercase+reverse
notice,GNICITON,gerund_upper_reverse,present_to_gerund+uppercase+reverse
realize,GNIZILAER,gerund_upper_reverse,present_to_gerund+uppercase+reverse
organize,GNIZINAGRO,gerund_upper_reverse,present_to_gerund+uppercase+reverse
recognize,GNIZINGOCER,gerund_upper_reverse,present_to_gerund+uppercase+reverse
apologize,GNIZIGOLOPA,gerund_upper_reverse,present_to_gerund+uppercase+reverse
criticize,GNIZICITIRC,gerund_upper_reverse,present_to_gerund+uppercase+reverse
advertise,GNISITREVDA,gerund_upper_reverse,present_to_gerund+uppercase+reverse
exercise,GNISICREXE,gerund_upper_reverse,present_to_gerund+uppercase+reverse
surprise,GNISIRPRUS,gerund_upper_reverse,present_to_gerund+uppercase+reverse
promise,GNISIMORP,gerund_upper_reverse,present_to_gerund+uppercase+reverse
imagine,GNINIGAMI,gerund_upper_reverse,present_to_gerund+uppercase+reverse
examine,GNINIMAXE,gerund_upper_reverse,present_to_gerund+uppercase+reverse
determine,GNINIMRETED,gerund_upper_reverse,present_to_gerund+uppercase+reverse
continue,GNIUNITNOC,gerund_upper_reverse,present_to_gerund+uppercase+reverse
argue,GNIUGRA,gerund_upper_reverse,present_to_gerund+uppercase+reverse
issue,GNIUSSI,gerund_upper_reverse,present_to_gerund+uppercase+reverse
rescue,GNIUCSER,gerund_upper_reverse,present_to_gerund+uppercase+reverse
pursue,GNIUSRUP,gerund_upper_reverse,present_to_gerund+uppercase+reverse
value,GNIULAV,gerund_upper_reverse,present_to_gerund+uppercase+reverse
invite,GNITIVNI,gerund_upper_reverse,present_to_gerund+uppercase+reverse
excite,GNITICXE,gerund_upper_reverse,present_to_gerund+uppercase+reverse
unite,GNITINU,gerund_upper_reverse,present_to_gerund+uppercase+reverse
compete,GNITEPMOC,gerund_upper_reverse,present_to_gerund+uppercase+reverse
complete,GNITELPMOC,gerund_upper_reverse,present_to_gerund+uppercase+reverse
delete,GNITELED,gerund_upper_reverse,present_to_gerund+uppercase+reverse
greet,GNITEERG,gerund_upper_reverse,present_to_gerund+uppercase+reverse
repeat,GNITAEPER,gerund_upper_reverse,present_to_gerund+uppercase+reverse
defeat,GNITAEFED,gerund_upper_reverse,present_to_gerund+uppercase+reverse
treat,GNITAERT,gerund_upper_reverse,present_to_gerund+uppercase+reverse
relate,GNITALER,gerund_upper_reverse,present_to_gerund+uppercase+reverse
celebrate,GNITARBELEC,gerund_upper_reverse,present_to_gerund+uppercase+reverse
demonstrate,GNITARTSNOMED,gerund_upper_reverse,present_to_gerund+uppercase+reverse
hesitate,GNITATISEH,gerund_upper_reverse,present_to_gerund+uppercase+reverse
appreciate,GNITAICERPPA,gerund_upper_reverse,present_to_gerund+uppercase+reverse
communicate,GNITACINUMMOC,gerund_upper_reverse,present_to_gerund+uppercase+reverse
educate,GNITACUDE,gerund_upper_reverse,present_to_gerund+uppercase+reverse
investigate,GNITAGITSEVNI,gerund_upper_reverse,present_to_gerund+uppercase+reverse
concentrate,GNITARTNECNOC,gerund_upper_reverse,present_to_gerund+uppercase+reverse
cooperate,GNITAREPOOC,gerund_upper_reverse,present_to_gerund+uppercase+reverse
decorate,GNITAROCED,gerund_upper_reverse,present_to_gerund+uppercase+reverse
operate,GNITAREPO,gerund_upper_reverse,present_to_gerund+uppercase+reverse
separate,GNITARAPES,gerund_upper_reverse,present_to_gerund+uppercase+reverse
participate,GNITAPICITRAP,gerund_upper_reverse,present_to_gerund+uppercase+reverse
navigate,GNITAGIVAN,gerund_upper_reverse,present_to_gerund+uppercase+reverse
motivate,GNITAVITOM,gerund_upper_reverse,present_to_gerund+uppercase+reverse
activate,GNITAVITCA,gerund_upper_reverse,present_to_gerund+uppercase+reverse
illustrate,GNITARTSULLI,gerund_upper_reverse,present_to_gerund+uppercase+reverse
calculate,GNITALUCLAC,gerund_upper_reverse,present_to_gerund+uppercase+reverse
translate,GNITALSNART,gerund_upper_reverse,present_to_gerund+uppercase+reverse
accelerate,GNITARELECCA,gerund_upper_reverse,present_to_gerund+uppercase+reverse
dominate,GNITANIMOD,gerund_upper_reverse,present_to_gerund+uppercase+reverse
eliminate,GNITANIMILE,gerund_upper_reverse,present_to_gerund+uppercase+reverse
fascinate,GNITANICSAF,gerund_upper_reverse,present_to_gerund+uppercase+reverse
generate,GNITARENEG,gerund_upper_reverse,present_to_gerund+uppercase+reverse
imitate,GNITATIMI,gerund_upper_reverse,present_to_gerund+uppercase+reverse
irritate,GNITATIRRI,gerund_upper_reverse,present_to_gerund+uppercase+reverse
meditate,GNITATIDEM,gerund_upper_reverse,present_to_gerund+uppercase+reverse
negotiate,GNITAITOGEN,gerund_upper_reverse,present_to_gerund+uppercase+reverse
penetrate,GNITARTENEP,gerund_upper_reverse,present_to_gerund+uppercase+reverse
radiate,GNITAIDAR,gerund_upper_reverse,present_to_gerund+uppercase+reverse
rotate,GNITATOR,gerund_upper_reverse,present_to_gerund+uppercase+reverse
stimulate,GNITALUMITS,gerund_upper_reverse,present_to_gerund+uppercase+reverse
tolerate,GNITARELOT,gerund_upper_reverse,present_to_gerund+uppercase+reverse
validate,GNITADILAV,gerund_upper_reverse,present_to_gerund+uppercase+reverse
vibrate,GNITARBIV,gerund_upper_reverse,present_to_gerund+uppercase+reverse
anticipate,GNITAPICITNA,gerund_upper_reverse,present_to_gerund+uppercase+reverse
contemplate,GNITALPMETNOC,gerund_upper_reverse,present_to_gerund+uppercase+reverse
coordinate,GNITANIDROOC,gerund_upper_reverse,present_to_gerund+uppercase+reverse
cultivate,GNITAVITLUC,gerund_upper_reverse,present_to_gerund+uppercase+reverse
dedicate,GNITACIDED,gerund_upper_reverse,present_to_gerund+uppercase+reverse
designate,GNITANGISED,gerund_upper_reverse,present_to_gerund+uppercase+reverse
deviate,GNITAIVED,gerund_upper_reverse,present_to_gerund+uppercase+reverse
escalate,GNITALACSE,gerund_upper_reverse,present_to_gerund+uppercase+reverse
evaluate,GNITAULAVE,gerund_upper_reverse,present_to_gerund+uppercase+reverse
evaporate,GNITAROPAVE,gerund_upper_reverse,present_to_gerund+uppercase+reverse
exaggerate,GNITAREGGAXE,gerund_upper_reverse,present_to_gerund+uppercase+reverse
hibernate,GNITANREBIH,gerund_upper_reverse,present_to_gerund+uppercase+reverse
incorporate,GNITAROPROCNI,gerund_upper_reverse,present_to_gerund+uppercase+reverse
innovate,GNITAVONNI,gerund_upper_reverse,present_to_gerund+uppercase+reverse
integrate,GNITARGETNI,gerund_upper_reverse,present_to_gerund+uppercase+reverse
initiate,GNITAITINI,gerund_upper_reverse,present_to_gerund+uppercase+reverse
terminate,GNITANIMRET,gerund_upper_reverse,present_to_gerund+uppercase+reverse
run,g,gerund_reverse_first,present_to_gerund+reverse+first_letter
swim,g,gerund_reverse_first,present_to_gerund+reverse+first_letter
walk,g,gerund_reverse_first,present_to_gerund+reverse+first_letter
jump,g,gerund_reverse_first,present_to_gerund+reverse+first_letter
dance,g,gerund_reverse_first,present_to_gerund+reverse+first_letter
sing,g,gerund_reverse_first,present_to_gerund+reverse+first_letter
read,g,gerund_reverse_first,present_to_gerund+reverse+first_letter
write,g,gerund_reverse_first,present_to_gerund+reverse+first_letter
sleep,g,gerund_reverse_first,present_to_gerund+reverse+first_letter
eat,g,gerund_reverse_first,present_to_gerund+reverse+first_letter
drink,g,gerund_reverse_first,present_to_gerund+reverse+first_letter
talk,g,gerund_reverse_first,present_to_gerund+reverse+first_letter
listen,g,gerund_reverse_first,present_to_gerund+reverse+first_letter
think,g,gerund_reverse_first,present_to_gerund+reverse+first_letter
work,g,gerund_reverse_first,present_to_gerund+reverse+first_letter
play,g,gerund_reverse_first,present_to_gerund+reverse+first_letter
study,g,gerund_reverse_first,present_to_gerund+reverse+first_letter
learn,g,gerund_reverse_first,present_to_gerund+reverse+first_letter
teach,g,gerund_reverse_first,present_to_gerund+reverse+first_letter
build,g,gerund_reverse_first,present_to_gerund+reverse+first_letter
create,g,gerund_reverse_first,present_to_gerund+reverse+first_letter
paint,g,gerund_reverse_first,present_to_gerund+reverse+first_letter
draw,g,gerund_reverse_first,present_to_gerund+reverse+first_letter
cook,g,gerund_reverse_first,present_to_gerund+reverse+first_letter
bake,g,gerund_reverse_first,present_to_gerund+reverse+first_letter
clean,g,gerund_reverse_first,present_to_gerund+reverse+first_letter
wash,g,gerund_reverse_first,present_to_gerund+reverse+first_letter
drive,g,gerund_reverse_first,present_to_gerund+reverse+first_letter
fly,g,gerund_reverse_first,present_to_gerund+reverse+first_letter
sail,g,gerund_reverse_first,present_to_gerund+reverse+first_letter
climb,g,gerund_reverse_first,present_to_gerund+reverse+first_letter
hike,g,gerund_reverse_first,present_to_gerund+reverse+first_letter
bike,g,gerund_reverse_first,present_to_gerund+reverse+first_letter
ski,g,gerund_reverse_first,present_to_gerund+reverse+first_letter
skate,g,gerund_reverse_first,present_to_gerund+reverse+first_letter
fish,g,gerund_reverse_first,present_to_gerund+reverse+first_letter
hunt,g,gerund_reverse_first,present_to_gerund+reverse+first_letter
camp,g,gerund_reverse_first,present_to_gerund+reverse+first_letter
travel,g,gerund_reverse_first,present_to_gerund+reverse+first_letter
explore,g,gerund_reverse_first,present_to_gerund+reverse+first_letter
laugh,g,gerund_reverse_first,present_to_gerund+reverse+first_letter
smile,g,gerund_reverse_first,present_to_gerund+reverse+first_letter
cry,g,gerund_reverse_first,present_to_gerund+reverse+first_letter
shout,g,gerund_reverse_first,present_to_gerund+reverse+first_letter
whisper,g,gerund_reverse_first,present_to_gerund+reverse+first_letter
love,g,gerund_reverse_first,present_to_gerund+reverse+first_letter
hate,g,gerund_reverse_first,present_to_gerund+reverse+first_letter
help,g,gerund_reverse_first,present_to_gerund+reverse+first_letter
share,g,gerund_reverse_first,present_to_gerund+reverse+first_letter
care,g,gerund_reverse_first,present_to_gerund+reverse+first_letter
meet,g,gerund_reverse_first,present_to_gerund+reverse+first_letter
see,g,gerund_reverse_first,present_to_gerund+reverse+first_letter
hear,g,gerund_reverse_first,present_to_gerund+reverse+first_letter
feel,g,gerund_reverse_first,present_to_gerund+reverse+first_letter
smell,g,gerund_reverse_first,present_to_gerund+reverse+first_letter
taste,g,gerund_reverse_first,present_to_gerund+reverse+first_letter
touch,g,gerund_reverse_first,present_to_gerund+reverse+first_letter
hold,g,gerund_reverse_first,present_to_gerund+reverse+first_letter
carry,g,gerund_reverse_first,present_to_gerund+reverse+first_letter
throw,g,gerund_reverse_first,present_to_gerund+reverse+first_letter
catch,g,gerund_reverse_first,present_to_gerund+reverse+first_letter
push,g,gerund_reverse_first,present_to_gerund+reverse+first_letter
pull,g,gerund_reverse_first,present_to_gerund+reverse+first_letter
open,g,gerund_reverse_first,present_to_gerund+reverse+first_letter
close,g,gerund_reverse_first,present_to_gerund+reverse+first_letter
start,g,gerund_reverse_first,present_to_gerund+reverse+first_letter
stop,g,gerund_reverse_first,present_to_gerund+reverse+first_letter
begin,g,gerund_reverse_first,present_to_gerund+reverse+first_letter
end,g,gerund_reverse_first,present_to_gerund+reverse+first_letter
finish,g,gerund_reverse_first,present_to_gerund+reverse+first_letter
stand,g,gerund_reverse_first,present_to_gerund+reverse+first_letter
sit,g,gerund_reverse_first,present_to_gerund+reverse+first_letter
lie,g,gerund_reverse_first,present_to_gerund+reverse+first_letter
kneel,g,gerund_reverse_first,present_to_gerund+reverse+first_letter
bend,g,gerund_reverse_first,present_to_gerund+reverse+first_letter
stretch,g,gerund_reverse_first,present_to_gerund+reverse+first_letter
relax,g,gerund_reverse_first,present_to_gerund+reverse+first_letter
rest,g,gerund_reverse_first,present_to_gerund+reverse+first_letter
wait,g,gerund_reverse_first,present_to_gerund+reverse+first_letter
move,g,gerund_reverse_first,present_to_gerund+reverse+first_letter
live,g,gerund_reverse_first,present_to_gerund+reverse+first_letter
give,g,gerund_reverse_first,present_to_gerund+reverse+first_letter
take,g,gerund_reverse_first,present_to_gerund+reverse+first_letter
make,g,gerund_reverse_first,present_to_gerund+reverse+first_letter
come,g,gerund_reverse_first,present_to_gerund+reverse+first_letter
leave,g,gerund_reverse_first,present_to_gerund+reverse+first_letter
arrive,g,gerund_reverse_first,present_to_gerund+reverse+first_letter
believe,g,gerund_reverse_first,present_to_gerund+reverse+first_letter
achieve,g,gerund_reverse_first,present_to_gerund+reverse+first_letter
receive,g,gerund_reverse_first,present_to_gerund+reverse+first_letter
decide,g,gerund_reverse_first,present_to_gerund+reverse+first_letter
hope,g,gerund_reverse_first,present_to_gerund+reverse+first_letter
change,g,gerund_reverse_first,present_to_gerund+reverse+first_letter
manage,g,gerund_reverse_first,present_to_gerund+reverse+first_letter
improve,g,gerund_reverse_first,present_to_gerund+reverse+first_letter
practice,g,gerund_reverse_first,present_to_gerund+reverse+first_letter
notice,g,gerund_reverse_first,present_to_gerund+reverse+first_letter
realize,g,gerund_reverse_first,present_to_gerund+reverse+first_letter
organize,g,gerund_reverse_first,present_to_gerund+reverse+first_letter
recognize,g,gerund_reverse_first,present_to_gerund+reverse+first_letter
apologize,g,gerund_reverse_first,present_to_gerund+reverse+first_letter
criticize,g,gerund_reverse_first,present_to_gerund+reverse+first_letter
advertise,g,gerund_reverse_first,present_to_gerund+reverse+first_letter
exercise,g,gerund_reverse_first,present_to_gerund+reverse+first_letter
surprise,g,gerund_reverse_first,present_to_gerund+reverse+first_letter
promise,g,gerund_reverse_first,present_to_gerund+reverse+first_letter
imagine,g,gerund_reverse_first,present_to_gerund+reverse+first_letter
examine,g,gerund_reverse_first,present_to_gerund+reverse+first_letter
determine,g,gerund_reverse_first,present_to_gerund+reverse+first_letter
continue,g,gerund_reverse_first,present_to_gerund+reverse+first_letter
argue,g,gerund_reverse_first,present_to_gerund+reverse+first_letter
issue,g,gerund_reverse_first,present_to_gerund+reverse+first_letter
rescue,g,gerund_reverse_first,present_to_gerund+reverse+first_letter
pursue,g,gerund_reverse_first,present_to_gerund+reverse+first_letter
value,g,gerund_reverse_first,present_to_gerund+reverse+first_letter
invite,g,gerund_reverse_first,present_to_gerund+reverse+first_letter
excite,g,gerund_reverse_first,present_to_gerund+reverse+first_letter
unite,g,gerund_reverse_first,present_to_gerund+reverse+first_letter
compete,g,gerund_reverse_first,present_to_gerund+reverse+first_letter
complete,g,gerund_reverse_first,present_to_gerund+reverse+first_letter
delete,g,gerund_reverse_first,present_to_gerund+reverse+first_letter
greet,g,gerund_reverse_first,present_to_gerund+reverse+first_letter
repeat,g,gerund_reverse_first,present_to_gerund+reverse+first_letter
defeat,g,gerund_reverse_first,present_to_gerund+reverse+first_letter
treat,g,gerund_reverse_first,present_to_gerund+reverse+first_letter
relate,g,gerund_reverse_first,present_to_gerund+reverse+first_letter
celebrate,g,gerund_reverse_first,present_to_gerund+reverse+first_letter
demonstrate,g,gerund_reverse_first,present_to_gerund+reverse+first_letter
hesitate,g,gerund_reverse_first,present_to_gerund+reverse+first_letter
appreciate,g,gerund_reverse_first,present_to_gerund+reverse+first_letter
communicate,g,gerund_reverse_first,present_to_gerund+reverse+first_letter
educate,g,gerund_reverse_first,present_to_gerund+reverse+first_letter
investigate,g,gerund_reverse_first,present_to_gerund+reverse+first_letter
concentrate,g,gerund_reverse_first,present_to_gerund+reverse+first_letter
cooperate,g,gerund_reverse_first,present_to_gerund+reverse+first_letter
decorate,g,gerund_reverse_first,present_to_gerund+reverse+first_letter
operate,g,gerund_reverse_first,present_to_gerund+reverse+first_letter
separate,g,gerund_reverse_first,present_to_gerund+reverse+first_letter
participate,g,gerund_reverse_first,present_to_gerund+reverse+first_letter
navigate,g,gerund_reverse_first,present_to_gerund+reverse+first_letter
motivate,g,gerund_reverse_first,present_to_gerund+reverse+first_letter
activate,g,gerund_reverse_first,present_to_gerund+reverse+first_letter
illustrate,g,gerund_reverse_first,present_to_gerund+reverse+first_letter
calculate,g,gerund_reverse_first,present_to_gerund+reverse+first_letter
translate,g,gerund_reverse_first,present_to_gerund+reverse+first_letter
accelerate,g,gerund_reverse_first,present_to_gerund+reverse+first_letter
dominate,g,gerund_reverse_first,present_to_gerund+reverse+first_letter
eliminate,g,gerund_reverse_first,present_to_gerund+reverse+first_letter
fascinate,g,gerund_reverse_first,present_to_gerund+reverse+first_letter
generate,g,gerund_reverse_first,present_to_gerund+reverse+first_letter
imitate,g,gerund_reverse_first,present_to_gerund+reverse+first_letter
irritate,g,gerund_reverse_first,present_to_gerund+reverse+first_letter
meditate,g,gerund_reverse_first,present_to_gerund+reverse+first_letter
negotiate,g,gerund_reverse_first,present_to_gerund+reverse+first_letter
penetrate,g,gerund_reverse_first,present_to_gerund+reverse+first_letter
radiate,g,gerund_reverse_first,present_to_gerund+reverse+first_letter
rotate,g,gerund_reverse_first,present_to_gerund+reverse+first_letter
stimulate,g,gerund_reverse_first,present_to_gerund+reverse+first_letter
tolerate,g,gerund_reverse_first,present_to_gerund+reverse+first_letter
validate,g,gerund_reverse_first,present_to_gerund+reverse+first_letter
vibrate,g,gerund_reverse_first,present_to_gerund+reverse+first_letter
anticipate,g,gerund_reverse_first,present_to_gerund+reverse+first_letter
contemplate,g,gerund_reverse_first,present_to_gerund+reverse+first_letter
coordinate,g,gerund_reverse_first,present_to_gerund+reverse+first_letter
cultivate,g,gerund_reverse_first,present_to_gerund+reverse+first_letter
dedicate,g,gerund_reverse_first,present_to_gerund+reverse+first_letter
designate,g,gerund_reverse_first,present_to_gerund+reverse+first_letter
deviate,g,gerund_reverse_first,present_to_gerund+reverse+first_letter
escalate,g,gerund_reverse_first,present_to_gerund+reverse+first_letter
evaluate,g,gerund_reverse_first,present_to_gerund+reverse+first_letter
evaporate,g,gerund_reverse_first,present_to_gerund+reverse+first_letter
exaggerate,g,gerund_reverse_first,present_to_gerund+reverse+first_letter
hibernate,g,gerund_reverse_first,present_to_gerund+reverse+first_letter
incorporate,g,gerund_reverse_first,present_to_gerund+reverse+first_letter
innovate,g,gerund_reverse_first,present_to_gerund+reverse+first_letter
integrate,g,gerund_reverse_first,present_to_gerund+reverse+first_letter
initiate,g,gerund_reverse_first,present_to_gerund+reverse+first_letter
terminate,g,gerund_reverse_first,present_to_gerund+reverse+first_letter
child,NERDLIHC,plural_upper_reverse,singular_to_plural+uppercase+reverse
mouse,ECIM,plural_upper_reverse,singular_to_plural+uppercase+reverse
foot,TEEF,plural_upper_reverse,singular_to_plural+uppercase+reverse
tooth,HTEET,plural_upper_reverse,singular_to_plural+uppercase+reverse
woman,NEMOW,plural_upper_reverse,singular_to_plural+uppercase+reverse
man,NEM,plural_upper_reverse,singular_to_plural+uppercase+reverse
person,ELPOEP,plural_upper_reverse,singular_to_plural+uppercase+reverse
bird,SDRIB,plural_upper_reverse,singular_to_plural+uppercase+reverse
sheep,PEEHS,plural_upper_reverse,singular_to_plural+uppercase+reverse
deer,REED,plural_upper_reverse,singular_to_plural+uppercase+reverse
goose,ESEEG,plural_upper_reverse,singular_to_plural+uppercase+reverse
ox,NEXO,plural_upper_reverse,singular_to_plural+uppercase+reverse
computer,SRETUPMOC,plural_upper_reverse,singular_to_plural+uppercase+reverse
phone,SENOHP,plural_upper_reverse,singular_to_plural+uppercase+reverse
pen,SNEP,plural_upper_reverse,singular_to_plural+uppercase+reverse
pencil,SLICNEP,plural_upper_reverse,singular_to_plural+uppercase+reverse
paper,SREPAP,plural_upper_reverse,singular_to_plural+uppercase+reverse
cup,SPUC,plural_upper_reverse,singular_to_plural+uppercase+reverse
glass,SESSALG,plural_upper_reverse,singular_to_plural+uppercase+reverse
plate,SETALP,plural_upper_reverse,singular_to_plural+uppercase+reverse
knife,SEVINK,plural_upper_reverse,singular_to_plural+uppercase+reverse
fork,SKROF,plural_upper_reverse,singular_to_plural+uppercase+reverse
spoon,SNOOPS,plural_upper_reverse,singular_to_plural+uppercase+reverse
apple,SELPPA,plural_upper_reverse,singular_to_plural+uppercase+reverse
orange,SEGNARO,plural_upper_reverse,singular_to_plural+uppercase+reverse
banana,SANANAB,plural_upper_reverse,singular_to_plural+uppercase+reverse
potato,SEOTATOP,plural_upper_reverse,singular_to_plural+uppercase+reverse
tomato,SEOTAMOT,plural_upper_reverse,singular_to_plural+uppercase+reverse
box,SEXOB,plural_upper_reverse,singular_to_plural+uppercase+reverse
brush,SEHSURB,plural_upper_reverse,singular_to_plural+uppercase+reverse
watch,SEHCTAW,plural_upper_reverse,singular_to_plural+uppercase+reverse
beach,SEHCAEB,plural_upper_reverse,singular_to_plural+uppercase+reverse
class,SESSALC,plural_upper_reverse,singular_to_plural+uppercase+reverse
bus,SESUB,plural_upper_reverse,singular_to_plural+uppercase+reverse
kiss,SESSIK,plural_upper_reverse,singular_to_plural+uppercase+reverse
dish,SEHSID,plural_upper_reverse,singular_to_plural+uppercase+reverse
fox,SEXOF,plural_upper_reverse,singular_to_plural+uppercase+reverse
church,SEHCRUHC,plural_upper_reverse,singular_to_plural+uppercase+reverse
baby,SEIBAB,plural_upper_reverse,singular_to_plural+uppercase+reverse
lady,SEIDAL,plural_upper_reverse,singular_to_plural+uppercase+reverse
story,SEIROTS,plural_upper_reverse,singular_to_plural+uppercase+reverse
party,SEITRAP,plural_upper_reverse,singular_to_plural+uppercase+reverse
library,SEIRARBIL,plural_upper_reverse,singular_to_plural+uppercase+reverse
berry,SEIRREB,plural_upper_reverse,singular_to_plural+uppercase+reverse
butterfly,SEILFRETTUB,plural_upper_reverse,singular_to_plural+uppercase+reverse
leaf,SEVAEL,plural_upper_reverse,singular_to_plural+uppercase+reverse
wolf,SEVLOW,plural_upper_reverse,singular_to_plural+uppercase+reverse
life,SEVIL,plural_upper_reverse,singular_to_plural+uppercase+reverse
wife,SEVIW,plural_upper_reverse,singular_to_plural+uppercase+reverse
half,SEVLAH,plural_upper_reverse,singular_to_plural+uppercase+reverse
loaf,SEVAOL,plural_upper_reverse,singular_to_plural+uppercase+reverse
shelf,SEVLEHS,plural_upper_reverse,singular_to_plural+uppercase+reverse
thief,SEVEIHT,plural_upper_reverse,singular_to_plural+uppercase+reverse
scarf,SEVRACS,plural_upper_reverse,singular_to_plural+uppercase+reverse
calf,SEVLAC,plural_upper_reverse,singular_to_plural+uppercase+reverse
hero,SEOREH,plural_upper_reverse,singular_to_plural+uppercase+reverse
echo,SEOHCE,plural_upper_reverse,singular_to_plural+uppercase+reverse
cargo,SEOGRAC,plural_upper_reverse,singular_to_plural+uppercase+reverse
mosquito,SEOTIUQSOM,plural_upper_reverse,singular_to_plural+uppercase+reverse
volcano,SEONACLOV,plural_upper_reverse,singular_to_plural+uppercase+reverse
piano,SONAIP,plural_upper_reverse,singular_to_plural+uppercase+reverse
photo,SOTOHP,plural_upper_reverse,singular_to_plural+uppercase+reverse
video,SOEDIV,plural_upper_reverse,singular_to_plural+uppercase+reverse
radio,SOIDAR,plural_upper_reverse,singular_to_plural+uppercase+reverse
studio,SOIDUTS,plural_upper_reverse,singular_to_plural+uppercase+reverse
tree,SEERT,plural_upper_reverse,singular_to_plural+uppercase+reverse
key,SYEK,plural_upper_reverse,singular_to_plural+uppercase+reverse
boy,SYOB,plural_upper_reverse,singular_to_plural+uppercase+reverse
toy,SYOT,plural_upper_reverse,singular_to_plural+uppercase+reverse
day,SYAD,plural_upper_reverse,singular_to_plural+uppercase+reverse
way,SYAW,plural_upper_reverse,singular_to_plural+uppercase+reverse
eye,SEYE,plural_upper_reverse,singular_to_plural+uppercase+reverse
guy,SYUG,plural_upper_reverse,singular_to_plural+uppercase+reverse
ray,SYAR,plural_upper_reverse,singular_to_plural+uppercase+reverse
bay,SYAB,plural_upper_reverse,singular_to_plural+uppercase+reverse
arm,SMRA,plural_upper_reverse,singular_to_plural+uppercase+reverse
leg,SGEL,plural_upper_reverse,singular_to_plural+uppercase+reverse
ear,SRAE,plural_upper_reverse,singular_to_plural+uppercase+reverse
hand,SDNAH,plural_upper_reverse,singular_to_plural+uppercase+reverse
finger,SREGNIF,plural_upper_reverse,singular_to_plural+uppercase+reverse
toe,SEOT,plural_upper_reverse,singular_to_plural+uppercase+reverse
nose,SESON,plural_upper_reverse,singular_to_plural+uppercase+reverse
bone,SENOB,plural_upper_reverse,singular_to_plural+uppercase+reverse
muscle,SELCSUM,plural_upper_reverse,singular_to_plural+uppercase+reverse
nerve,SEVREN,plural_upper_reverse,singular_to_plural+uppercase+reverse
vein,SNIEV,plural_upper_reverse,singular_to_plural+uppercase+reverse
artery,SEIRETRA,plural_upper_reverse,singular_to_plural+uppercase+reverse
lung,SGNUL,plural_upper_reverse,singular_to_plural+uppercase+reverse
kidney,SYENDIK,plural_upper_reverse,singular_to_plural+uppercase+reverse
liver,SREVIL,plural_upper_reverse,singular_to_plural+uppercase+reverse
brain,SNIARB,plural_upper_reverse,singular_to_plural+uppercase+reverse
heart,STRAEH,plural_upper_reverse,singular_to_plural+uppercase+reverse
stomach,SHCAMOTS,plural_upper_reverse,singular_to_plural+uppercase+reverse
teacher,SREHCAET,plural_upper_reverse,singular_to_plural+uppercase+reverse
student,STNEDUTS,plural_upper_reverse,singular_to_plural+uppercase+reverse
doctor,SROTCOD,plural_upper_reverse,singular_to_plural+uppercase+reverse
nurse,SESRUN,plural_upper_reverse,singular_to_plural+uppercase+reverse
farmer,SREMRAF,plural_upper_reverse,singular_to_plural+uppercase+reverse
worker,SREKROW,plural_upper_reverse,singular_to_plural+uppercase+reverse
driver,SREVIRD,plural_upper_reverse,singular_to_plural+uppercase+reverse
pilot,STOLIP,plural_upper_reverse,singular_to_plural+uppercase+reverse
singer,SREGNIS,plural_upper_reverse,singular_to_plural+uppercase+reverse
dancer,SRECNAD,plural_upper_reverse,singular_to_plural+uppercase+reverse
writer,SRETIRW,plural_upper_reverse,singular_to_plural+uppercase+reverse
painter,SRETNIAP,plural_upper_reverse,singular_to_plural+uppercase+reverse
player,SREYALP,plural_upper_reverse,singular_to_plural+uppercase+reverse
swimmer,SREMMIWS,plural_upper_reverse,singular_to_plural+uppercase+reverse
runner,SRENNUR,plural_upper_reverse,singular_to_plural+uppercase+reverse
builder,SREDLIUB,plural_upper_reverse,singular_to_plural+uppercase+reverse
soldier,SREIDLOS,plural_upper_reverse,singular_to_plural+uppercase+reverse
sailor,SROLIAS,plural_upper_reverse,singular_to_plural+uppercase+reverse
officer,SRECIFFO,plural_upper_reverse,singular_to_plural+uppercase+reverse
lawyer,SREYWAL,plural_upper_reverse,singular_to_plural+uppercase+reverse
engineer,SREENIGNE,plural_upper_reverse,singular_to_plural+uppercase+reverse
scientist,STSITNEICS,plural_upper_reverse,singular_to_plural+uppercase+reverse
musician,SNAICISUM,plural_upper_reverse,singular_to_plural+uppercase+reverse
artist,STSITRA,plural_upper_reverse,singular_to_plural+uppercase+reverse
actor,SROTCA,plural_upper_reverse,singular_to_plural+uppercase+reverse
actress,SESSERTCA,plural_upper_reverse,singular_to_plural+uppercase+reverse
chef,SFEHC,plural_upper_reverse,singular_to_plural+uppercase+reverse
baker,SREKAB,plural_upper_reverse,singular_to_plural+uppercase+reverse
butcher,SREHCTUB,plural_upper_reverse,singular_to_plural+uppercase+reverse
tailor,SROLIAT,plural_upper_reverse,singular_to_plural+uppercase+reverse
clerk,SKRELC,plural_upper_reverse,singular_to_plural+uppercase+reverse
manager,SREGANAM,plural_upper_reverse,singular_to_plural+uppercase+reverse
director,SROTCERID,plural_upper_reverse,singular_to_plural+uppercase+reverse
president,STNEDISERP,plural_upper_reverse,singular_to_plural+uppercase+reverse
king,SGNIK,plural_upper_reverse,singular_to_plural+uppercase+reverse
queen,SNEEUQ,plural_upper_reverse,singular_to_plural+uppercase+reverse
prince,SECNIRP,plural_upper_reverse,singular_to_plural+uppercase+reverse
princess,SESSECNIRP,plural_upper_reverse,singular_to_plural+uppercase+reverse
emperor,SROREPME,plural_upper_reverse,singular_to_plural+uppercase+reverse
empress,SESSERPME,plural_upper_reverse,singular_to_plural+uppercase+reverse
duke,SEKUD,plural_upper_reverse,singular_to_plural+uppercase+reverse
duchess,SESSEHCUD,plural_upper_reverse,singular_to_plural+uppercase+reverse
lord,SDROL,plural_upper_reverse,singular_to_plural+uppercase+reverse
knight,STHGINK,plural_upper_reverse,singular_to_plural+uppercase+reverse
heroine,SENIOREH,plural_upper_reverse,singular_to_plural+uppercase+reverse
villain,SNIALLIV,plural_upper_reverse,singular_to_plural+uppercase+reverse
self,SEVLES,plural_upper_reverse,singular_to_plural+uppercase+reverse
elf,SEVLE,plural_upper_reverse,singular_to_plural+uppercase+reverse
wharf,SEVRAHW,plural_upper_reverse,singular_to_plural+uppercase+reverse
belief,SFEILEB,plural_upper_reverse,singular_to_plural+uppercase+reverse
chief,SFEIHC,plural_upper_reverse,singular_to_plural+uppercase+reverse
cliff,SFFILC,plural_upper_reverse,singular_to_plural+uppercase+reverse
proof,SFOORP,plural_upper_reverse,singular_to_plural+uppercase+reverse
roof,SFOOR,plural_upper_reverse,singular_to_plural+uppercase+reverse
safe,SEFAS,plural_upper_reverse,singular_to_plural+uppercase+reverse
grief,SFEIRG,plural_upper_reverse,singular_to_plural+uppercase+reverse
reef,SFEER,plural_upper_reverse,singular_to_plural+uppercase+reverse
gulf,SFLUG,plural_upper_reverse,singular_to_plural+uppercase+reverse
dwarf,SEVRAWD,plural_upper_reverse,singular_to_plural+uppercase+reverse
hoof,SEVOOH,plural_upper_reverse,singular_to_plural+uppercase+reverse
datum,ATAD,plural_upper_reverse,singular_to_plural+uppercase+reverse
medium,AIDEM,plural_upper_reverse,singular_to_plural+uppercase+reverse
curriculum,ALUCIRRUC,plural_upper_reverse,singular_to_plural+uppercase+reverse
phenomenon,ANEMONEHP,plural_upper_reverse,singular_to_plural+uppercase+reverse
criterion,AIRETIRC,plural_upper_reverse,singular_to_plural+uppercase+reverse
analysis,SESYLANA,plural_upper_reverse,singular_to_plural+uppercase+reverse
basis,SESAB,plural_upper_reverse,singular_to_plural+uppercase+reverse
crisis,SESIRC,plural_upper_reverse,singular_to_plural+uppercase+reverse
thesis,SESEHT,plural_upper_reverse,singular_to_plural+uppercase+reverse
oasis,SESAO,plural_upper_reverse,singular_to_plural+uppercase+reverse
axis,SEXA,plural_upper_reverse,singular_to_plural+uppercase+reverse
parenthesis,SESEHTNERAP,plural_upper_reverse,singular_to_plural+uppercase+reverse
child,n,plural_reverse_first,singular_to_plural+reverse+first_letter
mouse,e,plural_reverse_first,singular_to_plural+reverse+first_letter
foot,t,plural_reverse_first,singular_to_plural+reverse+first_letter
tooth,h,plural_reverse_first,singular_to_plural+reverse+first_letter
woman,n,plural_reverse_first,singular_to_plural+reverse+first_letter
man,n,plural_reverse_first,singular_to_plural+reverse+first_letter
person,e,plural_reverse_first,singular_to_plural+reverse+first_letter
bird,s,plural_reverse_first,singular_to_plural+reverse+first_letter
sheep,p,plural_reverse_first,singular_to_plural+reverse+first_letter
deer,r,plural_reverse_first,singular_to_plural+reverse+first_letter
goose,e,plural_reverse_first,singular_to_plural+reverse+first_letter
ox,n,plural_reverse_first,singular_to_plural+reverse+first_letter
computer,s,plural_reverse_first,singular_to_plural+reverse+first_letter
phone,s,plural_reverse_first,singular_to_plural+reverse+first_letter
pen,s,plural_reverse_first,singular_to_plural+reverse+first_letter
pencil,s,plural_reverse_first,singular_to_plural+reverse+first_letter
paper,s,plural_reverse_first,singular_to_plural+reverse+first_letter
cup,s,plural_reverse_first,singular_to_plural+reverse+first_letter
glass,s,plural_reverse_first,singular_to_plural+reverse+first_letter
plate,s,plural_reverse_first,singular_to_plural+reverse+first_letter
knife,s,plural_reverse_first,singular_to_plural+reverse+first_letter
fork,s,plural_reverse_first,singular_to_plural+reverse+first_letter
spoon,s,plural_reverse_first,singular_to_plural+reverse+first_letter
apple,s,plural_reverse_first,singular_to_plural+reverse+first_letter
orange,s,plural_reverse_first,singular_to_plural+reverse+first_letter
banana,s,plural_reverse_first,singular_to_plural+reverse+first_letter
potato,s,plural_reverse_first,singular_to_plural+reverse+first_letter
tomato,s,plural_reverse_first,singular_to_plural+reverse+first_letter
box,s,plural_reverse_first,singular_to_plural+reverse+first_letter
brush,s,plural_reverse_first,singular_to_plural+reverse+first_letter
watch,s,plural_reverse_first,singular_to_plural+reverse+first_letter
beach,s,plural_reverse_first,singular_to_plural+reverse+first_letter
class,s,plural_reverse_first,singular_to_plural+reverse+first_letter
bus,s,plural_reverse_first,singular_to_plural+reverse+first_letter
kiss,s,plural_reverse_first,singular_to_plural+reverse+first_letter
dish,s,plural_reverse_first,singular_to_plural+reverse+first_letter
fox,s,plural_reverse_first,singular_to_plural+reverse+first_letter
church,s,plural_reverse_first,singular_to_plural+reverse+first_letter
baby,s,plural_reverse_first,singular_to_plural+reverse+first_letter
lady,s,plural_reverse_first,singular_to_plural+reverse+first_letter
story,s,plural_reverse_first,singular_to_plural+reverse+first_letter
party,s,plural_reverse_first,singular_to_plural+reverse+first_letter
library,s,plural_reverse_first,singular_to_plural+reverse+first_letter
berry,s,plural_reverse_first,singular_to_plural+reverse+first_letter
butterfly,s,plural_reverse_first,singular_to_plural+reverse+first_letter
leaf,s,plural_reverse_first,singular_to_plural+reverse+first_letter
wolf,s,plural_reverse_first,singular_to_plural+reverse+first_letter
life,s,plural_reverse_first,singular_to_plural+reverse+first_letter
wife,s,plural_reverse_first,singular_to_plural+reverse+first_letter
half,s,plural_reverse_first,singular_to_plural+reverse+first_letter
loaf,s,plural_reverse_first,singular_to_plural+reverse+first_letter
shelf,s,plural_reverse_first,singular_to_plural+reverse+first_letter
thief,s,plural_reverse_first,singular_to_plural+reverse+first_letter
scarf,s,plural_reverse_first,singular_to_plural+reverse+first_letter
calf,s,plural_reverse_first,singular_to_plural+reverse+first_letter
hero,s,plural_reverse_first,singular_to_plural+reverse+first_letter
echo,s,plural_reverse_first,singular_to_plural+reverse+first_letter
cargo,s,plural_reverse_first,singular_to_plural+reverse+first_letter
mosquito,s,plural_reverse_first,singular_to_plural+reverse+first_letter
volcano,s,plural_reverse_first,singular_to_plural+reverse+first_letter
piano,s,plural_reverse_first,singular_to_plural+reverse+first_letter
photo,s,plural_reverse_first,singular_to_plural+reverse+first_letter
video,s,plural_reverse_first,singular_to_plural+reverse+first_letter
radio,s,plural_reverse_first,singular_to_plural+reverse+first_letter
studio,s,plural_reverse_first,singular_to_plural+reverse+first_letter
tree,s,plural_reverse_first,singular_to_plural+reverse+first_letter
key,s,plural_reverse_first,singular_to_plural+reverse+first_letter
boy,s,plural_reverse_first,singular_to_plural+reverse+first_letter
toy,s,plural_reverse_first,singular_to_plural+reverse+first_letter
day,s,plural_reverse_first,singular_to_plural+reverse+first_letter
way,s,plural_reverse_first,singular_to_plural+reverse+first_letter
eye,s,plural_reverse_first,singular_to_plural+reverse+first_letter
guy,s,plural_reverse_first,singular_to_plural+reverse+first_letter
ray,s,plural_reverse_first,singular_to_plural+reverse+first_letter
bay,s,plural_reverse_first,singular_to_plural+reverse+first_letter
arm,s,plural_reverse_first,singular_to_plural+reverse+first_letter
leg,s,plural_reverse_first,singular_to_plural+reverse+first_letter
ear,s,plural_reverse_first,singular_to_plural+reverse+first_letter
hand,s,plural_reverse_first,singular_to_plural+reverse+first_letter
finger,s,plural_reverse_first,singular_to_plural+reverse+first_letter
toe,s,plural_reverse_first,singular_to_plural+reverse+first_letter
nose,s,plural_reverse_first,singular_to_plural+reverse+first_letter
bone,s,plural_reverse_first,singular_to_plural+reverse+first_letter
muscle,s,plural_reverse_first,singular_to_plural+reverse+first_letter
nerve,s,plural_reverse_first,singular_to_plural+reverse+first_letter
vein,s,plural_reverse_first,singular_to_plural+reverse+first_letter
artery,s,plural_reverse_first,singular_to_plural+reverse+first_letter
lung,s,plural_reverse_first,singular_to_plural+reverse+first_letter
kidney,s,plural_reverse_first,singular_to_plural+reverse+first_letter
liver,s,plural_reverse_first,singular_to_plural+reverse+first_letter
brain,s,plural_reverse_first,singular_to_plural+reverse+first_letter
heart,s,plural_reverse_first,singular_to_plural+reverse+first_letter
stomach,s,plural_reverse_first,singular_to_plural+reverse+first_letter
teacher,s,plural_reverse_first,singular_to_plural+reverse+first_letter
student,s,plural_reverse_first,singular_to_plural+reverse+first_letter
doctor,s,plural_reverse_first,singular_to_plural+reverse+first_letter
nurse,s,plural_reverse_first,singular_to_plural+reverse+first_letter
farmer,s,plural_reverse_first,singular_to_plural+reverse+first_letter
worker,s,plural_reverse_first,singular_to_plural+reverse+first_letter
driver,s,plural_reverse_first,singular_to_plural+reverse+first_letter
pilot,s,plural_reverse_first,singular_to_plural+reverse+first_letter
singer,s,plural_reverse_first,singular_to_plural+reverse+first_letter
dancer,s,plural_reverse_first,singular_to_plural+reverse+first_letter
writer,s,plural_reverse_first,singular_to_plural+reverse+first_letter
painter,s,plural_reverse_first,singular_to_plural+reverse+first_letter
player,s,plural_reverse_first,singular_to_plural+reverse+first_letter
swimmer,s,plural_reverse_first,singular_to_plural+reverse+first_letter
runner,s,plural_reverse_first,singular_to_plural+reverse+first_letter
builder,s,plural_reverse_first,singular_to_plural+reverse+first_letter
soldier,s,plural_reverse_first,singular_to_plural+reverse+first_letter
sailor,s,plural_reverse_first,singular_to_plural+reverse+first_letter
officer,s,plural_reverse_first,singular_to_plural+reverse+first_letter
lawyer,s,plural_reverse_first,singular_to_plural+reverse+first_letter
engineer,s,plural_reverse_first,singular_to_plural+reverse+first_letter
scientist,s,plural_reverse_first,singular_to_plural+reverse+first_letter
musician,s,plural_reverse_first,singular_to_plural+reverse+first_letter
artist,s,plural_reverse_first,singular_to_plural+reverse+first_letter
actor,s,plural_reverse_first,singular_to_plural+reverse+first_letter
actress,s,plural_reverse_first,singular_to_plural+reverse+first_letter
chef,s,plural_reverse_first,singular_to_plural+reverse+first_letter
baker,s,plural_reverse_first,singular_to_plural+reverse+first_letter
butcher,s,plural_reverse_first,singular_to_plural+reverse+first_letter
tailor,s,plural_reverse_first,singular_to_plural+reverse+first_letter
clerk,s,plural_reverse_first,singular_to_plural+reverse+first_letter
manager,s,plural_reverse_first,singular_to_plural+reverse+first_letter
director,s,plural_reverse_first,singular_to_plural+reverse+first_letter
president,s,plural_reverse_first,singular_to_plural+reverse+first_letter
king,s,plural_reverse_first,singular_to_plural+reverse+first_letter
queen,s,plural_reverse_first,singular_to_plural+reverse+first_letter
prince,s,plural_reverse_first,singular_to_plural+reverse+first_letter
princess,s,plural_reverse_first,singular_to_plural+reverse+first_letter
emperor,s,plural_reverse_first,singular_to_plural+reverse+first_letter
empress,s,plural_reverse_first,singular_to_plural+reverse+first_letter
duke,s,plural_reverse_first,singular_to_plural+reverse+first_letter
duchess,s,plural_reverse_first,singular_to_plural+reverse+first_letter
lord,s,plural_reverse_first,singular_to_plural+reverse+first_letter
knight,s,plural_reverse_first,singular_to_plural+reverse+first_letter
heroine,s,plural_reverse_first,singular_to_plural+reverse+first_letter
villain,s,plural_reverse_first,singular_to_plural+reverse+first_letter
self,s,plural_reverse_first,singular_to_plural+reverse+first_letter
elf,s,plural_reverse_first,singular_to_plural+reverse+first_letter
wharf,s,plural_reverse_first,singular_to_plural+reverse+first_letter
belief,s,plural_reverse_first,singular_to_plural+reverse+first_letter
chief,s,plural_reverse_first,singular_to_plural+reverse+first_letter
cliff,s,plural_reverse_first,singular_to_plural+reverse+first_letter
proof,s,plural_reverse_first,singular_to_plural+reverse+first_letter
roof,s,plural_reverse_first,singular_to_plural+reverse+first_letter
safe,s,plural_reverse_first,singular_to_plural+reverse+first_letter
grief,s,plural_reverse_first,singular_to_plural+reverse+first_letter
reef,s,plural_reverse_first,singular_to_plural+reverse+first_letter
gulf,s,plural_reverse_first,singular_to_plural+reverse+first_letter
dwarf,s,plural_reverse_first,singular_to_plural+reverse+first_letter
hoof,s,plural_reverse_first,singular_to_plural+reverse+first_letter
datum,a,plural_reverse_first,singular_to_plural+reverse+first_letter
medium,a,plural_reverse_first,singular_to_plural+reverse+first_letter
curriculum,a,plural_reverse_first,singular_to_plural+reverse+first_letter
phenomenon,a,plural_reverse_first,singular_to_plural+reverse+first_letter
criterion,a,plural_reverse_first,singular_to_plural+reverse+first_letter
analysis,s,plural_reverse_first,singular_to_plural+reverse+first_letter
basis,s,plural_reverse_first,singular_to_plural+reverse+first_letter
crisis,s,plural_reverse_first,singular_to_plural+reverse+first_letter
thesis,s,plural_reverse_first,singular_to_plural+reverse+first_letter
oasis,s,plural_reverse_first,singular_to_plural+reverse+first_letter
axis,s,plural_reverse_first,singular_to_plural+reverse+first_letter
parenthesis,s,plural_reverse_first,singular_to_plural+reverse+first_letter
hello,RUOJNOB,translate_eng_fr_upper_reverse,translate_eng_fr+uppercase+reverse
goodbye,RIOVER UA,translate_eng_fr_upper_reverse,translate_eng_fr+uppercase+reverse
thank you,ICREM,translate_eng_fr_upper_reverse,translate_eng_fr+uppercase+reverse
please,TÎALP SUOV LI'S,translate_eng_fr_upper_reverse,translate_eng_fr+uppercase+reverse
yes,IUO,translate_eng_fr_upper_reverse,translate_eng_fr+uppercase+reverse
no,NON,translate_eng_fr_upper_reverse,translate_eng_fr+uppercase+reverse
water,UAE,translate_eng_fr_upper_reverse,translate_eng_fr+uppercase+reverse
house,NOSIAM,translate_eng_fr_upper_reverse,translate_eng_fr+uppercase+reverse
cat,TAHC,translate_eng_fr_upper_reverse,translate_eng_fr+uppercase+reverse
dog,NEIHC,translate_eng_fr_upper_reverse,translate_eng_fr+uppercase+reverse
good morning,RUOJNOB,translate_eng_fr_upper_reverse,translate_eng_fr+uppercase+reverse
good evening,RIOSNOB,translate_eng_fr_upper_reverse,translate_eng_fr+uppercase+reverse
good night,TIUN ENNOB,translate_eng_fr_upper_reverse,translate_eng_fr+uppercase+reverse
how are you,SUOV-ZELLA TNEMMOC,translate_eng_fr_upper_reverse,translate_eng_fr+uppercase+reverse
I love you,EMIA'T EJ,translate_eng_fr_upper_reverse,translate_eng_fr+uppercase+reverse
friend,IMA,translate_eng_fr_upper_reverse,translate_eng_fr+uppercase+reverse
family,ELLIMAF,translate_eng_fr_upper_reverse,translate_eng_fr+uppercase+reverse
food,ERUTIRRUON,translate_eng_fr_upper_reverse,translate_eng_fr+uppercase+reverse
book,ERVIL,translate_eng_fr_upper_reverse,translate_eng_fr+uppercase+reverse
car,ERUTIOV,translate_eng_fr_upper_reverse,translate_eng_fr+uppercase+reverse
tree,ERBRA,translate_eng_fr_upper_reverse,translate_eng_fr+uppercase+reverse
flower,RUELF,translate_eng_fr_upper_reverse,translate_eng_fr+uppercase+reverse
sun,LIELOS,translate_eng_fr_upper_reverse,translate_eng_fr+uppercase+reverse
moon,ENUL,translate_eng_fr_upper_reverse,translate_eng_fr+uppercase+reverse
star,ELIOTÉ,translate_eng_fr_upper_reverse,translate_eng_fr+uppercase+reverse
bread,NIAP,translate_eng_fr_upper_reverse,translate_eng_fr+uppercase+reverse
cheese,EGAMORF,translate_eng_fr_upper_reverse,translate_eng_fr+uppercase+reverse
wine,NIV,translate_eng_fr_upper_reverse,translate_eng_fr+uppercase+reverse
coffee,ÉFAC,translate_eng_fr_upper_reverse,translate_eng_fr+uppercase+reverse
tea,ÉHT,translate_eng_fr_upper_reverse,translate_eng_fr+uppercase+reverse
milk,TIAL,translate_eng_fr_upper_reverse,translate_eng_fr+uppercase+reverse
sugar,ERCUS,translate_eng_fr_upper_reverse,translate_eng_fr+uppercase+reverse
salt,LES,translate_eng_fr_upper_reverse,translate_eng_fr+uppercase+reverse
pepper,ERVIOP,translate_eng_fr_upper_reverse,translate_eng_fr+uppercase+reverse
table,ELBAT,translate_eng_fr_upper_reverse,translate_eng_fr+uppercase+reverse
chair,ESIAHC,translate_eng_fr_upper_reverse,translate_eng_fr+uppercase+reverse
door,ETROP,translate_eng_fr_upper_reverse,translate_eng_fr+uppercase+reverse
window,ERTÊNEF,translate_eng_fr_upper_reverse,translate_eng_fr+uppercase+reverse
street,EUR,translate_eng_fr_upper_reverse,translate_eng_fr+uppercase+reverse
city,ELLIV,translate_eng_fr_upper_reverse,translate_eng_fr+uppercase+reverse
country,SYAP,translate_eng_fr_upper_reverse,translate_eng_fr+uppercase+reverse
world,EDNOM,translate_eng_fr_upper_reverse,translate_eng_fr+uppercase+reverse
time,SPMET,translate_eng_fr_upper_reverse,translate_eng_fr+uppercase+reverse
day,RUOJ,translate_eng_fr_upper_reverse,translate_eng_fr+uppercase+reverse
night,TIUN,translate_eng_fr_upper_reverse,translate_eng_fr+uppercase+reverse
week,ENIAMES,translate_eng_fr_upper_reverse,translate_eng_fr+uppercase+reverse
month,SIOM,translate_eng_fr_upper_reverse,translate_eng_fr+uppercase+reverse
year,NA,translate_eng_fr_upper_reverse,translate_eng_fr+uppercase+reverse
today,IUH'DRUOJUA,translate_eng_fr_upper_reverse,translate_eng_fr+uppercase+reverse
tomorrow,NIAMED,translate_eng_fr_upper_reverse,translate_eng_fr+uppercase+reverse
yesterday,REIH,translate_eng_fr_upper_reverse,translate_eng_fr+uppercase+reverse
school,ELOCÉ,translate_eng_fr_upper_reverse,translate_eng_fr+uppercase+reverse
student,TNAIDUTÉ,translate_eng_fr_upper_reverse,translate_eng_fr+uppercase+reverse
teacher,RUESSEFORP,translate_eng_fr_upper_reverse,translate_eng_fr+uppercase+reverse
horse,LAVEHC,translate_eng_fr_upper_reverse,translate_eng_fr+uppercase+reverse
letter,ERTTEL,translate_eng_fr_upper_reverse,translate_eng_fr+uppercase+reverse
word,TOM,translate_eng_fr_upper_reverse,translate_eng_fr+uppercase+reverse
sentence,ESARHP,translate_eng_fr_upper_reverse,translate_eng_fr+uppercase+reverse
page,EGAP,translate_eng_fr_upper_reverse,translate_eng_fr+uppercase+reverse
music,EUQISUM,translate_eng_fr_upper_reverse,translate_eng_fr+uppercase+reverse
song,NOSNAHC,translate_eng_fr_upper_reverse,translate_eng_fr+uppercase+reverse
game,UEJ,translate_eng_fr_upper_reverse,translate_eng_fr+uppercase+reverse
sport,TROPS,translate_eng_fr_upper_reverse,translate_eng_fr+uppercase+reverse
ball,ELLAB,translate_eng_fr_upper_reverse,translate_eng_fr+uppercase+reverse
hand,NIAM,translate_eng_fr_upper_reverse,translate_eng_fr+uppercase+reverse
head,ETÊT,translate_eng_fr_upper_reverse,translate_eng_fr+uppercase+reverse
eye,LIŒ,translate_eng_fr_upper_reverse,translate_eng_fr+uppercase+reverse
ear,ELLIERO,translate_eng_fr_upper_reverse,translate_eng_fr+uppercase+reverse
nose,ZEN,translate_eng_fr_upper_reverse,translate_eng_fr+uppercase+reverse
mouth,EHCUOB,translate_eng_fr_upper_reverse,translate_eng_fr+uppercase+reverse
heart,RUŒC,translate_eng_fr_upper_reverse,translate_eng_fr+uppercase+reverse
brain,UAEVREC,translate_eng_fr_upper_reverse,translate_eng_fr+uppercase+reverse
body,SPROC,translate_eng_fr_upper_reverse,translate_eng_fr+uppercase+reverse
red,EGUOR,translate_eng_fr_upper_reverse,translate_eng_fr+uppercase+reverse
blue,UELB,translate_eng_fr_upper_reverse,translate_eng_fr+uppercase+reverse
green,TREV,translate_eng_fr_upper_reverse,translate_eng_fr+uppercase+reverse
yellow,ENUAJ,translate_eng_fr_upper_reverse,translate_eng_fr+uppercase+reverse
black,RION,translate_eng_fr_upper_reverse,translate_eng_fr+uppercase+reverse
white,CNALB,translate_eng_fr_upper_reverse,translate_eng_fr+uppercase+reverse
purple,TELOIV,translate_eng_fr_upper_reverse,translate_eng_fr+uppercase+reverse
pink,ESOR,translate_eng_fr_upper_reverse,translate_eng_fr+uppercase+reverse
gray,SIRG,translate_eng_fr_upper_reverse,translate_eng_fr+uppercase+reverse
brown,NORRAM,translate_eng_fr_upper_reverse,translate_eng_fr+uppercase+reverse
big,DNARG,translate_eng_fr_upper_reverse,translate_eng_fr+uppercase+reverse
small,TITEP,translate_eng_fr_upper_reverse,translate_eng_fr+uppercase+reverse
hot,DUAHC,translate_eng_fr_upper_reverse,translate_eng_fr+uppercase+reverse
cold,DIORF,translate_eng_fr_upper_reverse,translate_eng_fr+uppercase+reverse
new,UAEVUON,translate_eng_fr_upper_reverse,translate_eng_fr+uppercase+reverse
old,XUEIV,translate_eng_fr_upper_reverse,translate_eng_fr+uppercase+reverse
good,NOB,translate_eng_fr_upper_reverse,translate_eng_fr+uppercase+reverse
bad,SIAVUAM,translate_eng_fr_upper_reverse,translate_eng_fr+uppercase+reverse
happy,XUERUEH,translate_eng_fr_upper_reverse,translate_eng_fr+uppercase+reverse
sad,ETSIRT,translate_eng_fr_upper_reverse,translate_eng_fr+uppercase+reverse
fast,EDIPAR,translate_eng_fr_upper_reverse,translate_eng_fr+uppercase+reverse
slow,TNEL,translate_eng_fr_upper_reverse,translate_eng_fr+uppercase+reverse
strong,TROF,translate_eng_fr_upper_reverse,translate_eng_fr+uppercase+reverse
weak,ELBIAF,translate_eng_fr_upper_reverse,translate_eng_fr+uppercase+reverse
beautiful,UAEB,translate_eng_fr_upper_reverse,translate_eng_fr+uppercase+reverse
ugly,DIAL,translate_eng_fr_upper_reverse,translate_eng_fr+uppercase+reverse
young,ENUEJ,translate_eng_fr_upper_reverse,translate_eng_fr+uppercase+reverse
rich,EHCIR,translate_eng_fr_upper_reverse,translate_eng_fr+uppercase+reverse
poor,ERVUAP,translate_eng_fr_upper_reverse,translate_eng_fr+uppercase+reverse
clean,ERPORP,translate_eng_fr_upper_reverse,translate_eng_fr+uppercase+reverse
dirty,ELAS,translate_eng_fr_upper_reverse,translate_eng_fr+uppercase+reverse
easy,ELICAF,translate_eng_fr_upper_reverse,translate_eng_fr+uppercase+reverse
difficult,ELICIFFID,translate_eng_fr_upper_reverse,translate_eng_fr+uppercase+reverse
long,GNOL,translate_eng_fr_upper_reverse,translate_eng_fr+uppercase+reverse
short,TRUOC,translate_eng_fr_upper_reverse,translate_eng_fr+uppercase+reverse
high,TUAH,translate_eng_fr_upper_reverse,translate_eng_fr+uppercase+reverse
low,SAB,translate_eng_fr_upper_reverse,translate_eng_fr+uppercase+reverse
wide,EGRAL,translate_eng_fr_upper_reverse,translate_eng_fr+uppercase+reverse
narrow,TIORTÉ,translate_eng_fr_upper_reverse,translate_eng_fr+uppercase+reverse
heavy,DRUOL,translate_eng_fr_upper_reverse,translate_eng_fr+uppercase+reverse
light,REGÉL,translate_eng_fr_upper_reverse,translate_eng_fr+uppercase+reverse
full,NIELP,translate_eng_fr_upper_reverse,translate_eng_fr+uppercase+reverse
empty,EDIV,translate_eng_fr_upper_reverse,translate_eng_fr+uppercase+reverse
right,TIORD,translate_eng_fr_upper_reverse,translate_eng_fr+uppercase+reverse
left,EHCUAG,translate_eng_fr_upper_reverse,translate_eng_fr+uppercase+reverse
up,TUAH,translate_eng_fr_upper_reverse,translate_eng_fr+uppercase+reverse
down,SAB,translate_eng_fr_upper_reverse,translate_eng_fr+uppercase+reverse
inside,SNADED,translate_eng_fr_upper_reverse,translate_eng_fr+uppercase+reverse
outside,SROHED,translate_eng_fr_upper_reverse,translate_eng_fr+uppercase+reverse
front,TNAVED,translate_eng_fr_upper_reverse,translate_eng_fr+uppercase+reverse
back,ERÈIRRED,translate_eng_fr_upper_reverse,translate_eng_fr+uppercase+reverse
near,SÈRP,translate_eng_fr_upper_reverse,translate_eng_fr+uppercase+reverse
far,NIOL,translate_eng_fr_upper_reverse,translate_eng_fr+uppercase+reverse
first,REIMERP,translate_eng_fr_upper_reverse,translate_eng_fr+uppercase+reverse
last,REINRED,translate_eng_fr_upper_reverse,translate_eng_fr+uppercase+reverse
open,TREVUO,translate_eng_fr_upper_reverse,translate_eng_fr+uppercase+reverse
closed,ÉMREF,translate_eng_fr_upper_reverse,translate_eng_fr+uppercase+reverse
one,NU,translate_eng_fr_upper_reverse,translate_eng_fr+uppercase+reverse
two,XUED,translate_eng_fr_upper_reverse,translate_eng_fr+uppercase+reverse
three,SIORT,translate_eng_fr_upper_reverse,translate_eng_fr+uppercase+reverse
four,ERTAUQ,translate_eng_fr_upper_reverse,translate_eng_fr+uppercase+reverse
five,QNIC,translate_eng_fr_upper_reverse,translate_eng_fr+uppercase+reverse
six,XIS,translate_eng_fr_upper_reverse,translate_eng_fr+uppercase+reverse
seven,TPES,translate_eng_fr_upper_reverse,translate_eng_fr+uppercase+reverse
eight,TIUH,translate_eng_fr_upper_reverse,translate_eng_fr+uppercase+reverse
nine,FUEN,translate_eng_fr_upper_reverse,translate_eng_fr+uppercase+reverse
ten,XID,translate_eng_fr_upper_reverse,translate_eng_fr+uppercase+reverse
hundred,TNEC,translate_eng_fr_upper_reverse,translate_eng_fr+uppercase+reverse
thousand,ELLIM,translate_eng_fr_upper_reverse,translate_eng_fr+uppercase+reverse
brother,ERÈRF,translate_eng_fr_upper_reverse,translate_eng_fr+uppercase+reverse
sister,RUŒS,translate_eng_fr_upper_reverse,translate_eng_fr+uppercase+reverse
father,ERÈP,translate_eng_fr_upper_reverse,translate_eng_fr+uppercase+reverse
mother,ERÈM,translate_eng_fr_upper_reverse,translate_eng_fr+uppercase+reverse
son,SLIF,translate_eng_fr_upper_reverse,translate_eng_fr+uppercase+reverse
daughter,ELLIF,translate_eng_fr_upper_reverse,translate_eng_fr+uppercase+reverse
husband,IRAM,translate_eng_fr_upper_reverse,translate_eng_fr+uppercase+reverse
wife,EMMEF,translate_eng_fr_upper_reverse,translate_eng_fr+uppercase+reverse
grandfather,ERÈP-DNARG,translate_eng_fr_upper_reverse,translate_eng_fr+uppercase+reverse
grandmother,ERÈM-DNARG,translate_eng_fr_upper_reverse,translate_eng_fr+uppercase+reverse
uncle,ELCNO,translate_eng_fr_upper_reverse,translate_eng_fr+uppercase+reverse
aunt,ETNAT,translate_eng_fr_upper_reverse,translate_eng_fr+uppercase+reverse
cousin,NISUOC,translate_eng_fr_upper_reverse,translate_eng_fr+uppercase+reverse
king,IOR,translate_eng_fr_upper_reverse,translate_eng_fr+uppercase+reverse
queen,ENIER,translate_eng_fr_upper_reverse,translate_eng_fr+uppercase+reverse
prince,ECNIRP,translate_eng_fr_upper_reverse,translate_eng_fr+uppercase+reverse
princess,ESSECNIRP,translate_eng_fr_upper_reverse,translate_eng_fr+uppercase+reverse
man,EMMOH,translate_eng_fr_upper_reverse,translate_eng_fr+uppercase+reverse
woman,EMMEF,translate_eng_fr_upper_reverse,translate_eng_fr+uppercase+reverse
boy,NOÇRAG,translate_eng_fr_upper_reverse,translate_eng_fr+uppercase+reverse
girl,ELLIF,translate_eng_fr_upper_reverse,translate_eng_fr+uppercase+reverse
baby,ÉBÉB,translate_eng_fr_upper_reverse,translate_eng_fr+uppercase+reverse
doctor,NICEDÉM,translate_eng_fr_upper_reverse,translate_eng_fr+uppercase+reverse
nurse,ERÈIMRIFNI,translate_eng_fr_upper_reverse,translate_eng_fr+uppercase+reverse
lawyer,TACOVA,translate_eng_fr_upper_reverse,translate_eng_fr+uppercase+reverse
police,ECILOP,translate_eng_fr_upper_reverse,translate_eng_fr+uppercase+reverse
soldier,TADLOS,translate_eng_fr_upper_reverse,translate_eng_fr+uppercase+reverse
farmer,REIMREF,translate_eng_fr_upper_reverse,translate_eng_fr+uppercase+reverse
worker,REIRVUO,translate_eng_fr_upper_reverse,translate_eng_fr+uppercase+reverse
artist,ETSITRA,translate_eng_fr_upper_reverse,translate_eng_fr+uppercase+reverse
musician,NEICISUM,translate_eng_fr_upper_reverse,translate_eng_fr+uppercase+reverse
